ISO-10303-21;
HEADER;
/* Generated by software containing ST-Developer
 * from STEP Tools, Inc. (www.steptools.com) 
 */
/* OPTION: using custom renumber hook */

FILE_DESCRIPTION(
/* description */ ('STEP AP242 Edition 2',
'CAx-IF Rec.Pracs.---Representation and Presentation of Product Manufa
cturing Information (PMI)---4.0---2014-10-13',
'CAx-IF Rec.Pracs.---3D Tessellated Geometry---0.4---2014-09-14','2;1',
'CAx-IF Rec.Pracs.---User Defined Attributes---1.5---2016-08-15'),
/* implementation_level */ '2;1');

FILE_NAME(
/* name */ '6a063ff935b2d160bb6ad218',
/* time_stamp */ '2026-05-14T21:34:50Z',
/* author */ (''),
/* organization */ (''),
/* preprocessor_version */ 'ST-DEVELOPER v20',
/* originating_system */ 'ONSHAPE BY PTC INC, 1.214',
/* authorisation */ '  ');

FILE_SCHEMA (('AP242_MANAGED_MODEL_BASED_3D_ENGINEERING_MIM_LF { 1 0 10303 442 3 1 4 }'));
ENDSEC;

DATA;
#10=ELLIPSE('',#5267,0.000989949493661166,0.0007);
#11=ELLIPSE('',#5325,0.000989949493661166,0.0007);
#12=CONTEXT_DEPENDENT_SHAPE_REPRESENTATION(#40,#8961);
#13=CONTEXT_DEPENDENT_SHAPE_REPRESENTATION(#41,#8963);
#14=CONTEXT_DEPENDENT_SHAPE_REPRESENTATION(#42,#8965);
#15=CONTEXT_DEPENDENT_SHAPE_REPRESENTATION(#43,#8967);
#16=CONTEXT_DEPENDENT_SHAPE_REPRESENTATION(#44,#8968);
#17=CONTEXT_DEPENDENT_SHAPE_REPRESENTATION(#45,#8970);
#18=CONTEXT_DEPENDENT_SHAPE_REPRESENTATION(#46,#8972);
#19=CONTEXT_DEPENDENT_SHAPE_REPRESENTATION(#47,#8974);
#20=CONTEXT_DEPENDENT_SHAPE_REPRESENTATION(#48,#8976);
#21=CONTEXT_DEPENDENT_SHAPE_REPRESENTATION(#49,#8978);
#22=CONTEXT_DEPENDENT_SHAPE_REPRESENTATION(#50,#8980);
#23=CONTEXT_DEPENDENT_SHAPE_REPRESENTATION(#51,#8981);
#24=CONTEXT_DEPENDENT_SHAPE_REPRESENTATION(#52,#8983);
#25=CONTEXT_DEPENDENT_SHAPE_REPRESENTATION(#53,#8985);
#26=NEXT_ASSEMBLY_USAGE_OCCURRENCE('NAUO1','Part 1','Part 1',#8986,#8987,
'');
#27=NEXT_ASSEMBLY_USAGE_OCCURRENCE('NAUO2','5','5',#8986,#8988,'');
#28=NEXT_ASSEMBLY_USAGE_OCCURRENCE('NAUO3','Part 1','Part 1',#8986,#8989,
'');
#29=NEXT_ASSEMBLY_USAGE_OCCURRENCE('NAUO4','Part 1','Part 1',#8986,#8990,
'');
#30=NEXT_ASSEMBLY_USAGE_OCCURRENCE('NAUO5','Part 1','Part 1',#8986,#8990,
'');
#31=NEXT_ASSEMBLY_USAGE_OCCURRENCE('NAUO6','Part 1','Part 1',#8986,#8991,
'');
#32=NEXT_ASSEMBLY_USAGE_OCCURRENCE('NAUO7','2','2',#8986,#8992,'');
#33=NEXT_ASSEMBLY_USAGE_OCCURRENCE('NAUO8','Part 2','Part 2',#8986,#8993,
'');
#34=NEXT_ASSEMBLY_USAGE_OCCURRENCE('NAUO9','4','4',#8986,#8994,'');
#35=NEXT_ASSEMBLY_USAGE_OCCURRENCE('NAUO10','Part 1','Part 1',#8986,#8995,
'');
#36=NEXT_ASSEMBLY_USAGE_OCCURRENCE('NAUO11','3','3',#8986,#8996,'');
#37=NEXT_ASSEMBLY_USAGE_OCCURRENCE('NAUO12','Part 1','Part 1',#8986,#8995,
'');
#38=NEXT_ASSEMBLY_USAGE_OCCURRENCE('NAUO13','1','1',#8986,#8997,'');
#39=NEXT_ASSEMBLY_USAGE_OCCURRENCE('NAUO14','Part 1','Part 1',#8986,#8998,
'');
#40=(
REPRESENTATION_RELATIONSHIP(' ',' ',#5136,#5135)
REPRESENTATION_RELATIONSHIP_WITH_TRANSFORMATION(#54)
SHAPE_REPRESENTATION_RELATIONSHIP()
);
#41=(
REPRESENTATION_RELATIONSHIP(' ',' ',#5137,#5135)
REPRESENTATION_RELATIONSHIP_WITH_TRANSFORMATION(#55)
SHAPE_REPRESENTATION_RELATIONSHIP()
);
#42=(
REPRESENTATION_RELATIONSHIP(' ',' ',#5138,#5135)
REPRESENTATION_RELATIONSHIP_WITH_TRANSFORMATION(#56)
SHAPE_REPRESENTATION_RELATIONSHIP()
);
#43=(
REPRESENTATION_RELATIONSHIP(' ',' ',#5139,#5135)
REPRESENTATION_RELATIONSHIP_WITH_TRANSFORMATION(#57)
SHAPE_REPRESENTATION_RELATIONSHIP()
);
#44=(
REPRESENTATION_RELATIONSHIP(' ',' ',#5139,#5135)
REPRESENTATION_RELATIONSHIP_WITH_TRANSFORMATION(#58)
SHAPE_REPRESENTATION_RELATIONSHIP()
);
#45=(
REPRESENTATION_RELATIONSHIP(' ',' ',#5140,#5135)
REPRESENTATION_RELATIONSHIP_WITH_TRANSFORMATION(#59)
SHAPE_REPRESENTATION_RELATIONSHIP()
);
#46=(
REPRESENTATION_RELATIONSHIP(' ',' ',#5141,#5135)
REPRESENTATION_RELATIONSHIP_WITH_TRANSFORMATION(#60)
SHAPE_REPRESENTATION_RELATIONSHIP()
);
#47=(
REPRESENTATION_RELATIONSHIP(' ',' ',#5142,#5135)
REPRESENTATION_RELATIONSHIP_WITH_TRANSFORMATION(#61)
SHAPE_REPRESENTATION_RELATIONSHIP()
);
#48=(
REPRESENTATION_RELATIONSHIP(' ',' ',#5143,#5135)
REPRESENTATION_RELATIONSHIP_WITH_TRANSFORMATION(#62)
SHAPE_REPRESENTATION_RELATIONSHIP()
);
#49=(
REPRESENTATION_RELATIONSHIP(' ',' ',#5144,#5135)
REPRESENTATION_RELATIONSHIP_WITH_TRANSFORMATION(#63)
SHAPE_REPRESENTATION_RELATIONSHIP()
);
#50=(
REPRESENTATION_RELATIONSHIP(' ',' ',#5145,#5135)
REPRESENTATION_RELATIONSHIP_WITH_TRANSFORMATION(#64)
SHAPE_REPRESENTATION_RELATIONSHIP()
);
#51=(
REPRESENTATION_RELATIONSHIP(' ',' ',#5144,#5135)
REPRESENTATION_RELATIONSHIP_WITH_TRANSFORMATION(#65)
SHAPE_REPRESENTATION_RELATIONSHIP()
);
#52=(
REPRESENTATION_RELATIONSHIP(' ',' ',#5146,#5135)
REPRESENTATION_RELATIONSHIP_WITH_TRANSFORMATION(#66)
SHAPE_REPRESENTATION_RELATIONSHIP()
);
#53=(
REPRESENTATION_RELATIONSHIP(' ',' ',#5147,#5135)
REPRESENTATION_RELATIONSHIP_WITH_TRANSFORMATION(#67)
SHAPE_REPRESENTATION_RELATIONSHIP()
);
#54=ITEM_DEFINED_TRANSFORMATION(' ',' ',#5148,#5190);
#55=ITEM_DEFINED_TRANSFORMATION(' ',' ',#5148,#5197);
#56=ITEM_DEFINED_TRANSFORMATION(' ',' ',#5148,#5231);
#57=ITEM_DEFINED_TRANSFORMATION(' ',' ',#5148,#5256);
#58=ITEM_DEFINED_TRANSFORMATION(' ',' ',#5148,#5257);
#59=ITEM_DEFINED_TRANSFORMATION(' ',' ',#5148,#5357);
#60=ITEM_DEFINED_TRANSFORMATION(' ',' ',#5148,#5385);
#61=ITEM_DEFINED_TRANSFORMATION(' ',' ',#5148,#5427);
#62=ITEM_DEFINED_TRANSFORMATION(' ',' ',#5148,#5449);
#63=ITEM_DEFINED_TRANSFORMATION(' ',' ',#5148,#5474);
#64=ITEM_DEFINED_TRANSFORMATION(' ',' ',#5148,#5492);
#65=ITEM_DEFINED_TRANSFORMATION(' ',' ',#5148,#5493);
#66=ITEM_DEFINED_TRANSFORMATION(' ',' ',#5148,#5520);
#67=ITEM_DEFINED_TRANSFORMATION(' ',' ',#5148,#5547);
#68=SHAPE_REPRESENTATION_RELATIONSHIP('','',#5136,#80);
#69=SHAPE_REPRESENTATION_RELATIONSHIP('','',#5137,#81);
#70=SHAPE_REPRESENTATION_RELATIONSHIP('','',#5138,#82);
#71=SHAPE_REPRESENTATION_RELATIONSHIP('','',#5139,#83);
#72=SHAPE_REPRESENTATION_RELATIONSHIP('','',#5140,#84);
#73=SHAPE_REPRESENTATION_RELATIONSHIP('','',#5141,#85);
#74=SHAPE_REPRESENTATION_RELATIONSHIP('','',#5142,#86);
#75=SHAPE_REPRESENTATION_RELATIONSHIP('','',#5143,#87);
#76=SHAPE_REPRESENTATION_RELATIONSHIP('','',#5144,#88);
#77=SHAPE_REPRESENTATION_RELATIONSHIP('','',#5145,#89);
#78=SHAPE_REPRESENTATION_RELATIONSHIP('','',#5146,#90);
#79=SHAPE_REPRESENTATION_RELATIONSHIP('','',#5147,#91);
#80=ADVANCED_BREP_SHAPE_REPRESENTATION('',(#5110),#8931);
#81=ADVANCED_BREP_SHAPE_REPRESENTATION('',(#5111),#8932);
#82=ADVANCED_BREP_SHAPE_REPRESENTATION('',(#5112),#8933);
#83=ADVANCED_BREP_SHAPE_REPRESENTATION('',(#5113),#8934);
#84=ADVANCED_BREP_SHAPE_REPRESENTATION('',(#5114),#8935);
#85=ADVANCED_BREP_SHAPE_REPRESENTATION('',(#5115),#8936);
#86=ADVANCED_BREP_SHAPE_REPRESENTATION('',(#5116),#8937);
#87=ADVANCED_BREP_SHAPE_REPRESENTATION('',(#5117),#8938);
#88=ADVANCED_BREP_SHAPE_REPRESENTATION('',(#5118),#8939);
#89=ADVANCED_BREP_SHAPE_REPRESENTATION('',(#5119),#8940);
#90=ADVANCED_BREP_SHAPE_REPRESENTATION('',(#5120),#8941);
#91=ADVANCED_BREP_SHAPE_REPRESENTATION('',(#5121),#8942);
#92=B_SPLINE_SURFACE_WITH_KNOTS('',3,1,((#6942,#6943),(#6944,#6945),(#6946,
#6947),(#6948,#6949),(#6950,#6951)),.SURF_OF_LINEAR_EXTRUSION.,.F.,.F.,
 .F.,(4,1,4),(2,2),(-2.79844784350626E-17,0.500000000000001,1.),(0.,1.),
 .UNSPECIFIED.);
#93=B_SPLINE_SURFACE_WITH_KNOTS('',3,1,((#6952,#6953),(#6954,#6955),(#6956,
#6957),(#6958,#6959),(#6960,#6961)),.SURF_OF_LINEAR_EXTRUSION.,.F.,.F.,
 .F.,(4,1,4),(2,2),(5.15961727823447E-17,0.500000000000001,1.),(0.,1.),
 .UNSPECIFIED.);
#94=B_SPLINE_SURFACE_WITH_KNOTS('',3,3,((#7265,#7266,#7267,#7268,#7269,
#7270,#7271,#7272,#7273,#7274,#7275,#7276,#7277,#7278,#7279,#7280,#7281,
#7282,#7283),(#7284,#7285,#7286,#7287,#7288,#7289,#7290,#7291,#7292,#7293,
#7294,#7295,#7296,#7297,#7298,#7299,#7300,#7301,#7302),(#7303,#7304,#7305,
#7306,#7307,#7308,#7309,#7310,#7311,#7312,#7313,#7314,#7315,#7316,#7317,
#7318,#7319,#7320,#7321),(#7322,#7323,#7324,#7325,#7326,#7327,#7328,#7329,
#7330,#7331,#7332,#7333,#7334,#7335,#7336,#7337,#7338,#7339,#7340)),
 .UNSPECIFIED.,.F.,.T.,.F.,(4,4),(1,1,1,1,1,1,1,1,1,1,1,1,1,1,1,1,1,1,1,
1,1,1,1),(-0.00600001536221884,1.),(-1.17809724509617,-0.785398163397448,
-0.392699081698725,0.,0.392699081698724,0.785398163397448,1.17809724509617,
1.5707963267949,1.96349540849362,2.35619449019234,2.74889357189107,3.14159265358979,
3.53429173528852,3.92699081698724,4.31968989868597,4.71238898038469,5.10508806208341,
5.49778714378214,5.89048622548086,6.28318530717959,6.67588438887831,7.06858347057703,
7.46128255227576),.UNSPECIFIED.);
#95=B_SPLINE_SURFACE_WITH_KNOTS('',3,3,((#7369,#7370,#7371,#7372,#7373,
#7374,#7375,#7376,#7377,#7378,#7379,#7380,#7381,#7382,#7383,#7384,#7385,
#7386,#7387),(#7388,#7389,#7390,#7391,#7392,#7393,#7394,#7395,#7396,#7397,
#7398,#7399,#7400,#7401,#7402,#7403,#7404,#7405,#7406),(#7407,#7408,#7409,
#7410,#7411,#7412,#7413,#7414,#7415,#7416,#7417,#7418,#7419,#7420,#7421,
#7422,#7423,#7424,#7425),(#7426,#7427,#7428,#7429,#7430,#7431,#7432,#7433,
#7434,#7435,#7436,#7437,#7438,#7439,#7440,#7441,#7442,#7443,#7444)),
 .UNSPECIFIED.,.F.,.T.,.F.,(4,4),(1,1,1,1,1,1,1,1,1,1,1,1,1,1,1,1,1,1,1,
1,1,1,1),(0.,1.00600001536222),(-1.17809724509617,-0.785398163397448,-0.392699081698725,
0.,0.392699081698724,0.785398163397448,1.17809724509617,1.5707963267949,
1.96349540849362,2.35619449019234,2.74889357189107,3.14159265358979,3.53429173528852,
3.92699081698724,4.31968989868597,4.71238898038469,5.10508806208341,5.49778714378214,
5.89048622548086,6.28318530717959,6.67588438887831,7.06858347057703,7.46128255227576),
 .UNSPECIFIED.);
#96=B_SPLINE_SURFACE_WITH_KNOTS('',3,1,((#7478,#7479),(#7480,#7481),(#7482,
#7483),(#7484,#7485),(#7486,#7487)),.SURF_OF_LINEAR_EXTRUSION.,.F.,.F.,
 .F.,(4,1,4),(2,2),(1.14426473247703E-6,0.49999986183916,0.999998579413587),
(0.,1.),.UNSPECIFIED.);
#97=B_SPLINE_SURFACE_WITH_KNOTS('',3,1,((#7505,#7506),(#7507,#7508),(#7509,
#7510),(#7511,#7512),(#7513,#7514)),.SURF_OF_LINEAR_EXTRUSION.,.F.,.F.,
 .F.,(4,1,4),(2,2),(1.14426473312146E-6,0.49999986183916,0.999998579413587),
(0.,1.),.UNSPECIFIED.);
#98=B_SPLINE_SURFACE_WITH_KNOTS('',3,1,((#7526,#7527),(#7528,#7529),(#7530,
#7531),(#7532,#7533),(#7534,#7535),(#7536,#7537)),
 .SURF_OF_LINEAR_EXTRUSION.,.F.,.F.,.F.,(4,1,1,4),(2,2),(3.18817611458972E-8,
0.499999948910632,0.749999907425068,0.999999865939503),(0.,1.),
 .UNSPECIFIED.);
#99=B_SPLINE_SURFACE_WITH_KNOTS('',3,1,((#8184,#8185),(#8186,#8187),(#8188,
#8189),(#8190,#8191),(#8192,#8193)),.SURF_OF_LINEAR_EXTRUSION.,.F.,.F.,
 .F.,(4,1,4),(2,2),(-1.01215980629289E-16,0.500000000000001,1.),(0.,1.),
 .UNSPECIFIED.);
#100=B_SPLINE_SURFACE_WITH_KNOTS('',3,1,((#8194,#8195),(#8196,#8197),(#8198,
#8199),(#8200,#8201),(#8202,#8203)),.SURF_OF_LINEAR_EXTRUSION.,.F.,.F.,
 .F.,(4,1,4),(2,2),(5.15961727820263E-17,0.500000000000001,1.),(0.,1.),
 .UNSPECIFIED.);
#101=B_SPLINE_SURFACE_WITH_KNOTS('',3,3,((#8399,#8400,#8401,#8402,#8403,
#8404,#8405,#8406,#8407,#8408,#8409,#8410,#8411,#8412,#8413,#8414,#8415,
#8416,#8417),(#8418,#8419,#8420,#8421,#8422,#8423,#8424,#8425,#8426,#8427,
#8428,#8429,#8430,#8431,#8432,#8433,#8434,#8435,#8436),(#8437,#8438,#8439,
#8440,#8441,#8442,#8443,#8444,#8445,#8446,#8447,#8448,#8449,#8450,#8451,
#8452,#8453,#8454,#8455),(#8456,#8457,#8458,#8459,#8460,#8461,#8462,#8463,
#8464,#8465,#8466,#8467,#8468,#8469,#8470,#8471,#8472,#8473,#8474)),
 .UNSPECIFIED.,.F.,.T.,.F.,(4,4),(1,1,1,1,1,1,1,1,1,1,1,1,1,1,1,1,1,1,1,
1,1,1,1),(-0.00600207279461102,1.),(-1.17809724509617,-0.785398163397448,
-0.392699081698725,0.,0.392699081698724,0.785398163397448,1.17809724509617,
1.5707963267949,1.96349540849362,2.35619449019234,2.74889357189107,3.14159265358979,
3.53429173528852,3.92699081698724,4.31968989868597,4.71238898038469,5.10508806208341,
5.49778714378214,5.89048622548086,6.28318530717959,6.67588438887831,7.06858347057703,
7.46128255227576),.UNSPECIFIED.);
#102=B_SPLINE_SURFACE_WITH_KNOTS('',3,3,((#8559,#8560,#8561,#8562,#8563,
#8564,#8565,#8566,#8567,#8568,#8569,#8570,#8571,#8572,#8573,#8574,#8575,
#8576,#8577),(#8578,#8579,#8580,#8581,#8582,#8583,#8584,#8585,#8586,#8587,
#8588,#8589,#8590,#8591,#8592,#8593,#8594,#8595,#8596),(#8597,#8598,#8599,
#8600,#8601,#8602,#8603,#8604,#8605,#8606,#8607,#8608,#8609,#8610,#8611,
#8612,#8613,#8614,#8615),(#8616,#8617,#8618,#8619,#8620,#8621,#8622,#8623,
#8624,#8625,#8626,#8627,#8628,#8629,#8630,#8631,#8632,#8633,#8634)),
 .UNSPECIFIED.,.F.,.T.,.F.,(4,4),(1,1,1,1,1,1,1,1,1,1,1,1,1,1,1,1,1,1,1,
1,1,1,1),(0.,1.00600207264856),(-1.17809724509617,-0.785398163397448,-0.392699081698725,
0.,0.392699081698724,0.785398163397448,1.17809724509617,1.5707963267949,
1.96349540849362,2.35619449019234,2.74889357189107,3.14159265358979,3.53429173528852,
3.92699081698724,4.31968989868597,4.71238898038469,5.10508806208341,5.49778714378214,
5.89048622548086,6.28318530717959,6.67588438887831,7.06858347057703,7.46128255227576),
 .UNSPECIFIED.);
#103=CONICAL_SURFACE('',#5187,0.000803589838486225,0.523598775598299);
#104=CONICAL_SURFACE('',#5188,0.000825,0.785398163397449);
#105=CONICAL_SURFACE('',#5189,0.001325,0.785398163397449);
#106=CONICAL_SURFACE('',#5226,0.0003,0.785398163397448);
#107=CONICAL_SURFACE('',#5227,0.0003,0.785398163397448);
#108=CONICAL_SURFACE('',#5313,0.0007,0.785398163397448);
#109=CONICAL_SURFACE('',#5314,0.0007,0.785398163397448);
#110=CONICAL_SURFACE('',#5330,0.00075,0.785398163397448);
#111=CONICAL_SURFACE('',#5331,0.00075,0.785398163397448);
#112=CONICAL_SURFACE('',#5424,0.000803589838486225,0.523598775598299);
#113=CONICAL_SURFACE('',#5425,0.000825,0.785398163397449);
#114=CONICAL_SURFACE('',#5426,0.001325,0.785398163397449);
#115=PLANE('',#5157);
#116=PLANE('',#5159);
#117=PLANE('',#5161);
#118=PLANE('',#5164);
#119=PLANE('',#5165);
#120=PLANE('',#5168);
#121=PLANE('',#5170);
#122=PLANE('',#5171);
#123=PLANE('',#5173);
#124=PLANE('',#5177);
#125=PLANE('',#5184);
#126=PLANE('',#5186);
#127=PLANE('',#5191);
#128=PLANE('',#5192);
#129=PLANE('',#5193);
#130=PLANE('',#5194);
#131=PLANE('',#5195);
#132=PLANE('',#5196);
#133=PLANE('',#5198);
#134=PLANE('',#5199);
#135=PLANE('',#5203);
#136=PLANE('',#5204);
#137=PLANE('',#5205);
#138=PLANE('',#5206);
#139=PLANE('',#5207);
#140=PLANE('',#5212);
#141=PLANE('',#5213);
#142=PLANE('',#5214);
#143=PLANE('',#5215);
#144=PLANE('',#5218);
#145=PLANE('',#5220);
#146=PLANE('',#5222);
#147=PLANE('',#5224);
#148=PLANE('',#5228);
#149=PLANE('',#5229);
#150=PLANE('',#5230);
#151=PLANE('',#5232);
#152=PLANE('',#5233);
#153=PLANE('',#5234);
#154=PLANE('',#5235);
#155=PLANE('',#5236);
#156=PLANE('',#5237);
#157=PLANE('',#5239);
#158=PLANE('',#5240);
#159=PLANE('',#5241);
#160=PLANE('',#5242);
#161=PLANE('',#5243);
#162=PLANE('',#5244);
#163=PLANE('',#5246);
#164=PLANE('',#5247);
#165=PLANE('',#5249);
#166=PLANE('',#5250);
#167=PLANE('',#5251);
#168=PLANE('',#5252);
#169=PLANE('',#5254);
#170=PLANE('',#5255);
#171=PLANE('',#5258);
#172=PLANE('',#5259);
#173=PLANE('',#5260);
#174=PLANE('',#5262);
#175=PLANE('',#5263);
#176=PLANE('',#5264);
#177=PLANE('',#5266);
#178=PLANE('',#5268);
#179=PLANE('',#5269);
#180=PLANE('',#5270);
#181=PLANE('',#5271);
#182=PLANE('',#5274);
#183=PLANE('',#5275);
#184=PLANE('',#5278);
#185=PLANE('',#5279);
#186=PLANE('',#5280);
#187=PLANE('',#5281);
#188=PLANE('',#5282);
#189=PLANE('',#5283);
#190=PLANE('',#5284);
#191=PLANE('',#5285);
#192=PLANE('',#5286);
#193=PLANE('',#5287);
#194=PLANE('',#5288);
#195=PLANE('',#5289);
#196=PLANE('',#5290);
#197=PLANE('',#5291);
#198=PLANE('',#5292);
#199=PLANE('',#5294);
#200=PLANE('',#5301);
#201=PLANE('',#5305);
#202=PLANE('',#5306);
#203=PLANE('',#5315);
#204=PLANE('',#5316);
#205=PLANE('',#5318);
#206=PLANE('',#5319);
#207=PLANE('',#5320);
#208=PLANE('',#5322);
#209=PLANE('',#5324);
#210=PLANE('',#5332);
#211=PLANE('',#5333);
#212=PLANE('',#5334);
#213=PLANE('',#5335);
#214=PLANE('',#5336);
#215=PLANE('',#5337);
#216=PLANE('',#5338);
#217=PLANE('',#5339);
#218=PLANE('',#5340);
#219=PLANE('',#5341);
#220=PLANE('',#5342);
#221=PLANE('',#5343);
#222=PLANE('',#5344);
#223=PLANE('',#5345);
#224=PLANE('',#5346);
#225=PLANE('',#5347);
#226=PLANE('',#5348);
#227=PLANE('',#5349);
#228=PLANE('',#5350);
#229=PLANE('',#5351);
#230=PLANE('',#5352);
#231=PLANE('',#5353);
#232=PLANE('',#5354);
#233=PLANE('',#5355);
#234=PLANE('',#5356);
#235=PLANE('',#5358);
#236=PLANE('',#5361);
#237=PLANE('',#5364);
#238=PLANE('',#5365);
#239=PLANE('',#5366);
#240=PLANE('',#5367);
#241=PLANE('',#5369);
#242=PLANE('',#5370);
#243=PLANE('',#5371);
#244=PLANE('',#5372);
#245=PLANE('',#5373);
#246=PLANE('',#5375);
#247=PLANE('',#5376);
#248=PLANE('',#5377);
#249=PLANE('',#5379);
#250=PLANE('',#5394);
#251=PLANE('',#5396);
#252=PLANE('',#5398);
#253=PLANE('',#5401);
#254=PLANE('',#5402);
#255=PLANE('',#5405);
#256=PLANE('',#5407);
#257=PLANE('',#5408);
#258=PLANE('',#5410);
#259=PLANE('',#5414);
#260=PLANE('',#5421);
#261=PLANE('',#5423);
#262=PLANE('',#5428);
#263=PLANE('',#5429);
#264=PLANE('',#5435);
#265=PLANE('',#5436);
#266=PLANE('',#5437);
#267=PLANE('',#5438);
#268=PLANE('',#5454);
#269=PLANE('',#5455);
#270=PLANE('',#5456);
#271=PLANE('',#5457);
#272=PLANE('',#5459);
#273=PLANE('',#5460);
#274=PLANE('',#5462);
#275=PLANE('',#5463);
#276=PLANE('',#5465);
#277=PLANE('',#5466);
#278=PLANE('',#5468);
#279=PLANE('',#5469);
#280=PLANE('',#5471);
#281=PLANE('',#5472);
#282=PLANE('',#5475);
#283=PLANE('',#5477);
#284=PLANE('',#5480);
#285=PLANE('',#5483);
#286=PLANE('',#5486);
#287=PLANE('',#5494);
#288=PLANE('',#5495);
#289=PLANE('',#5496);
#290=PLANE('',#5497);
#291=PLANE('',#5498);
#292=PLANE('',#5499);
#293=PLANE('',#5504);
#294=PLANE('',#5505);
#295=PLANE('',#5506);
#296=PLANE('',#5507);
#297=PLANE('',#5508);
#298=PLANE('',#5513);
#299=PLANE('',#5514);
#300=PLANE('',#5515);
#301=PLANE('',#5524);
#302=PLANE('',#5528);
#303=PLANE('',#5529);
#304=PLANE('',#5531);
#305=PLANE('',#5535);
#306=PLANE('',#5539);
#307=PLANE('',#5542);
#308=PLANE('',#5546);
#309=B_SPLINE_CURVE_WITH_KNOTS('',3,(#6803,#6804,#6805,#6806,#6807,#6808,
#6809,#6810,#6811,#6812,#6813),.UNSPECIFIED.,.F.,.F.,(4,1,1,1,1,1,1,1,4),
(6.12201162173349E-5,0.000806455286055509,0.00155169045589368,0.00229692562573186,
0.00304216079557003,0.0037873959654082,0.00453263113524638,0.00527786630508455,
0.00602310147492272),.UNSPECIFIED.);
#310=B_SPLINE_CURVE_WITH_KNOTS('',3,(#6845,#6846,#6847,#6848,#6849,#6850,
#6851),.UNSPECIFIED.,.F.,.F.,(4,1,1,1,4),(0.,0.25,0.5,0.75,1.),
 .UNSPECIFIED.);
#311=B_SPLINE_CURVE_WITH_KNOTS('',3,(#6856,#6857,#6858,#6859,#6860,#6861,
#6862),.UNSPECIFIED.,.F.,.F.,(4,1,1,1,4),(0.,0.25,0.5,0.75,1.),
 .UNSPECIFIED.);
#312=B_SPLINE_CURVE_WITH_KNOTS('',3,(#6867,#6868,#6869,#6870),
 .UNSPECIFIED.,.F.,.F.,(4,4),(0.,1.),.UNSPECIFIED.);
#313=B_SPLINE_CURVE_WITH_KNOTS('',3,(#6871,#6872,#6873,#6874),
 .UNSPECIFIED.,.F.,.F.,(4,4),(0.,1.),.UNSPECIFIED.);
#314=B_SPLINE_CURVE_WITH_KNOTS('',3,(#6886,#6887,#6888,#6889,#6890,#6891,
#6892),.UNSPECIFIED.,.F.,.F.,(4,1,1,1,4),(0.,0.25,0.5,0.75,1.),
 .UNSPECIFIED.);
#315=B_SPLINE_CURVE_WITH_KNOTS('',3,(#6893,#6894,#6895,#6896,#6897,#6898,
#6899),.UNSPECIFIED.,.F.,.F.,(4,1,1,1,4),(0.,0.25,0.5,0.75,1.),
 .UNSPECIFIED.);
#316=B_SPLINE_CURVE_WITH_KNOTS('',3,(#6903,#6904,#6905,#6906),
 .UNSPECIFIED.,.F.,.F.,(4,4),(0.,1.),.UNSPECIFIED.);
#317=B_SPLINE_CURVE_WITH_KNOTS('',3,(#6909,#6910,#6911,#6912),
 .UNSPECIFIED.,.F.,.F.,(4,4),(0.,1.),.UNSPECIFIED.);
#318=B_SPLINE_CURVE_WITH_KNOTS('',3,(#7131,#7132,#7133,#7134,#7135,#7136,
#7137,#7138,#7139,#7140,#7141),.UNSPECIFIED.,.T.,.F.,(1,1,1,1,1,1,1,1,1,
1,1,1,1,1,1),(-0.375,-0.25,-0.125,0.,0.125,0.25,0.375,0.5,0.625,0.75,0.875,
1.,1.125,1.25,1.375),.UNSPECIFIED.);
#319=B_SPLINE_CURVE_WITH_KNOTS('',3,(#7143,#7144,#7145,#7146,#7147,#7148,
#7149,#7150,#7151,#7152,#7153),.UNSPECIFIED.,.T.,.F.,(1,1,1,1,1,1,1,1,1,
1,1,1,1,1,1),(-0.375,-0.25,-0.125,0.,0.125,0.25,0.375,0.5,0.625,0.75,0.875,
1.,1.125,1.25,1.375),.UNSPECIFIED.);
#320=B_SPLINE_CURVE_WITH_KNOTS('',3,(#7159,#7160,#7161,#7162),
 .UNSPECIFIED.,.F.,.F.,(4,4),(0.399563022519353,0.433793817407744),
 .UNSPECIFIED.);
#321=B_SPLINE_CURVE_WITH_KNOTS('',3,(#7168,#7169,#7170,#7171),
 .UNSPECIFIED.,.F.,.F.,(4,4),(0.566227271705919,0.60046675096579),
 .UNSPECIFIED.);
#322=B_SPLINE_CURVE_WITH_KNOTS('',3,(#7177,#7178,#7179,#7180),
 .UNSPECIFIED.,.F.,.F.,(4,4),(0.73301015703473,0.767015954126592),
 .UNSPECIFIED.);
#323=B_SPLINE_CURVE_WITH_KNOTS('',3,(#7186,#7187,#7188,#7189),
 .UNSPECIFIED.,.F.,.F.,(4,4),(0.899563022519316,0.933793817407729),
 .UNSPECIFIED.);
#324=B_SPLINE_CURVE_WITH_KNOTS('',3,(#7195,#7196,#7197,#7198),
 .UNSPECIFIED.,.F.,.F.,(4,4),(0.066227271706085,0.10046675122667),
 .UNSPECIFIED.);
#325=B_SPLINE_CURVE_WITH_KNOTS('',3,(#7204,#7205,#7206,#7207),
 .UNSPECIFIED.,.F.,.F.,(4,4),(0.233010157034779,0.267015954371129),
 .UNSPECIFIED.);
#326=B_SPLINE_CURVE_WITH_KNOTS('',3,(#7211,#7212,#7213,#7214),
 .UNSPECIFIED.,.F.,.F.,(4,4),(0.566209981452547,0.600466565622452),
 .UNSPECIFIED.);
#327=B_SPLINE_CURVE_WITH_KNOTS('',3,(#7221,#7222,#7223,#7224),
 .UNSPECIFIED.,.F.,.F.,(4,4),(0.732998863127071,0.767016036968023),
 .UNSPECIFIED.);
#328=B_SPLINE_CURVE_WITH_KNOTS('',3,(#7230,#7231,#7232,#7233),
 .UNSPECIFIED.,.F.,.F.,(4,4),(0.899551797129784,0.933793750791351),
 .UNSPECIFIED.);
#329=B_SPLINE_CURVE_WITH_KNOTS('',3,(#7239,#7240,#7241,#7242),
 .UNSPECIFIED.,.F.,.F.,(4,4),(0.0662099814527064,0.100466565648145),
 .UNSPECIFIED.);
#330=B_SPLINE_CURVE_WITH_KNOTS('',3,(#7248,#7249,#7250,#7251),
 .UNSPECIFIED.,.F.,.F.,(4,4),(0.232998863127029,0.267016036986872),
 .UNSPECIFIED.);
#331=B_SPLINE_CURVE_WITH_KNOTS('',3,(#7257,#7258,#7259,#7260),
 .UNSPECIFIED.,.F.,.F.,(4,4),(0.399551797611999,0.433793746809425),
 .UNSPECIFIED.);
#332=B_SPLINE_CURVE_WITH_KNOTS('',3,(#7341,#7342,#7343,#7344,#7345,#7346),
 .UNSPECIFIED.,.F.,.F.,(4,1,1,4),(6.28342572824175E-8,0.500000031417129,
0.750000015708564,1.),.UNSPECIFIED.);
#333=B_SPLINE_CURVE_WITH_KNOTS('',3,(#7347,#7348,#7349,#7350),
 .UNSPECIFIED.,.F.,.F.,(4,4),(1.25233935003854E-7,1.),.UNSPECIFIED.);
#334=B_SPLINE_CURVE_WITH_KNOTS('',3,(#7351,#7352,#7353,#7354,#7355),
 .UNSPECIFIED.,.F.,.F.,(4,1,4),(0.,0.5,1.),.UNSPECIFIED.);
#335=B_SPLINE_CURVE_WITH_KNOTS('',3,(#7356,#7357,#7358,#7359),
 .UNSPECIFIED.,.F.,.F.,(4,4),(0.,1.),.UNSPECIFIED.);
#336=B_SPLINE_CURVE_WITH_KNOTS('',3,(#7360,#7361,#7362,#7363),
 .UNSPECIFIED.,.F.,.F.,(4,4),(1.25243768406369E-7,1.),.UNSPECIFIED.);
#337=B_SPLINE_CURVE_WITH_KNOTS('',3,(#7364,#7365,#7366,#7367,#7368),
 .UNSPECIFIED.,.F.,.F.,(4,1,4),(0.,0.5,1.),.UNSPECIFIED.);
#338=B_SPLINE_CURVE_WITH_KNOTS('',3,(#7445,#7446,#7447,#7448,#7449,#7450),
 .UNSPECIFIED.,.F.,.F.,(4,1,1,4),(0.,0.25,0.5,1.),.UNSPECIFIED.);
#339=B_SPLINE_CURVE_WITH_KNOTS('',3,(#7451,#7452,#7453,#7454,#7455),
 .UNSPECIFIED.,.F.,.F.,(4,1,4),(0.,0.5,1.),.UNSPECIFIED.);
#340=B_SPLINE_CURVE_WITH_KNOTS('',3,(#7456,#7457,#7458,#7459),
 .UNSPECIFIED.,.F.,.F.,(4,4),(0.,1.),.UNSPECIFIED.);
#341=B_SPLINE_CURVE_WITH_KNOTS('',3,(#7460,#7461,#7462,#7463),
 .UNSPECIFIED.,.F.,.F.,(4,4),(0.,1.),.UNSPECIFIED.);
#342=B_SPLINE_CURVE_WITH_KNOTS('',3,(#7464,#7465,#7466,#7467,#7468),
 .UNSPECIFIED.,.F.,.F.,(4,1,4),(0.,0.5,1.),.UNSPECIFIED.);
#343=B_SPLINE_CURVE_WITH_KNOTS('',3,(#7469,#7470,#7471,#7472),
 .UNSPECIFIED.,.F.,.F.,(4,4),(0.,1.),.UNSPECIFIED.);
#344=B_SPLINE_CURVE_WITH_KNOTS('',3,(#8053,#8054,#8055,#8056,#8057,#8058,
#8059,#8060,#8061,#8062,#8063),.UNSPECIFIED.,.F.,.F.,(4,1,1,1,1,1,1,1,4),
(6.12201162173349E-5,0.000806455286055509,0.00155169045589368,0.00229692562573186,
0.00304216079557003,0.0037873959654082,0.00453263113524638,0.00527786630508455,
0.00602310147492272),.UNSPECIFIED.);
#345=B_SPLINE_CURVE_WITH_KNOTS('',3,(#8087,#8088,#8089,#8090,#8091,#8092,
#8093),.UNSPECIFIED.,.F.,.F.,(4,1,1,1,4),(0.,0.25,0.5,0.75,1.),
 .UNSPECIFIED.);
#346=B_SPLINE_CURVE_WITH_KNOTS('',3,(#8098,#8099,#8100,#8101,#8102,#8103,
#8104),.UNSPECIFIED.,.F.,.F.,(4,1,1,1,4),(0.,0.25,0.5,0.75,1.),
 .UNSPECIFIED.);
#347=B_SPLINE_CURVE_WITH_KNOTS('',3,(#8109,#8110,#8111,#8112),
 .UNSPECIFIED.,.F.,.F.,(4,4),(0.,1.),.UNSPECIFIED.);
#348=B_SPLINE_CURVE_WITH_KNOTS('',3,(#8113,#8114,#8115,#8116),
 .UNSPECIFIED.,.F.,.F.,(4,4),(0.,1.),.UNSPECIFIED.);
#349=B_SPLINE_CURVE_WITH_KNOTS('',3,(#8130,#8131,#8132,#8133,#8134,#8135,
#8136),.UNSPECIFIED.,.F.,.F.,(4,1,1,1,4),(0.,0.25,0.5,0.75,1.),
 .UNSPECIFIED.);
#350=B_SPLINE_CURVE_WITH_KNOTS('',3,(#8137,#8138,#8139,#8140,#8141,#8142,
#8143),.UNSPECIFIED.,.F.,.F.,(4,1,1,1,4),(0.,0.25,0.5,0.75,1.),
 .UNSPECIFIED.);
#351=B_SPLINE_CURVE_WITH_KNOTS('',3,(#8146,#8147,#8148,#8149),
 .UNSPECIFIED.,.F.,.F.,(4,4),(0.,1.),.UNSPECIFIED.);
#352=B_SPLINE_CURVE_WITH_KNOTS('',3,(#8151,#8152,#8153,#8154),
 .UNSPECIFIED.,.F.,.F.,(4,4),(0.,1.),.UNSPECIFIED.);
#353=B_SPLINE_CURVE_WITH_KNOTS('',3,(#8265,#8266,#8267,#8268,#8269,#8270,
#8271,#8272,#8273,#8274,#8275),.UNSPECIFIED.,.T.,.F.,(1,1,1,1,1,1,1,1,1,
1,1,1,1,1,1),(-0.375,-0.25,-0.125,0.,0.125,0.25,0.375,0.5,0.625,0.75,0.875,
1.,1.125,1.25,1.375),.UNSPECIFIED.);
#354=B_SPLINE_CURVE_WITH_KNOTS('',3,(#8277,#8278,#8279,#8280,#8281,#8282,
#8283,#8284,#8285,#8286,#8287),.UNSPECIFIED.,.T.,.F.,(1,1,1,1,1,1,1,1,1,
1,1,1,1,1,1),(-0.375,-0.25,-0.125,0.,0.125,0.25,0.375,0.5,0.625,0.75,0.875,
1.,1.125,1.25,1.375),.UNSPECIFIED.);
#355=B_SPLINE_CURVE_WITH_KNOTS('',3,(#8293,#8294,#8295,#8296),
 .UNSPECIFIED.,.F.,.F.,(4,4),(0.389780807699904,0.443431125128861),
 .UNSPECIFIED.);
#356=B_SPLINE_CURVE_WITH_KNOTS('',3,(#8302,#8303,#8304,#8305),
 .UNSPECIFIED.,.F.,.F.,(4,4),(0.556576883440515,0.61023683969781),
 .UNSPECIFIED.);
#357=B_SPLINE_CURVE_WITH_KNOTS('',3,(#8311,#8312,#8313,#8314),
 .UNSPECIFIED.,.F.,.F.,(4,4),(0.72322549911178,0.776798240275841),
 .UNSPECIFIED.);
#358=B_SPLINE_CURVE_WITH_KNOTS('',3,(#8320,#8321,#8322,#8323),
 .UNSPECIFIED.,.F.,.F.,(4,4),(0.889780807669135,0.943429010557428),
 .UNSPECIFIED.);
#359=B_SPLINE_CURVE_WITH_KNOTS('',3,(#8329,#8330,#8331,#8332),
 .UNSPECIFIED.,.F.,.F.,(4,4),(0.0565747737605188,0.110236812998662),
 .UNSPECIFIED.);
#360=B_SPLINE_CURVE_WITH_KNOTS('',3,(#8338,#8339,#8340,#8341),
 .UNSPECIFIED.,.F.,.F.,(4,4),(0.22322549913634,0.276798212330708),
 .UNSPECIFIED.);
#361=B_SPLINE_CURVE_WITH_KNOTS('',3,(#8345,#8346,#8347,#8348),
 .UNSPECIFIED.,.F.,.F.,(4,4),(0.556576596285799,0.61023682031486),
 .UNSPECIFIED.);
#362=B_SPLINE_CURVE_WITH_KNOTS('',3,(#8355,#8356,#8357,#8358),
 .UNSPECIFIED.,.F.,.F.,(4,4),(0.7232255093631,0.776798231048963),
 .UNSPECIFIED.);
#363=B_SPLINE_CURVE_WITH_KNOTS('',3,(#8364,#8365,#8366,#8367),
 .UNSPECIFIED.,.F.,.F.,(4,4),(0.889780799758928,0.943429000355049),
 .UNSPECIFIED.);
#364=B_SPLINE_CURVE_WITH_KNOTS('',3,(#8373,#8374,#8375,#8376),
 .UNSPECIFIED.,.F.,.F.,(4,4),(0.0565744920354066,0.110236820310667),
 .UNSPECIFIED.);
#365=B_SPLINE_CURVE_WITH_KNOTS('',3,(#8382,#8383,#8384,#8385),
 .UNSPECIFIED.,.F.,.F.,(4,4),(0.223225509363051,0.276798231036189),
 .UNSPECIFIED.);
#366=B_SPLINE_CURVE_WITH_KNOTS('',3,(#8391,#8392,#8393,#8394),
 .UNSPECIFIED.,.F.,.F.,(4,4),(0.389780799758947,0.443431115005051),
 .UNSPECIFIED.);
#367=B_SPLINE_CURVE_WITH_KNOTS('',3,(#8475,#8476,#8477,#8478),
 .UNSPECIFIED.,.F.,.F.,(4,4),(0.,0.00104267305804728),.UNSPECIFIED.);
#368=B_SPLINE_CURVE_WITH_KNOTS('',3,(#8480,#8481,#8482,#8483),
 .UNSPECIFIED.,.F.,.F.,(4,4),(0.,0.00475059847102908),.UNSPECIFIED.);
#369=B_SPLINE_CURVE_WITH_KNOTS('',3,(#8485,#8486,#8487,#8488),
 .UNSPECIFIED.,.F.,.F.,(4,4),(6.16918362474569E-7,0.00104212063694812),
 .UNSPECIFIED.);
#370=B_SPLINE_CURVE_WITH_KNOTS('',3,(#8489,#8490,#8491,#8492),
 .UNSPECIFIED.,.F.,.F.,(4,4),(0.,0.00104254919696919),.UNSPECIFIED.);
#371=B_SPLINE_CURVE_WITH_KNOTS('',3,(#8494,#8495,#8496,#8497),
 .UNSPECIFIED.,.F.,.F.,(4,4),(0.,0.00475059849568858),.UNSPECIFIED.);
#372=B_SPLINE_CURVE_WITH_KNOTS('',3,(#8499,#8500,#8501,#8502),
 .UNSPECIFIED.,.F.,.F.,(4,4),(3.1778216156464E-7,0.00104198480841942),
 .UNSPECIFIED.);
#373=B_SPLINE_CURVE_WITH_KNOTS('',3,(#8503,#8504,#8505,#8506),
 .UNSPECIFIED.,.F.,.F.,(4,4),(0.,0.0010428037837336),.UNSPECIFIED.);
#374=B_SPLINE_CURVE_WITH_KNOTS('',3,(#8508,#8509,#8510,#8511),
 .UNSPECIFIED.,.F.,.F.,(4,4),(0.,0.00475059847585915),.UNSPECIFIED.);
#375=B_SPLINE_CURVE_WITH_KNOTS('',3,(#8513,#8514,#8515,#8516),
 .UNSPECIFIED.,.F.,.F.,(4,4),(8.70708274817859E-8,0.00104183687578865),
 .UNSPECIFIED.);
#376=B_SPLINE_CURVE_WITH_KNOTS('',3,(#8517,#8518,#8519,#8520),
 .UNSPECIFIED.,.F.,.F.,(4,4),(0.,0.00104267306183132),.UNSPECIFIED.);
#377=B_SPLINE_CURVE_WITH_KNOTS('',3,(#8522,#8523,#8524,#8525),
 .UNSPECIFIED.,.F.,.F.,(4,4),(0.,0.00475059847102908),.UNSPECIFIED.);
#378=B_SPLINE_CURVE_WITH_KNOTS('',3,(#8527,#8528,#8529,#8530),
 .UNSPECIFIED.,.F.,.F.,(4,4),(6.1664569095723E-7,0.00104212063093085),
 .UNSPECIFIED.);
#379=B_SPLINE_CURVE_WITH_KNOTS('',3,(#8531,#8532,#8533,#8534),
 .UNSPECIFIED.,.F.,.F.,(4,4),(0.,0.0010425492000043),.UNSPECIFIED.);
#380=B_SPLINE_CURVE_WITH_KNOTS('',3,(#8536,#8537,#8538,#8539),
 .UNSPECIFIED.,.F.,.F.,(4,4),(0.,0.00475059849568857),.UNSPECIFIED.);
#381=B_SPLINE_CURVE_WITH_KNOTS('',3,(#8541,#8542,#8543,#8544),
 .UNSPECIFIED.,.F.,.F.,(4,4),(3.17492831143168E-7,0.00104198480091714),
 .UNSPECIFIED.);
#382=B_SPLINE_CURVE_WITH_KNOTS('',3,(#8545,#8546,#8547,#8548),
 .UNSPECIFIED.,.F.,.F.,(4,4),(0.,0.00104271755236881),.UNSPECIFIED.);
#383=B_SPLINE_CURVE_WITH_KNOTS('',3,(#8550,#8551,#8552,#8553),
 .UNSPECIFIED.,.F.,.F.,(4,4),(0.,0.00475059847585914),.UNSPECIFIED.);
#384=B_SPLINE_CURVE_WITH_KNOTS('',3,(#8555,#8556,#8557,#8558),
 .UNSPECIFIED.,.F.,.F.,(4,4),(8.58320101701229E-8,0.00104183690888705),
 .UNSPECIFIED.);
#385=B_SPLINE_CURVE_WITH_KNOTS('',3,(#8635,#8636,#8637,#8638),
 .UNSPECIFIED.,.F.,.F.,(4,4),(1.58745916050952E-7,0.00104198480091715),
 .UNSPECIFIED.);
#386=B_SPLINE_CURVE_WITH_KNOTS('',3,(#8640,#8641,#8642,#8643),
 .UNSPECIFIED.,.F.,.F.,(4,4),(0.,0.0010426036184972),.UNSPECIFIED.);
#387=B_SPLINE_CURVE_WITH_KNOTS('',3,(#8645,#8646,#8647,#8648),
 .UNSPECIFIED.,.F.,.F.,(4,4),(0.,0.00475059847585915),.UNSPECIFIED.);
#388=B_SPLINE_CURVE_WITH_KNOTS('',3,(#8650,#8651,#8652,#8653),
 .UNSPECIFIED.,.F.,.F.,(4,4),(4.29792925076037E-8,0.00104183690888705),
 .UNSPECIFIED.);
#389=B_SPLINE_CURVE_WITH_KNOTS('',3,(#8654,#8655,#8656,#8657),
 .UNSPECIFIED.,.F.,.F.,(4,4),(0.,0.00104284753792171),.UNSPECIFIED.);
#390=B_SPLINE_CURVE_WITH_KNOTS('',3,(#8659,#8660,#8661,#8662),
 .UNSPECIFIED.,.F.,.F.,(4,4),(0.,0.00475059847102909),.UNSPECIFIED.);
#391=B_SPLINE_CURVE_WITH_KNOTS('',3,(#8664,#8665,#8666,#8667),
 .UNSPECIFIED.,.F.,.F.,(4,4),(3.08433088775731E-7,0.00104212063694812),
 .UNSPECIFIED.);
#392=B_SPLINE_CURVE_WITH_KNOTS('',3,(#8668,#8669,#8670,#8671),
 .UNSPECIFIED.,.F.,.F.,(4,4),(0.,0.00104285348613909),.UNSPECIFIED.);
#393=B_SPLINE_CURVE_WITH_KNOTS('',3,(#8673,#8674,#8675,#8676),
 .UNSPECIFIED.,.F.,.F.,(4,4),(0.,0.00475059849568857),.UNSPECIFIED.);
#394=B_SPLINE_CURVE_WITH_KNOTS('',3,(#8678,#8679,#8680,#8681),
 .UNSPECIFIED.,.F.,.F.,(4,4),(1.58749683635147E-7,0.00104198480841932),
 .UNSPECIFIED.);
#395=B_SPLINE_CURVE_WITH_KNOTS('',3,(#8682,#8683,#8684,#8685),
 .UNSPECIFIED.,.F.,.F.,(4,4),(0.,0.00104283966839128),.UNSPECIFIED.);
#396=B_SPLINE_CURVE_WITH_KNOTS('',3,(#8687,#8688,#8689,#8690),
 .UNSPECIFIED.,.F.,.F.,(4,4),(0.,0.00475059847585915),.UNSPECIFIED.);
#397=B_SPLINE_CURVE_WITH_KNOTS('',3,(#8692,#8693,#8694,#8695),
 .UNSPECIFIED.,.F.,.F.,(4,4),(4.35984968285168E-8,0.00104183687578859),
 .UNSPECIFIED.);
#398=B_SPLINE_CURVE_WITH_KNOTS('',3,(#8696,#8697,#8698,#8699),
 .UNSPECIFIED.,.F.,.F.,(4,4),(0.,0.0010428475417059),.UNSPECIFIED.);
#399=B_SPLINE_CURVE_WITH_KNOTS('',3,(#8701,#8702,#8703,#8704),
 .UNSPECIFIED.,.F.,.F.,(4,4),(0.,0.0047505984710291),.UNSPECIFIED.);
#400=B_SPLINE_CURVE_WITH_KNOTS('',3,(#8706,#8707,#8708,#8709),
 .UNSPECIFIED.,.F.,.F.,(4,4),(3.08430030558065E-7,0.00104212063093076),
 .UNSPECIFIED.);
#401=B_SPLINE_CURVE_WITH_KNOTS('',3,(#8710,#8711,#8712,#8713),
 .UNSPECIFIED.,.F.,.F.,(4,4),(0.,0.00104285348917408),.UNSPECIFIED.);
#402=B_SPLINE_CURVE_WITH_KNOTS('',3,(#8715,#8716,#8717,#8718),
 .UNSPECIFIED.,.F.,.F.,(4,4),(0.,0.00475059849568856),.UNSPECIFIED.);
#403=LINE('',#6800,#849);
#404=LINE('',#6815,#850);
#405=LINE('',#6819,#851);
#406=LINE('',#6837,#852);
#407=LINE('',#6841,#853);
#408=LINE('',#6842,#854);
#409=LINE('',#6853,#855);
#410=LINE('',#6854,#856);
#411=LINE('',#6864,#857);
#412=LINE('',#6876,#858);
#413=LINE('',#6881,#859);
#414=LINE('',#6884,#860);
#415=LINE('',#6901,#861);
#416=LINE('',#6914,#862);
#417=LINE('',#6915,#863);
#418=LINE('',#6917,#864);
#419=LINE('',#6919,#865);
#420=LINE('',#6964,#866);
#421=LINE('',#6967,#867);
#422=LINE('',#6969,#868);
#423=LINE('',#6971,#869);
#424=LINE('',#6973,#870);
#425=LINE('',#6976,#871);
#426=LINE('',#6978,#872);
#427=LINE('',#6980,#873);
#428=LINE('',#6982,#874);
#429=LINE('',#6983,#875);
#430=LINE('',#6985,#876);
#431=LINE('',#6987,#877);
#432=LINE('',#6991,#878);
#433=LINE('',#6994,#879);
#434=LINE('',#6996,#880);
#435=LINE('',#6998,#881);
#436=LINE('',#7000,#882);
#437=LINE('',#7002,#883);
#438=LINE('',#7008,#884);
#439=LINE('',#7011,#885);
#440=LINE('',#7013,#886);
#441=LINE('',#7015,#887);
#442=LINE('',#7017,#888);
#443=LINE('',#7019,#889);
#444=LINE('',#7021,#890);
#445=LINE('',#7023,#891);
#446=LINE('',#7027,#892);
#447=LINE('',#7030,#893);
#448=LINE('',#7031,#894);
#449=LINE('',#7033,#895);
#450=LINE('',#7035,#896);
#451=LINE('',#7037,#897);
#452=LINE('',#7039,#898);
#453=LINE('',#7041,#899);
#454=LINE('',#7042,#900);
#455=LINE('',#7044,#901);
#456=LINE('',#7045,#902);
#457=LINE('',#7047,#903);
#458=LINE('',#7050,#904);
#459=LINE('',#7051,#905);
#460=LINE('',#7052,#906);
#461=LINE('',#7054,#907);
#462=LINE('',#7056,#908);
#463=LINE('',#7058,#909);
#464=LINE('',#7059,#910);
#465=LINE('',#7060,#911);
#466=LINE('',#7089,#912);
#467=LINE('',#7090,#913);
#468=LINE('',#7095,#914);
#469=LINE('',#7098,#915);
#470=LINE('',#7100,#916);
#471=LINE('',#7102,#917);
#472=LINE('',#7104,#918);
#473=LINE('',#7106,#919);
#474=LINE('',#7108,#920);
#475=LINE('',#7110,#921);
#476=LINE('',#7112,#922);
#477=LINE('',#7114,#923);
#478=LINE('',#7116,#924);
#479=LINE('',#7118,#925);
#480=LINE('',#7120,#926);
#481=LINE('',#7122,#927);
#482=LINE('',#7124,#928);
#483=LINE('',#7126,#929);
#484=LINE('',#7128,#930);
#485=LINE('',#7129,#931);
#486=LINE('',#7156,#932);
#487=LINE('',#7164,#933);
#488=LINE('',#7166,#934);
#489=LINE('',#7173,#935);
#490=LINE('',#7175,#936);
#491=LINE('',#7182,#937);
#492=LINE('',#7184,#938);
#493=LINE('',#7191,#939);
#494=LINE('',#7193,#940);
#495=LINE('',#7200,#941);
#496=LINE('',#7202,#942);
#497=LINE('',#7209,#943);
#498=LINE('',#7217,#944);
#499=LINE('',#7219,#945);
#500=LINE('',#7226,#946);
#501=LINE('',#7228,#947);
#502=LINE('',#7235,#948);
#503=LINE('',#7237,#949);
#504=LINE('',#7244,#950);
#505=LINE('',#7246,#951);
#506=LINE('',#7253,#952);
#507=LINE('',#7255,#953);
#508=LINE('',#7262,#954);
#509=LINE('',#7264,#955);
#510=LINE('',#7474,#956);
#511=LINE('',#7475,#957);
#512=LINE('',#7477,#958);
#513=LINE('',#7489,#959);
#514=LINE('',#7490,#960);
#515=LINE('',#7492,#961);
#516=LINE('',#7495,#962);
#517=LINE('',#7496,#963);
#518=LINE('',#7498,#964);
#519=LINE('',#7501,#965);
#520=LINE('',#7502,#966);
#521=LINE('',#7504,#967);
#522=LINE('',#7516,#968);
#523=LINE('',#7517,#969);
#524=LINE('',#7519,#970);
#525=LINE('',#7522,#971);
#526=LINE('',#7523,#972);
#527=LINE('',#7525,#973);
#528=LINE('',#7541,#974);
#529=LINE('',#7544,#975);
#530=LINE('',#7546,#976);
#531=LINE('',#7548,#977);
#532=LINE('',#7549,#978);
#533=LINE('',#7552,#979);
#534=LINE('',#7554,#980);
#535=LINE('',#7556,#981);
#536=LINE('',#7558,#982);
#537=LINE('',#7561,#983);
#538=LINE('',#7563,#984);
#539=LINE('',#7565,#985);
#540=LINE('',#7567,#986);
#541=LINE('',#7571,#987);
#542=LINE('',#7574,#988);
#543=LINE('',#7576,#989);
#544=LINE('',#7578,#990);
#545=LINE('',#7580,#991);
#546=LINE('',#7583,#992);
#547=LINE('',#7584,#993);
#548=LINE('',#7586,#994);
#549=LINE('',#7589,#995);
#550=LINE('',#7591,#996);
#551=LINE('',#7593,#997);
#552=LINE('',#7597,#998);
#553=LINE('',#7600,#999);
#554=LINE('',#7601,#1000);
#555=LINE('',#7605,#1001);
#556=LINE('',#7608,#1002);
#557=LINE('',#7610,#1003);
#558=LINE('',#7611,#1004);
#559=LINE('',#7613,#1005);
#560=LINE('',#7615,#1006);
#561=LINE('',#7617,#1007);
#562=LINE('',#7619,#1008);
#563=LINE('',#7621,#1009);
#564=LINE('',#7623,#1010);
#565=LINE('',#7625,#1011);
#566=LINE('',#7627,#1012);
#567=LINE('',#7630,#1013);
#568=LINE('',#7632,#1014);
#569=LINE('',#7634,#1015);
#570=LINE('',#7636,#1016);
#571=LINE('',#7639,#1017);
#572=LINE('',#7641,#1018);
#573=LINE('',#7643,#1019);
#574=LINE('',#7644,#1020);
#575=LINE('',#7646,#1021);
#576=LINE('',#7648,#1022);
#577=LINE('',#7649,#1023);
#578=LINE('',#7651,#1024);
#579=LINE('',#7653,#1025);
#580=LINE('',#7655,#1026);
#581=LINE('',#7657,#1027);
#582=LINE('',#7659,#1028);
#583=LINE('',#7661,#1029);
#584=LINE('',#7663,#1030);
#585=LINE('',#7665,#1031);
#586=LINE('',#7667,#1032);
#587=LINE('',#7669,#1033);
#588=LINE('',#7671,#1034);
#589=LINE('',#7673,#1035);
#590=LINE('',#7675,#1036);
#591=LINE('',#7677,#1037);
#592=LINE('',#7679,#1038);
#593=LINE('',#7681,#1039);
#594=LINE('',#7683,#1040);
#595=LINE('',#7685,#1041);
#596=LINE('',#7687,#1042);
#597=LINE('',#7688,#1043);
#598=LINE('',#7690,#1044);
#599=LINE('',#7692,#1045);
#600=LINE('',#7694,#1046);
#601=LINE('',#7696,#1047);
#602=LINE('',#7698,#1048);
#603=LINE('',#7700,#1049);
#604=LINE('',#7701,#1050);
#605=LINE('',#7703,#1051);
#606=LINE('',#7708,#1052);
#607=LINE('',#7711,#1053);
#608=LINE('',#7713,#1054);
#609=LINE('',#7715,#1055);
#610=LINE('',#7717,#1056);
#611=LINE('',#7720,#1057);
#612=LINE('',#7721,#1058);
#613=LINE('',#7723,#1059);
#614=LINE('',#7726,#1060);
#615=LINE('',#7728,#1061);
#616=LINE('',#7729,#1062);
#617=LINE('',#7731,#1063);
#618=LINE('',#7733,#1064);
#619=LINE('',#7734,#1065);
#620=LINE('',#7736,#1066);
#621=LINE('',#7738,#1067);
#622=LINE('',#7740,#1068);
#623=LINE('',#7742,#1069);
#624=LINE('',#7744,#1070);
#625=LINE('',#7746,#1071);
#626=LINE('',#7747,#1072);
#627=LINE('',#7749,#1073);
#628=LINE('',#7751,#1074);
#629=LINE('',#7752,#1075);
#630=LINE('',#7755,#1076);
#631=LINE('',#7757,#1077);
#632=LINE('',#7759,#1078);
#633=LINE('',#7764,#1079);
#634=LINE('',#7767,#1080);
#635=LINE('',#7769,#1081);
#636=LINE('',#7771,#1082);
#637=LINE('',#7773,#1083);
#638=LINE('',#7774,#1084);
#639=LINE('',#7776,#1085);
#640=LINE('',#7777,#1086);
#641=LINE('',#7779,#1087);
#642=LINE('',#7780,#1088);
#643=LINE('',#7786,#1089);
#644=LINE('',#7787,#1090);
#645=LINE('',#7789,#1091);
#646=LINE('',#7790,#1092);
#647=LINE('',#7792,#1093);
#648=LINE('',#7794,#1094);
#649=LINE('',#7796,#1095);
#650=LINE('',#7798,#1096);
#651=LINE('',#7799,#1097);
#652=LINE('',#7802,#1098);
#653=LINE('',#7804,#1099);
#654=LINE('',#7808,#1100);
#655=LINE('',#7810,#1101);
#656=LINE('',#7822,#1102);
#657=LINE('',#7825,#1103);
#658=LINE('',#7827,#1104);
#659=LINE('',#7829,#1105);
#660=LINE('',#7836,#1106);
#661=LINE('',#7838,#1107);
#662=LINE('',#7839,#1108);
#663=LINE('',#7840,#1109);
#664=LINE('',#7844,#1110);
#665=LINE('',#7846,#1111);
#666=LINE('',#7847,#1112);
#667=LINE('',#7848,#1113);
#668=LINE('',#7860,#1114);
#669=LINE('',#7864,#1115);
#670=LINE('',#7866,#1116);
#671=LINE('',#7869,#1117);
#672=LINE('',#7871,#1118);
#673=LINE('',#7873,#1119);
#674=LINE('',#7875,#1120);
#675=LINE('',#7876,#1121);
#676=LINE('',#7878,#1122);
#677=LINE('',#7884,#1123);
#678=LINE('',#7888,#1124);
#679=LINE('',#7890,#1125);
#680=LINE('',#7898,#1126);
#681=LINE('',#7901,#1127);
#682=LINE('',#7904,#1128);
#683=LINE('',#7906,#1129);
#684=LINE('',#7911,#1130);
#685=LINE('',#7913,#1131);
#686=LINE('',#7915,#1132);
#687=LINE('',#7917,#1133);
#688=LINE('',#7919,#1134);
#689=LINE('',#7921,#1135);
#690=LINE('',#7923,#1136);
#691=LINE('',#7925,#1137);
#692=LINE('',#7927,#1138);
#693=LINE('',#7929,#1139);
#694=LINE('',#7931,#1140);
#695=LINE('',#7933,#1141);
#696=LINE('',#7935,#1142);
#697=LINE('',#7937,#1143);
#698=LINE('',#7939,#1144);
#699=LINE('',#7941,#1145);
#700=LINE('',#7944,#1146);
#701=LINE('',#7945,#1147);
#702=LINE('',#7947,#1148);
#703=LINE('',#7949,#1149);
#704=LINE('',#7966,#1150);
#705=LINE('',#7969,#1151);
#706=LINE('',#7971,#1152);
#707=LINE('',#7973,#1153);
#708=LINE('',#7975,#1154);
#709=LINE('',#7978,#1155);
#710=LINE('',#7980,#1156);
#711=LINE('',#7982,#1157);
#712=LINE('',#7983,#1158);
#713=LINE('',#7986,#1159);
#714=LINE('',#7988,#1160);
#715=LINE('',#7990,#1161);
#716=LINE('',#7992,#1162);
#717=LINE('',#7993,#1163);
#718=LINE('',#7995,#1164);
#719=LINE('',#7999,#1165);
#720=LINE('',#8002,#1166);
#721=LINE('',#8005,#1167);
#722=LINE('',#8007,#1168);
#723=LINE('',#8009,#1169);
#724=LINE('',#8011,#1170);
#725=LINE('',#8014,#1171);
#726=LINE('',#8015,#1172);
#727=LINE('',#8017,#1173);
#728=LINE('',#8020,#1174);
#729=LINE('',#8022,#1175);
#730=LINE('',#8024,#1176);
#731=LINE('',#8026,#1177);
#732=LINE('',#8042,#1178);
#733=LINE('',#8047,#1179);
#734=LINE('',#8051,#1180);
#735=LINE('',#8079,#1181);
#736=LINE('',#8083,#1182);
#737=LINE('',#8084,#1183);
#738=LINE('',#8095,#1184);
#739=LINE('',#8096,#1185);
#740=LINE('',#8106,#1186);
#741=LINE('',#8118,#1187);
#742=LINE('',#8123,#1188);
#743=LINE('',#8126,#1189);
#744=LINE('',#8128,#1190);
#745=LINE('',#8156,#1191);
#746=LINE('',#8157,#1192);
#747=LINE('',#8159,#1193);
#748=LINE('',#8161,#1194);
#749=LINE('',#8206,#1195);
#750=LINE('',#8209,#1196);
#751=LINE('',#8211,#1197);
#752=LINE('',#8213,#1198);
#753=LINE('',#8218,#1199);
#754=LINE('',#8219,#1200);
#755=LINE('',#8223,#1201);
#756=LINE('',#8231,#1202);
#757=LINE('',#8233,#1203);
#758=LINE('',#8235,#1204);
#759=LINE('',#8237,#1205);
#760=LINE('',#8239,#1206);
#761=LINE('',#8241,#1207);
#762=LINE('',#8243,#1208);
#763=LINE('',#8290,#1209);
#764=LINE('',#8298,#1210);
#765=LINE('',#8300,#1211);
#766=LINE('',#8307,#1212);
#767=LINE('',#8309,#1213);
#768=LINE('',#8316,#1214);
#769=LINE('',#8318,#1215);
#770=LINE('',#8325,#1216);
#771=LINE('',#8327,#1217);
#772=LINE('',#8334,#1218);
#773=LINE('',#8336,#1219);
#774=LINE('',#8343,#1220);
#775=LINE('',#8351,#1221);
#776=LINE('',#8353,#1222);
#777=LINE('',#8360,#1223);
#778=LINE('',#8362,#1224);
#779=LINE('',#8369,#1225);
#780=LINE('',#8371,#1226);
#781=LINE('',#8378,#1227);
#782=LINE('',#8380,#1228);
#783=LINE('',#8387,#1229);
#784=LINE('',#8389,#1230);
#785=LINE('',#8396,#1231);
#786=LINE('',#8398,#1232);
#787=LINE('',#8720,#1233);
#788=LINE('',#8721,#1234);
#789=LINE('',#8723,#1235);
#790=LINE('',#8726,#1236);
#791=LINE('',#8727,#1237);
#792=LINE('',#8729,#1238);
#793=LINE('',#8732,#1239);
#794=LINE('',#8733,#1240);
#795=LINE('',#8735,#1241);
#796=LINE('',#8738,#1242);
#797=LINE('',#8739,#1243);
#798=LINE('',#8741,#1244);
#799=LINE('',#8744,#1245);
#800=LINE('',#8745,#1246);
#801=LINE('',#8747,#1247);
#802=LINE('',#8750,#1248);
#803=LINE('',#8751,#1249);
#804=LINE('',#8753,#1250);
#805=LINE('',#8784,#1251);
#806=LINE('',#8787,#1252);
#807=LINE('',#8789,#1253);
#808=LINE('',#8791,#1254);
#809=LINE('',#8793,#1255);
#810=LINE('',#8795,#1256);
#811=LINE('',#8797,#1257);
#812=LINE('',#8799,#1258);
#813=LINE('',#8802,#1259);
#814=LINE('',#8803,#1260);
#815=LINE('',#8805,#1261);
#816=LINE('',#8808,#1262);
#817=LINE('',#8810,#1263);
#818=LINE('',#8812,#1264);
#819=LINE('',#8814,#1265);
#820=LINE('',#8817,#1266);
#821=LINE('',#8818,#1267);
#822=LINE('',#8820,#1268);
#823=LINE('',#8822,#1269);
#824=LINE('',#8824,#1270);
#825=LINE('',#8826,#1271);
#826=LINE('',#8827,#1272);
#827=LINE('',#8829,#1273);
#828=LINE('',#8831,#1274);
#829=LINE('',#8841,#1275);
#830=LINE('',#8843,#1276);
#831=LINE('',#8845,#1277);
#832=LINE('',#8847,#1278);
#833=LINE('',#8849,#1279);
#834=LINE('',#8851,#1280);
#835=LINE('',#8853,#1281);
#836=LINE('',#8855,#1282);
#837=LINE('',#8857,#1283);
#838=LINE('',#8859,#1284);
#839=LINE('',#8869,#1285);
#840=LINE('',#8870,#1286);
#841=LINE('',#8882,#1287);
#842=LINE('',#8886,#1288);
#843=LINE('',#8888,#1289);
#844=LINE('',#8890,#1290);
#845=LINE('',#8892,#1291);
#846=LINE('',#8896,#1292);
#847=LINE('',#8900,#1293);
#848=LINE('',#8901,#1294);
#849=VECTOR('',#5556,1.);
#850=VECTOR('',#5557,1.);
#851=VECTOR('',#5560,1.);
#852=VECTOR('',#5581,1.);
#853=VECTOR('',#5584,1.);
#854=VECTOR('',#5585,1.);
#855=VECTOR('',#5586,1.);
#856=VECTOR('',#5587,1.);
#857=VECTOR('',#5590,1.);
#858=VECTOR('',#5593,1.);
#859=VECTOR('',#5596,1.);
#860=VECTOR('',#5599,1.);
#861=VECTOR('',#5600,1.);
#862=VECTOR('',#5609,1.);
#863=VECTOR('',#5610,1.);
#864=VECTOR('',#5613,1.);
#865=VECTOR('',#5616,1.);
#866=VECTOR('',#5653,1.);
#867=VECTOR('',#5654,1.);
#868=VECTOR('',#5655,1.);
#869=VECTOR('',#5656,1.);
#870=VECTOR('',#5659,1.);
#871=VECTOR('',#5660,1.);
#872=VECTOR('',#5661,1.);
#873=VECTOR('',#5662,1.);
#874=VECTOR('',#5665,1.);
#875=VECTOR('',#5666,1.);
#876=VECTOR('',#5669,1.);
#877=VECTOR('',#5672,1.);
#878=VECTOR('',#5679,1.);
#879=VECTOR('',#5680,1.);
#880=VECTOR('',#5681,1.);
#881=VECTOR('',#5682,1.);
#882=VECTOR('',#5683,1.);
#883=VECTOR('',#5684,1.);
#884=VECTOR('',#5691,1.);
#885=VECTOR('',#5692,1.);
#886=VECTOR('',#5693,1.);
#887=VECTOR('',#5694,1.);
#888=VECTOR('',#5695,1.);
#889=VECTOR('',#5696,1.);
#890=VECTOR('',#5697,1.);
#891=VECTOR('',#5698,1.);
#892=VECTOR('',#5703,1.);
#893=VECTOR('',#5704,1.);
#894=VECTOR('',#5705,1.);
#895=VECTOR('',#5708,1.);
#896=VECTOR('',#5709,1.);
#897=VECTOR('',#5710,1.);
#898=VECTOR('',#5711,1.);
#899=VECTOR('',#5712,1.);
#900=VECTOR('',#5713,1.);
#901=VECTOR('',#5716,1.);
#902=VECTOR('',#5717,1.);
#903=VECTOR('',#5720,1.);
#904=VECTOR('',#5721,1.);
#905=VECTOR('',#5722,1.);
#906=VECTOR('',#5723,1.);
#907=VECTOR('',#5724,1.);
#908=VECTOR('',#5725,1.);
#909=VECTOR('',#5728,1.);
#910=VECTOR('',#5729,1.);
#911=VECTOR('',#5730,1.);
#912=VECTOR('',#5773,1.);
#913=VECTOR('',#5774,1.);
#914=VECTOR('',#5783,1.);
#915=VECTOR('',#5784,1.);
#916=VECTOR('',#5785,1.);
#917=VECTOR('',#5786,1.);
#918=VECTOR('',#5789,1.);
#919=VECTOR('',#5790,1.);
#920=VECTOR('',#5791,1.);
#921=VECTOR('',#5794,1.);
#922=VECTOR('',#5795,1.);
#923=VECTOR('',#5796,1.);
#924=VECTOR('',#5799,1.);
#925=VECTOR('',#5800,1.);
#926=VECTOR('',#5801,1.);
#927=VECTOR('',#5804,1.);
#928=VECTOR('',#5805,1.);
#929=VECTOR('',#5806,1.);
#930=VECTOR('',#5809,1.);
#931=VECTOR('',#5810,1.);
#932=VECTOR('',#5815,1.);
#933=VECTOR('',#5816,1.);
#934=VECTOR('',#5817,1.);
#935=VECTOR('',#5818,1.);
#936=VECTOR('',#5819,1.);
#937=VECTOR('',#5820,1.);
#938=VECTOR('',#5821,1.);
#939=VECTOR('',#5822,1.);
#940=VECTOR('',#5823,1.);
#941=VECTOR('',#5824,1.);
#942=VECTOR('',#5825,1.);
#943=VECTOR('',#5826,1.);
#944=VECTOR('',#5829,1.);
#945=VECTOR('',#5830,1.);
#946=VECTOR('',#5831,1.);
#947=VECTOR('',#5832,1.);
#948=VECTOR('',#5833,1.);
#949=VECTOR('',#5834,1.);
#950=VECTOR('',#5835,1.);
#951=VECTOR('',#5836,1.);
#952=VECTOR('',#5837,1.);
#953=VECTOR('',#5838,1.);
#954=VECTOR('',#5839,1.);
#955=VECTOR('',#5840,1.);
#956=VECTOR('',#5843,1.);
#957=VECTOR('',#5844,1.);
#958=VECTOR('',#5847,1.);
#959=VECTOR('',#5850,1.);
#960=VECTOR('',#5851,1.);
#961=VECTOR('',#5854,1.);
#962=VECTOR('',#5859,1.);
#963=VECTOR('',#5860,1.);
#964=VECTOR('',#5863,1.);
#965=VECTOR('',#5868,1.);
#966=VECTOR('',#5869,1.);
#967=VECTOR('',#5872,1.);
#968=VECTOR('',#5875,1.);
#969=VECTOR('',#5876,1.);
#970=VECTOR('',#5879,1.);
#971=VECTOR('',#5884,1.);
#972=VECTOR('',#5885,1.);
#973=VECTOR('',#5888,1.);
#974=VECTOR('',#5895,1.);
#975=VECTOR('',#5896,1.);
#976=VECTOR('',#5897,1.);
#977=VECTOR('',#5898,1.);
#978=VECTOR('',#5899,1.);
#979=VECTOR('',#5900,1.);
#980=VECTOR('',#5901,1.);
#981=VECTOR('',#5902,1.);
#982=VECTOR('',#5905,1.);
#983=VECTOR('',#5906,1.);
#984=VECTOR('',#5907,1.);
#985=VECTOR('',#5908,1.);
#986=VECTOR('',#5909,1.);
#987=VECTOR('',#5914,1.);
#988=VECTOR('',#5915,1.);
#989=VECTOR('',#5916,1.);
#990=VECTOR('',#5917,1.);
#991=VECTOR('',#5920,1.);
#992=VECTOR('',#5921,1.);
#993=VECTOR('',#5922,1.);
#994=VECTOR('',#5925,1.);
#995=VECTOR('',#5926,1.);
#996=VECTOR('',#5927,1.);
#997=VECTOR('',#5928,1.);
#998=VECTOR('',#5933,1.);
#999=VECTOR('',#5934,1.);
#1000=VECTOR('',#5935,1.);
#1001=VECTOR('',#5940,1.);
#1002=VECTOR('',#5941,1.);
#1003=VECTOR('',#5942,1.);
#1004=VECTOR('',#5943,1.);
#1005=VECTOR('',#5946,1.);
#1006=VECTOR('',#5947,1.);
#1007=VECTOR('',#5948,1.);
#1008=VECTOR('',#5949,1.);
#1009=VECTOR('',#5952,1.);
#1010=VECTOR('',#5953,1.);
#1011=VECTOR('',#5954,1.);
#1012=VECTOR('',#5957,1.);
#1013=VECTOR('',#5958,1.);
#1014=VECTOR('',#5959,1.);
#1015=VECTOR('',#5960,1.);
#1016=VECTOR('',#5963,1.);
#1017=VECTOR('',#5964,1.);
#1018=VECTOR('',#5965,1.);
#1019=VECTOR('',#5966,1.);
#1020=VECTOR('',#5967,1.);
#1021=VECTOR('',#5968,1.);
#1022=VECTOR('',#5969,1.);
#1023=VECTOR('',#5970,1.);
#1024=VECTOR('',#5971,1.);
#1025=VECTOR('',#5972,1.);
#1026=VECTOR('',#5973,1.);
#1027=VECTOR('',#5974,1.);
#1028=VECTOR('',#5975,1.);
#1029=VECTOR('',#5976,1.);
#1030=VECTOR('',#5977,1.);
#1031=VECTOR('',#5978,1.);
#1032=VECTOR('',#5979,1.);
#1033=VECTOR('',#5980,1.);
#1034=VECTOR('',#5981,1.);
#1035=VECTOR('',#5982,1.);
#1036=VECTOR('',#5983,1.);
#1037=VECTOR('',#5984,1.);
#1038=VECTOR('',#5985,1.);
#1039=VECTOR('',#5986,1.);
#1040=VECTOR('',#5987,1.);
#1041=VECTOR('',#5988,1.);
#1042=VECTOR('',#5989,1.);
#1043=VECTOR('',#5990,1.);
#1044=VECTOR('',#5991,1.);
#1045=VECTOR('',#5992,1.);
#1046=VECTOR('',#5993,1.);
#1047=VECTOR('',#5994,1.);
#1048=VECTOR('',#5995,1.);
#1049=VECTOR('',#5996,1.);
#1050=VECTOR('',#5997,1.);
#1051=VECTOR('',#5998,1.);
#1052=VECTOR('',#6003,1.);
#1053=VECTOR('',#6004,1.);
#1054=VECTOR('',#6005,1.);
#1055=VECTOR('',#6006,1.);
#1056=VECTOR('',#6009,1.);
#1057=VECTOR('',#6010,1.);
#1058=VECTOR('',#6011,1.);
#1059=VECTOR('',#6014,1.);
#1060=VECTOR('',#6015,1.);
#1061=VECTOR('',#6016,1.);
#1062=VECTOR('',#6017,1.);
#1063=VECTOR('',#6018,1.);
#1064=VECTOR('',#6019,1.);
#1065=VECTOR('',#6020,1.);
#1066=VECTOR('',#6021,1.);
#1067=VECTOR('',#6022,1.);
#1068=VECTOR('',#6023,1.);
#1069=VECTOR('',#6024,1.);
#1070=VECTOR('',#6025,1.);
#1071=VECTOR('',#6026,1.);
#1072=VECTOR('',#6027,1.);
#1073=VECTOR('',#6028,1.);
#1074=VECTOR('',#6029,1.);
#1075=VECTOR('',#6030,1.);
#1076=VECTOR('',#6031,1.);
#1077=VECTOR('',#6032,1.);
#1078=VECTOR('',#6033,1.);
#1079=VECTOR('',#6038,1.);
#1080=VECTOR('',#6039,1.);
#1081=VECTOR('',#6040,1.);
#1082=VECTOR('',#6041,1.);
#1083=VECTOR('',#6044,1.);
#1084=VECTOR('',#6045,1.);
#1085=VECTOR('',#6048,1.);
#1086=VECTOR('',#6049,1.);
#1087=VECTOR('',#6052,1.);
#1088=VECTOR('',#6053,1.);
#1089=VECTOR('',#6064,1.);
#1090=VECTOR('',#6065,1.);
#1091=VECTOR('',#6068,1.);
#1092=VECTOR('',#6069,1.);
#1093=VECTOR('',#6072,1.);
#1094=VECTOR('',#6075,1.);
#1095=VECTOR('',#6078,1.);
#1096=VECTOR('',#6081,1.);
#1097=VECTOR('',#6082,1.);
#1098=VECTOR('',#6087,1.);
#1099=VECTOR('',#6088,1.);
#1100=VECTOR('',#6093,1.);
#1101=VECTOR('',#6094,1.);
#1102=VECTOR('',#6109,1.);
#1103=VECTOR('',#6110,1.);
#1104=VECTOR('',#6111,1.);
#1105=VECTOR('',#6112,1.);
#1106=VECTOR('',#6121,1.);
#1107=VECTOR('',#6122,1.);
#1108=VECTOR('',#6123,1.);
#1109=VECTOR('',#6124,1.);
#1110=VECTOR('',#6129,1.);
#1111=VECTOR('',#6130,1.);
#1112=VECTOR('',#6131,1.);
#1113=VECTOR('',#6132,1.);
#1114=VECTOR('',#6149,1.);
#1115=VECTOR('',#6154,1.);
#1116=VECTOR('',#6157,1.);
#1117=VECTOR('',#6158,1.);
#1118=VECTOR('',#6159,1.);
#1119=VECTOR('',#6160,1.);
#1120=VECTOR('',#6163,1.);
#1121=VECTOR('',#6164,1.);
#1122=VECTOR('',#6167,1.);
#1123=VECTOR('',#6174,1.);
#1124=VECTOR('',#6179,1.);
#1125=VECTOR('',#6180,1.);
#1126=VECTOR('',#6195,1.);
#1127=VECTOR('',#6200,1.);
#1128=VECTOR('',#6205,1.);
#1129=VECTOR('',#6208,1.);
#1130=VECTOR('',#6217,1.);
#1131=VECTOR('',#6218,1.);
#1132=VECTOR('',#6219,1.);
#1133=VECTOR('',#6222,1.);
#1134=VECTOR('',#6223,1.);
#1135=VECTOR('',#6226,1.);
#1136=VECTOR('',#6227,1.);
#1137=VECTOR('',#6230,1.);
#1138=VECTOR('',#6231,1.);
#1139=VECTOR('',#6232,1.);
#1140=VECTOR('',#6235,1.);
#1141=VECTOR('',#6236,1.);
#1142=VECTOR('',#6239,1.);
#1143=VECTOR('',#6240,1.);
#1144=VECTOR('',#6243,1.);
#1145=VECTOR('',#6246,1.);
#1146=VECTOR('',#6251,1.);
#1147=VECTOR('',#6252,1.);
#1148=VECTOR('',#6255,1.);
#1149=VECTOR('',#6258,1.);
#1150=VECTOR('',#6283,1.);
#1151=VECTOR('',#6284,1.);
#1152=VECTOR('',#6285,1.);
#1153=VECTOR('',#6286,1.);
#1154=VECTOR('',#6289,1.);
#1155=VECTOR('',#6290,1.);
#1156=VECTOR('',#6291,1.);
#1157=VECTOR('',#6292,1.);
#1158=VECTOR('',#6293,1.);
#1159=VECTOR('',#6294,1.);
#1160=VECTOR('',#6295,1.);
#1161=VECTOR('',#6296,1.);
#1162=VECTOR('',#6299,1.);
#1163=VECTOR('',#6300,1.);
#1164=VECTOR('',#6303,1.);
#1165=VECTOR('',#6308,1.);
#1166=VECTOR('',#6313,1.);
#1167=VECTOR('',#6314,1.);
#1168=VECTOR('',#6315,1.);
#1169=VECTOR('',#6316,1.);
#1170=VECTOR('',#6319,1.);
#1171=VECTOR('',#6320,1.);
#1172=VECTOR('',#6321,1.);
#1173=VECTOR('',#6324,1.);
#1174=VECTOR('',#6327,1.);
#1175=VECTOR('',#6330,1.);
#1176=VECTOR('',#6333,1.);
#1177=VECTOR('',#6334,1.);
#1178=VECTOR('',#6359,1.);
#1179=VECTOR('',#6362,1.);
#1180=VECTOR('',#6365,1.);
#1181=VECTOR('',#6384,1.);
#1182=VECTOR('',#6387,1.);
#1183=VECTOR('',#6388,1.);
#1184=VECTOR('',#6389,1.);
#1185=VECTOR('',#6390,1.);
#1186=VECTOR('',#6393,1.);
#1187=VECTOR('',#6396,1.);
#1188=VECTOR('',#6399,1.);
#1189=VECTOR('',#6402,1.);
#1190=VECTOR('',#6403,1.);
#1191=VECTOR('',#6412,1.);
#1192=VECTOR('',#6413,1.);
#1193=VECTOR('',#6416,1.);
#1194=VECTOR('',#6419,1.);
#1195=VECTOR('',#6456,1.);
#1196=VECTOR('',#6457,1.);
#1197=VECTOR('',#6458,1.);
#1198=VECTOR('',#6459,1.);
#1199=VECTOR('',#6464,1.);
#1200=VECTOR('',#6465,1.);
#1201=VECTOR('',#6468,1.);
#1202=VECTOR('',#6477,1.);
#1203=VECTOR('',#6478,1.);
#1204=VECTOR('',#6481,1.);
#1205=VECTOR('',#6482,1.);
#1206=VECTOR('',#6485,1.);
#1207=VECTOR('',#6486,1.);
#1208=VECTOR('',#6487,1.);
#1209=VECTOR('',#6522,1.);
#1210=VECTOR('',#6523,1.);
#1211=VECTOR('',#6524,1.);
#1212=VECTOR('',#6525,1.);
#1213=VECTOR('',#6526,1.);
#1214=VECTOR('',#6527,1.);
#1215=VECTOR('',#6528,1.);
#1216=VECTOR('',#6529,1.);
#1217=VECTOR('',#6530,1.);
#1218=VECTOR('',#6531,1.);
#1219=VECTOR('',#6532,1.);
#1220=VECTOR('',#6533,1.);
#1221=VECTOR('',#6536,1.);
#1222=VECTOR('',#6537,1.);
#1223=VECTOR('',#6538,1.);
#1224=VECTOR('',#6539,1.);
#1225=VECTOR('',#6540,1.);
#1226=VECTOR('',#6541,1.);
#1227=VECTOR('',#6542,1.);
#1228=VECTOR('',#6543,1.);
#1229=VECTOR('',#6544,1.);
#1230=VECTOR('',#6545,1.);
#1231=VECTOR('',#6546,1.);
#1232=VECTOR('',#6547,1.);
#1233=VECTOR('',#6550,1.);
#1234=VECTOR('',#6551,1.);
#1235=VECTOR('',#6554,1.);
#1236=VECTOR('',#6559,1.);
#1237=VECTOR('',#6560,1.);
#1238=VECTOR('',#6563,1.);
#1239=VECTOR('',#6568,1.);
#1240=VECTOR('',#6569,1.);
#1241=VECTOR('',#6572,1.);
#1242=VECTOR('',#6577,1.);
#1243=VECTOR('',#6578,1.);
#1244=VECTOR('',#6581,1.);
#1245=VECTOR('',#6586,1.);
#1246=VECTOR('',#6587,1.);
#1247=VECTOR('',#6590,1.);
#1248=VECTOR('',#6595,1.);
#1249=VECTOR('',#6596,1.);
#1250=VECTOR('',#6599,1.);
#1251=VECTOR('',#6644,1.);
#1252=VECTOR('',#6645,1.);
#1253=VECTOR('',#6646,1.);
#1254=VECTOR('',#6647,1.);
#1255=VECTOR('',#6650,1.);
#1256=VECTOR('',#6651,1.);
#1257=VECTOR('',#6652,1.);
#1258=VECTOR('',#6655,1.);
#1259=VECTOR('',#6656,1.);
#1260=VECTOR('',#6657,1.);
#1261=VECTOR('',#6660,1.);
#1262=VECTOR('',#6661,1.);
#1263=VECTOR('',#6662,1.);
#1264=VECTOR('',#6663,1.);
#1265=VECTOR('',#6666,1.);
#1266=VECTOR('',#6667,1.);
#1267=VECTOR('',#6668,1.);
#1268=VECTOR('',#6671,1.);
#1269=VECTOR('',#6672,1.);
#1270=VECTOR('',#6673,1.);
#1271=VECTOR('',#6674,1.);
#1272=VECTOR('',#6675,1.);
#1273=VECTOR('',#6676,1.);
#1274=VECTOR('',#6677,1.);
#1275=VECTOR('',#6688,1.);
#1276=VECTOR('',#6689,1.);
#1277=VECTOR('',#6692,1.);
#1278=VECTOR('',#6693,1.);
#1279=VECTOR('',#6696,1.);
#1280=VECTOR('',#6699,1.);
#1281=VECTOR('',#6700,1.);
#1282=VECTOR('',#6703,1.);
#1283=VECTOR('',#6704,1.);
#1284=VECTOR('',#6705,1.);
#1285=VECTOR('',#6716,1.);
#1286=VECTOR('',#6717,1.);
#1287=VECTOR('',#6736,1.);
#1288=VECTOR('',#6739,1.);
#1289=VECTOR('',#6742,1.);
#1290=VECTOR('',#6743,1.);
#1291=VECTOR('',#6744,1.);
#1292=VECTOR('',#6749,1.);
#1293=VECTOR('',#6754,1.);
#1294=VECTOR('',#6755,1.);
#1295=ORIENTED_EDGE('',*,*,#2611,.F.);
#1296=ORIENTED_EDGE('',*,*,#2612,.T.);
#1297=ORIENTED_EDGE('',*,*,#2613,.T.);
#1298=ORIENTED_EDGE('',*,*,#2614,.F.);
#1299=ORIENTED_EDGE('',*,*,#2615,.T.);
#1300=ORIENTED_EDGE('',*,*,#2616,.T.);
#1301=ORIENTED_EDGE('',*,*,#2617,.F.);
#1302=ORIENTED_EDGE('',*,*,#2618,.F.);
#1303=ORIENTED_EDGE('',*,*,#2619,.T.);
#1304=ORIENTED_EDGE('',*,*,#2620,.T.);
#1305=ORIENTED_EDGE('',*,*,#2621,.T.);
#1306=ORIENTED_EDGE('',*,*,#2611,.T.);
#1307=ORIENTED_EDGE('',*,*,#2622,.T.);
#1308=ORIENTED_EDGE('',*,*,#2612,.F.);
#1309=ORIENTED_EDGE('',*,*,#2623,.F.);
#1310=ORIENTED_EDGE('',*,*,#2624,.F.);
#1311=ORIENTED_EDGE('',*,*,#2625,.F.);
#1312=ORIENTED_EDGE('',*,*,#2626,.T.);
#1313=ORIENTED_EDGE('',*,*,#2627,.F.);
#1314=ORIENTED_EDGE('',*,*,#2628,.T.);
#1315=ORIENTED_EDGE('',*,*,#2629,.F.);
#1316=ORIENTED_EDGE('',*,*,#2618,.T.);
#1317=ORIENTED_EDGE('',*,*,#2630,.T.);
#1318=ORIENTED_EDGE('',*,*,#2631,.T.);
#1319=ORIENTED_EDGE('',*,*,#2632,.F.);
#1320=ORIENTED_EDGE('',*,*,#2633,.T.);
#1321=ORIENTED_EDGE('',*,*,#2627,.T.);
#1322=ORIENTED_EDGE('',*,*,#2634,.T.);
#1323=ORIENTED_EDGE('',*,*,#2635,.F.);
#1324=ORIENTED_EDGE('',*,*,#2636,.F.);
#1325=ORIENTED_EDGE('',*,*,#2637,.T.);
#1326=ORIENTED_EDGE('',*,*,#2638,.F.);
#1327=ORIENTED_EDGE('',*,*,#2639,.T.);
#1328=ORIENTED_EDGE('',*,*,#2640,.T.);
#1329=ORIENTED_EDGE('',*,*,#2632,.T.);
#1330=ORIENTED_EDGE('',*,*,#2641,.T.);
#1331=ORIENTED_EDGE('',*,*,#2642,.F.);
#1332=ORIENTED_EDGE('',*,*,#2616,.F.);
#1333=ORIENTED_EDGE('',*,*,#2629,.T.);
#1334=ORIENTED_EDGE('',*,*,#2643,.T.);
#1335=ORIENTED_EDGE('',*,*,#2639,.F.);
#1336=ORIENTED_EDGE('',*,*,#2615,.F.);
#1337=ORIENTED_EDGE('',*,*,#2644,.T.);
#1338=ORIENTED_EDGE('',*,*,#2613,.F.);
#1339=ORIENTED_EDGE('',*,*,#2642,.T.);
#1340=ORIENTED_EDGE('',*,*,#2645,.T.);
#1341=ORIENTED_EDGE('',*,*,#2630,.F.);
#1342=ORIENTED_EDGE('',*,*,#2617,.T.);
#1343=ORIENTED_EDGE('',*,*,#2635,.T.);
#1344=ORIENTED_EDGE('',*,*,#2646,.T.);
#1345=ORIENTED_EDGE('',*,*,#2624,.T.);
#1346=ORIENTED_EDGE('',*,*,#2647,.F.);
#1347=ORIENTED_EDGE('',*,*,#2636,.T.);
#1348=ORIENTED_EDGE('',*,*,#2647,.T.);
#1349=ORIENTED_EDGE('',*,*,#2623,.T.);
#1350=ORIENTED_EDGE('',*,*,#2648,.F.);
#1351=ORIENTED_EDGE('',*,*,#2648,.T.);
#1352=ORIENTED_EDGE('',*,*,#2626,.F.);
#1353=ORIENTED_EDGE('',*,*,#2649,.F.);
#1354=ORIENTED_EDGE('',*,*,#2637,.F.);
#1355=ORIENTED_EDGE('',*,*,#2638,.T.);
#1356=ORIENTED_EDGE('',*,*,#2649,.T.);
#1357=ORIENTED_EDGE('',*,*,#2625,.T.);
#1358=ORIENTED_EDGE('',*,*,#2646,.F.);
#1359=ORIENTED_EDGE('',*,*,#2650,.F.);
#1360=ORIENTED_EDGE('',*,*,#2644,.F.);
#1361=ORIENTED_EDGE('',*,*,#2614,.T.);
#1362=ORIENTED_EDGE('',*,*,#2651,.F.);
#1363=ORIENTED_EDGE('',*,*,#2650,.T.);
#1364=ORIENTED_EDGE('',*,*,#2652,.F.);
#1365=ORIENTED_EDGE('',*,*,#2651,.T.);
#1366=ORIENTED_EDGE('',*,*,#2653,.T.);
#1367=ORIENTED_EDGE('',*,*,#2654,.T.);
#1368=ORIENTED_EDGE('',*,*,#2655,.T.);
#1369=ORIENTED_EDGE('',*,*,#2652,.T.);
#1370=ORIENTED_EDGE('',*,*,#2654,.F.);
#1371=ORIENTED_EDGE('',*,*,#2653,.F.);
#1372=ORIENTED_EDGE('',*,*,#2655,.F.);
#1373=ORIENTED_EDGE('',*,*,#2621,.F.);
#1374=ORIENTED_EDGE('',*,*,#2620,.F.);
#1375=ORIENTED_EDGE('',*,*,#2619,.F.);
#1376=ORIENTED_EDGE('',*,*,#2622,.F.);
#1377=ORIENTED_EDGE('',*,*,#2628,.F.);
#1378=ORIENTED_EDGE('',*,*,#2633,.F.);
#1379=ORIENTED_EDGE('',*,*,#2640,.F.);
#1380=ORIENTED_EDGE('',*,*,#2643,.F.);
#1381=ORIENTED_EDGE('',*,*,#2631,.F.);
#1382=ORIENTED_EDGE('',*,*,#2645,.F.);
#1383=ORIENTED_EDGE('',*,*,#2641,.F.);
#1384=ORIENTED_EDGE('',*,*,#2634,.F.);
#1385=ORIENTED_EDGE('',*,*,#2656,.F.);
#1386=ORIENTED_EDGE('',*,*,#2657,.F.);
#1387=ORIENTED_EDGE('',*,*,#2658,.F.);
#1388=ORIENTED_EDGE('',*,*,#2659,.F.);
#1389=ORIENTED_EDGE('',*,*,#2660,.F.);
#1390=ORIENTED_EDGE('',*,*,#2661,.F.);
#1391=ORIENTED_EDGE('',*,*,#2662,.F.);
#1392=ORIENTED_EDGE('',*,*,#2663,.F.);
#1393=ORIENTED_EDGE('',*,*,#2661,.T.);
#1394=ORIENTED_EDGE('',*,*,#2664,.F.);
#1395=ORIENTED_EDGE('',*,*,#2656,.T.);
#1396=ORIENTED_EDGE('',*,*,#2665,.T.);
#1397=ORIENTED_EDGE('',*,*,#2662,.T.);
#1398=ORIENTED_EDGE('',*,*,#2665,.F.);
#1399=ORIENTED_EDGE('',*,*,#2659,.T.);
#1400=ORIENTED_EDGE('',*,*,#2666,.T.);
#1401=ORIENTED_EDGE('',*,*,#2663,.T.);
#1402=ORIENTED_EDGE('',*,*,#2666,.F.);
#1403=ORIENTED_EDGE('',*,*,#2658,.T.);
#1404=ORIENTED_EDGE('',*,*,#2667,.T.);
#1405=ORIENTED_EDGE('',*,*,#2660,.T.);
#1406=ORIENTED_EDGE('',*,*,#2667,.F.);
#1407=ORIENTED_EDGE('',*,*,#2657,.T.);
#1408=ORIENTED_EDGE('',*,*,#2664,.T.);
#1409=ORIENTED_EDGE('',*,*,#2668,.F.);
#1410=ORIENTED_EDGE('',*,*,#2669,.T.);
#1411=ORIENTED_EDGE('',*,*,#2670,.T.);
#1412=ORIENTED_EDGE('',*,*,#2671,.T.);
#1413=ORIENTED_EDGE('',*,*,#2672,.T.);
#1414=ORIENTED_EDGE('',*,*,#2673,.T.);
#1415=ORIENTED_EDGE('',*,*,#2674,.T.);
#1416=ORIENTED_EDGE('',*,*,#2675,.T.);
#1417=ORIENTED_EDGE('',*,*,#2676,.T.);
#1418=ORIENTED_EDGE('',*,*,#2677,.T.);
#1419=ORIENTED_EDGE('',*,*,#2678,.F.);
#1420=ORIENTED_EDGE('',*,*,#2679,.T.);
#1421=ORIENTED_EDGE('',*,*,#2680,.F.);
#1422=ORIENTED_EDGE('',*,*,#2681,.T.);
#1423=ORIENTED_EDGE('',*,*,#2682,.T.);
#1424=ORIENTED_EDGE('',*,*,#2683,.T.);
#1425=ORIENTED_EDGE('',*,*,#2684,.F.);
#1426=ORIENTED_EDGE('',*,*,#2685,.T.);
#1427=ORIENTED_EDGE('',*,*,#2686,.T.);
#1428=ORIENTED_EDGE('',*,*,#2682,.F.);
#1429=ORIENTED_EDGE('',*,*,#2687,.T.);
#1430=ORIENTED_EDGE('',*,*,#2670,.F.);
#1431=ORIENTED_EDGE('',*,*,#2688,.T.);
#1432=ORIENTED_EDGE('',*,*,#2689,.F.);
#1433=ORIENTED_EDGE('',*,*,#2690,.T.);
#1434=ORIENTED_EDGE('',*,*,#2691,.F.);
#1435=ORIENTED_EDGE('',*,*,#2692,.T.);
#1436=ORIENTED_EDGE('',*,*,#2680,.T.);
#1437=ORIENTED_EDGE('',*,*,#2693,.T.);
#1438=ORIENTED_EDGE('',*,*,#2678,.T.);
#1439=ORIENTED_EDGE('',*,*,#2694,.T.);
#1440=ORIENTED_EDGE('',*,*,#2672,.F.);
#1441=ORIENTED_EDGE('',*,*,#2695,.T.);
#1442=ORIENTED_EDGE('',*,*,#2696,.T.);
#1443=ORIENTED_EDGE('',*,*,#2697,.T.);
#1444=ORIENTED_EDGE('',*,*,#2668,.T.);
#1445=ORIENTED_EDGE('',*,*,#2698,.T.);
#1446=ORIENTED_EDGE('',*,*,#2676,.F.);
#1447=ORIENTED_EDGE('',*,*,#2699,.T.);
#1448=ORIENTED_EDGE('',*,*,#2700,.T.);
#1449=ORIENTED_EDGE('',*,*,#2701,.T.);
#1450=ORIENTED_EDGE('',*,*,#2702,.F.);
#1451=ORIENTED_EDGE('',*,*,#2700,.F.);
#1452=ORIENTED_EDGE('',*,*,#2703,.T.);
#1453=ORIENTED_EDGE('',*,*,#2685,.F.);
#1454=ORIENTED_EDGE('',*,*,#2704,.T.);
#1455=ORIENTED_EDGE('',*,*,#2691,.T.);
#1456=ORIENTED_EDGE('',*,*,#2705,.T.);
#1457=ORIENTED_EDGE('',*,*,#2675,.F.);
#1458=ORIENTED_EDGE('',*,*,#2706,.F.);
#1459=ORIENTED_EDGE('',*,*,#2684,.T.);
#1460=ORIENTED_EDGE('',*,*,#2673,.F.);
#1461=ORIENTED_EDGE('',*,*,#2694,.F.);
#1462=ORIENTED_EDGE('',*,*,#2677,.F.);
#1463=ORIENTED_EDGE('',*,*,#2698,.F.);
#1464=ORIENTED_EDGE('',*,*,#2703,.F.);
#1465=ORIENTED_EDGE('',*,*,#2699,.F.);
#1466=ORIENTED_EDGE('',*,*,#2683,.F.);
#1467=ORIENTED_EDGE('',*,*,#2686,.F.);
#1468=ORIENTED_EDGE('',*,*,#2671,.F.);
#1469=ORIENTED_EDGE('',*,*,#2693,.F.);
#1470=ORIENTED_EDGE('',*,*,#2679,.F.);
#1471=ORIENTED_EDGE('',*,*,#2695,.F.);
#1472=ORIENTED_EDGE('',*,*,#2704,.F.);
#1473=ORIENTED_EDGE('',*,*,#2687,.F.);
#1474=ORIENTED_EDGE('',*,*,#2681,.F.);
#1475=ORIENTED_EDGE('',*,*,#2692,.F.);
#1476=ORIENTED_EDGE('',*,*,#2674,.F.);
#1477=ORIENTED_EDGE('',*,*,#2707,.T.);
#1478=ORIENTED_EDGE('',*,*,#2708,.T.);
#1479=ORIENTED_EDGE('',*,*,#2706,.T.);
#1480=ORIENTED_EDGE('',*,*,#2709,.F.);
#1481=ORIENTED_EDGE('',*,*,#2710,.T.);
#1482=ORIENTED_EDGE('',*,*,#2705,.F.);
#1483=ORIENTED_EDGE('',*,*,#2711,.F.);
#1484=ORIENTED_EDGE('',*,*,#2709,.T.);
#1485=ORIENTED_EDGE('',*,*,#2708,.F.);
#1486=ORIENTED_EDGE('',*,*,#2711,.T.);
#1487=ORIENTED_EDGE('',*,*,#2710,.F.);
#1488=ORIENTED_EDGE('',*,*,#2707,.F.);
#1489=ORIENTED_EDGE('',*,*,#2689,.T.);
#1490=ORIENTED_EDGE('',*,*,#2712,.T.);
#1491=ORIENTED_EDGE('',*,*,#2696,.F.);
#1492=ORIENTED_EDGE('',*,*,#2713,.T.);
#1493=ORIENTED_EDGE('',*,*,#2697,.F.);
#1494=ORIENTED_EDGE('',*,*,#2712,.F.);
#1495=ORIENTED_EDGE('',*,*,#2688,.F.);
#1496=ORIENTED_EDGE('',*,*,#2669,.F.);
#1497=ORIENTED_EDGE('',*,*,#2701,.F.);
#1498=ORIENTED_EDGE('',*,*,#2702,.T.);
#1499=ORIENTED_EDGE('',*,*,#2690,.F.);
#1500=ORIENTED_EDGE('',*,*,#2713,.F.);
#1501=ORIENTED_EDGE('',*,*,#2714,.T.);
#1502=ORIENTED_EDGE('',*,*,#2715,.F.);
#1503=ORIENTED_EDGE('',*,*,#2716,.F.);
#1504=ORIENTED_EDGE('',*,*,#2717,.T.);
#1505=ORIENTED_EDGE('',*,*,#2716,.T.);
#1506=ORIENTED_EDGE('',*,*,#2718,.F.);
#1507=ORIENTED_EDGE('',*,*,#2719,.F.);
#1508=ORIENTED_EDGE('',*,*,#2720,.T.);
#1509=ORIENTED_EDGE('',*,*,#2719,.T.);
#1510=ORIENTED_EDGE('',*,*,#2721,.F.);
#1511=ORIENTED_EDGE('',*,*,#2722,.F.);
#1512=ORIENTED_EDGE('',*,*,#2723,.T.);
#1513=ORIENTED_EDGE('',*,*,#2722,.T.);
#1514=ORIENTED_EDGE('',*,*,#2724,.F.);
#1515=ORIENTED_EDGE('',*,*,#2725,.F.);
#1516=ORIENTED_EDGE('',*,*,#2726,.T.);
#1517=ORIENTED_EDGE('',*,*,#2725,.T.);
#1518=ORIENTED_EDGE('',*,*,#2727,.F.);
#1519=ORIENTED_EDGE('',*,*,#2728,.F.);
#1520=ORIENTED_EDGE('',*,*,#2729,.T.);
#1521=ORIENTED_EDGE('',*,*,#2728,.T.);
#1522=ORIENTED_EDGE('',*,*,#2730,.F.);
#1523=ORIENTED_EDGE('',*,*,#2714,.F.);
#1524=ORIENTED_EDGE('',*,*,#2731,.T.);
#1525=ORIENTED_EDGE('',*,*,#2732,.T.);
#1526=ORIENTED_EDGE('',*,*,#2733,.T.);
#1527=ORIENTED_EDGE('',*,*,#2734,.F.);
#1528=ORIENTED_EDGE('',*,*,#2735,.T.);
#1529=ORIENTED_EDGE('',*,*,#2736,.F.);
#1530=ORIENTED_EDGE('',*,*,#2737,.F.);
#1531=ORIENTED_EDGE('',*,*,#2738,.T.);
#1532=ORIENTED_EDGE('',*,*,#2739,.F.);
#1533=ORIENTED_EDGE('',*,*,#2740,.F.);
#1534=ORIENTED_EDGE('',*,*,#2741,.T.);
#1535=ORIENTED_EDGE('',*,*,#2742,.F.);
#1536=ORIENTED_EDGE('',*,*,#2743,.F.);
#1537=ORIENTED_EDGE('',*,*,#2744,.T.);
#1538=ORIENTED_EDGE('',*,*,#2745,.F.);
#1539=ORIENTED_EDGE('',*,*,#2746,.F.);
#1540=ORIENTED_EDGE('',*,*,#2747,.T.);
#1541=ORIENTED_EDGE('',*,*,#2748,.F.);
#1542=ORIENTED_EDGE('',*,*,#2749,.F.);
#1543=ORIENTED_EDGE('',*,*,#2750,.T.);
#1544=ORIENTED_EDGE('',*,*,#2751,.F.);
#1545=ORIENTED_EDGE('',*,*,#2717,.F.);
#1546=ORIENTED_EDGE('',*,*,#2720,.F.);
#1547=ORIENTED_EDGE('',*,*,#2723,.F.);
#1548=ORIENTED_EDGE('',*,*,#2726,.F.);
#1549=ORIENTED_EDGE('',*,*,#2729,.F.);
#1550=ORIENTED_EDGE('',*,*,#2731,.F.);
#1551=ORIENTED_EDGE('',*,*,#2718,.T.);
#1552=ORIENTED_EDGE('',*,*,#2715,.T.);
#1553=ORIENTED_EDGE('',*,*,#2730,.T.);
#1554=ORIENTED_EDGE('',*,*,#2727,.T.);
#1555=ORIENTED_EDGE('',*,*,#2724,.T.);
#1556=ORIENTED_EDGE('',*,*,#2721,.T.);
#1557=ORIENTED_EDGE('',*,*,#2752,.T.);
#1558=ORIENTED_EDGE('',*,*,#2753,.T.);
#1559=ORIENTED_EDGE('',*,*,#2754,.T.);
#1560=ORIENTED_EDGE('',*,*,#2755,.T.);
#1561=ORIENTED_EDGE('',*,*,#2756,.T.);
#1562=ORIENTED_EDGE('',*,*,#2757,.T.);
#1563=ORIENTED_EDGE('',*,*,#2758,.T.);
#1564=ORIENTED_EDGE('',*,*,#2759,.T.);
#1565=ORIENTED_EDGE('',*,*,#2760,.T.);
#1566=ORIENTED_EDGE('',*,*,#2761,.T.);
#1567=ORIENTED_EDGE('',*,*,#2762,.T.);
#1568=ORIENTED_EDGE('',*,*,#2763,.T.);
#1569=ORIENTED_EDGE('',*,*,#2764,.T.);
#1570=ORIENTED_EDGE('',*,*,#2765,.T.);
#1571=ORIENTED_EDGE('',*,*,#2766,.T.);
#1572=ORIENTED_EDGE('',*,*,#2767,.T.);
#1573=ORIENTED_EDGE('',*,*,#2768,.T.);
#1574=ORIENTED_EDGE('',*,*,#2769,.T.);
#1575=ORIENTED_EDGE('',*,*,#2732,.F.);
#1576=ORIENTED_EDGE('',*,*,#2747,.F.);
#1577=ORIENTED_EDGE('',*,*,#2770,.F.);
#1578=ORIENTED_EDGE('',*,*,#2744,.F.);
#1579=ORIENTED_EDGE('',*,*,#2771,.F.);
#1580=ORIENTED_EDGE('',*,*,#2741,.F.);
#1581=ORIENTED_EDGE('',*,*,#2772,.F.);
#1582=ORIENTED_EDGE('',*,*,#2738,.F.);
#1583=ORIENTED_EDGE('',*,*,#2773,.F.);
#1584=ORIENTED_EDGE('',*,*,#2735,.F.);
#1585=ORIENTED_EDGE('',*,*,#2774,.F.);
#1586=ORIENTED_EDGE('',*,*,#2750,.F.);
#1587=ORIENTED_EDGE('',*,*,#2775,.F.);
#1588=ORIENTED_EDGE('',*,*,#2761,.F.);
#1589=ORIENTED_EDGE('',*,*,#2776,.F.);
#1590=ORIENTED_EDGE('',*,*,#2758,.F.);
#1591=ORIENTED_EDGE('',*,*,#2777,.F.);
#1592=ORIENTED_EDGE('',*,*,#2755,.F.);
#1593=ORIENTED_EDGE('',*,*,#2778,.F.);
#1594=ORIENTED_EDGE('',*,*,#2752,.F.);
#1595=ORIENTED_EDGE('',*,*,#2779,.F.);
#1596=ORIENTED_EDGE('',*,*,#2767,.F.);
#1597=ORIENTED_EDGE('',*,*,#2780,.F.);
#1598=ORIENTED_EDGE('',*,*,#2764,.F.);
#1599=ORIENTED_EDGE('',*,*,#2781,.F.);
#1600=ORIENTED_EDGE('',*,*,#2733,.F.);
#1601=ORIENTED_EDGE('',*,*,#2782,.T.);
#1602=ORIENTED_EDGE('',*,*,#2740,.T.);
#1603=ORIENTED_EDGE('',*,*,#2783,.F.);
#1604=ORIENTED_EDGE('',*,*,#2765,.F.);
#1605=ORIENTED_EDGE('',*,*,#2783,.T.);
#1606=ORIENTED_EDGE('',*,*,#2739,.T.);
#1607=ORIENTED_EDGE('',*,*,#2784,.F.);
#1608=ORIENTED_EDGE('',*,*,#2766,.F.);
#1609=ORIENTED_EDGE('',*,*,#2780,.T.);
#1610=ORIENTED_EDGE('',*,*,#2784,.T.);
#1611=ORIENTED_EDGE('',*,*,#2772,.T.);
#1612=ORIENTED_EDGE('',*,*,#2782,.F.);
#1613=ORIENTED_EDGE('',*,*,#2785,.T.);
#1614=ORIENTED_EDGE('',*,*,#2736,.T.);
#1615=ORIENTED_EDGE('',*,*,#2786,.F.);
#1616=ORIENTED_EDGE('',*,*,#2769,.F.);
#1617=ORIENTED_EDGE('',*,*,#2787,.T.);
#1618=ORIENTED_EDGE('',*,*,#2737,.T.);
#1619=ORIENTED_EDGE('',*,*,#2785,.F.);
#1620=ORIENTED_EDGE('',*,*,#2768,.F.);
#1621=ORIENTED_EDGE('',*,*,#2779,.T.);
#1622=ORIENTED_EDGE('',*,*,#2786,.T.);
#1623=ORIENTED_EDGE('',*,*,#2773,.T.);
#1624=ORIENTED_EDGE('',*,*,#2787,.F.);
#1625=ORIENTED_EDGE('',*,*,#2788,.T.);
#1626=ORIENTED_EDGE('',*,*,#2742,.T.);
#1627=ORIENTED_EDGE('',*,*,#2789,.F.);
#1628=ORIENTED_EDGE('',*,*,#2763,.F.);
#1629=ORIENTED_EDGE('',*,*,#2790,.T.);
#1630=ORIENTED_EDGE('',*,*,#2743,.T.);
#1631=ORIENTED_EDGE('',*,*,#2788,.F.);
#1632=ORIENTED_EDGE('',*,*,#2762,.F.);
#1633=ORIENTED_EDGE('',*,*,#2781,.T.);
#1634=ORIENTED_EDGE('',*,*,#2789,.T.);
#1635=ORIENTED_EDGE('',*,*,#2771,.T.);
#1636=ORIENTED_EDGE('',*,*,#2790,.F.);
#1637=ORIENTED_EDGE('',*,*,#2791,.T.);
#1638=ORIENTED_EDGE('',*,*,#2748,.T.);
#1639=ORIENTED_EDGE('',*,*,#2792,.F.);
#1640=ORIENTED_EDGE('',*,*,#2757,.F.);
#1641=ORIENTED_EDGE('',*,*,#2793,.T.);
#1642=ORIENTED_EDGE('',*,*,#2749,.T.);
#1643=ORIENTED_EDGE('',*,*,#2791,.F.);
#1644=ORIENTED_EDGE('',*,*,#2756,.F.);
#1645=ORIENTED_EDGE('',*,*,#2777,.T.);
#1646=ORIENTED_EDGE('',*,*,#2792,.T.);
#1647=ORIENTED_EDGE('',*,*,#2775,.T.);
#1648=ORIENTED_EDGE('',*,*,#2793,.F.);
#1649=ORIENTED_EDGE('',*,*,#2794,.T.);
#1650=ORIENTED_EDGE('',*,*,#2734,.T.);
#1651=ORIENTED_EDGE('',*,*,#2795,.F.);
#1652=ORIENTED_EDGE('',*,*,#2753,.F.);
#1653=ORIENTED_EDGE('',*,*,#2795,.T.);
#1654=ORIENTED_EDGE('',*,*,#2751,.T.);
#1655=ORIENTED_EDGE('',*,*,#2796,.F.);
#1656=ORIENTED_EDGE('',*,*,#2754,.F.);
#1657=ORIENTED_EDGE('',*,*,#2778,.T.);
#1658=ORIENTED_EDGE('',*,*,#2796,.T.);
#1659=ORIENTED_EDGE('',*,*,#2774,.T.);
#1660=ORIENTED_EDGE('',*,*,#2794,.F.);
#1661=ORIENTED_EDGE('',*,*,#2797,.T.);
#1662=ORIENTED_EDGE('',*,*,#2745,.T.);
#1663=ORIENTED_EDGE('',*,*,#2798,.F.);
#1664=ORIENTED_EDGE('',*,*,#2760,.F.);
#1665=ORIENTED_EDGE('',*,*,#2799,.T.);
#1666=ORIENTED_EDGE('',*,*,#2746,.T.);
#1667=ORIENTED_EDGE('',*,*,#2797,.F.);
#1668=ORIENTED_EDGE('',*,*,#2759,.F.);
#1669=ORIENTED_EDGE('',*,*,#2776,.T.);
#1670=ORIENTED_EDGE('',*,*,#2798,.T.);
#1671=ORIENTED_EDGE('',*,*,#2770,.T.);
#1672=ORIENTED_EDGE('',*,*,#2799,.F.);
#1673=ORIENTED_EDGE('',*,*,#2800,.T.);
#1674=ORIENTED_EDGE('',*,*,#2801,.T.);
#1675=ORIENTED_EDGE('',*,*,#2802,.F.);
#1676=ORIENTED_EDGE('',*,*,#2803,.F.);
#1677=ORIENTED_EDGE('',*,*,#2804,.F.);
#1678=ORIENTED_EDGE('',*,*,#2805,.T.);
#1679=ORIENTED_EDGE('',*,*,#2806,.T.);
#1680=ORIENTED_EDGE('',*,*,#2807,.F.);
#1681=ORIENTED_EDGE('',*,*,#2808,.T.);
#1682=ORIENTED_EDGE('',*,*,#2809,.T.);
#1683=ORIENTED_EDGE('',*,*,#2810,.T.);
#1684=ORIENTED_EDGE('',*,*,#2811,.T.);
#1685=ORIENTED_EDGE('',*,*,#2812,.T.);
#1686=ORIENTED_EDGE('',*,*,#2813,.F.);
#1687=ORIENTED_EDGE('',*,*,#2814,.F.);
#1688=ORIENTED_EDGE('',*,*,#2815,.T.);
#1689=ORIENTED_EDGE('',*,*,#2816,.F.);
#1690=ORIENTED_EDGE('',*,*,#2817,.F.);
#1691=ORIENTED_EDGE('',*,*,#2818,.T.);
#1692=ORIENTED_EDGE('',*,*,#2819,.T.);
#1693=ORIENTED_EDGE('',*,*,#2817,.T.);
#1694=ORIENTED_EDGE('',*,*,#2820,.T.);
#1695=ORIENTED_EDGE('',*,*,#2821,.F.);
#1696=ORIENTED_EDGE('',*,*,#2822,.T.);
#1697=ORIENTED_EDGE('',*,*,#2823,.T.);
#1698=ORIENTED_EDGE('',*,*,#2824,.T.);
#1699=ORIENTED_EDGE('',*,*,#2825,.T.);
#1700=ORIENTED_EDGE('',*,*,#2826,.F.);
#1701=ORIENTED_EDGE('',*,*,#2827,.T.);
#1702=ORIENTED_EDGE('',*,*,#2821,.T.);
#1703=ORIENTED_EDGE('',*,*,#2828,.T.);
#1704=ORIENTED_EDGE('',*,*,#2829,.F.);
#1705=ORIENTED_EDGE('',*,*,#2830,.F.);
#1706=ORIENTED_EDGE('',*,*,#2831,.T.);
#1707=ORIENTED_EDGE('',*,*,#2832,.F.);
#1708=ORIENTED_EDGE('',*,*,#2818,.F.);
#1709=ORIENTED_EDGE('',*,*,#2833,.F.);
#1710=ORIENTED_EDGE('',*,*,#2834,.T.);
#1711=ORIENTED_EDGE('',*,*,#2812,.F.);
#1712=ORIENTED_EDGE('',*,*,#2835,.F.);
#1713=ORIENTED_EDGE('',*,*,#2836,.F.);
#1714=ORIENTED_EDGE('',*,*,#2837,.T.);
#1715=ORIENTED_EDGE('',*,*,#2838,.F.);
#1716=ORIENTED_EDGE('',*,*,#2811,.F.);
#1717=ORIENTED_EDGE('',*,*,#2839,.T.);
#1718=ORIENTED_EDGE('',*,*,#2840,.T.);
#1719=ORIENTED_EDGE('',*,*,#2841,.F.);
#1720=ORIENTED_EDGE('',*,*,#2842,.T.);
#1721=ORIENTED_EDGE('',*,*,#2843,.T.);
#1722=ORIENTED_EDGE('',*,*,#2844,.F.);
#1723=ORIENTED_EDGE('',*,*,#2845,.F.);
#1724=ORIENTED_EDGE('',*,*,#2846,.F.);
#1725=ORIENTED_EDGE('',*,*,#2847,.T.);
#1726=ORIENTED_EDGE('',*,*,#2848,.T.);
#1727=ORIENTED_EDGE('',*,*,#2849,.T.);
#1728=ORIENTED_EDGE('',*,*,#2826,.T.);
#1729=ORIENTED_EDGE('',*,*,#2850,.F.);
#1730=ORIENTED_EDGE('',*,*,#2851,.F.);
#1731=ORIENTED_EDGE('',*,*,#2852,.T.);
#1732=ORIENTED_EDGE('',*,*,#2853,.T.);
#1733=ORIENTED_EDGE('',*,*,#2854,.F.);
#1734=ORIENTED_EDGE('',*,*,#2855,.F.);
#1735=ORIENTED_EDGE('',*,*,#2856,.F.);
#1736=ORIENTED_EDGE('',*,*,#2857,.F.);
#1737=ORIENTED_EDGE('',*,*,#2858,.T.);
#1738=ORIENTED_EDGE('',*,*,#2859,.T.);
#1739=ORIENTED_EDGE('',*,*,#2860,.F.);
#1740=ORIENTED_EDGE('',*,*,#2861,.F.);
#1741=ORIENTED_EDGE('',*,*,#2862,.T.);
#1742=ORIENTED_EDGE('',*,*,#2863,.T.);
#1743=ORIENTED_EDGE('',*,*,#2864,.F.);
#1744=ORIENTED_EDGE('',*,*,#2865,.T.);
#1745=ORIENTED_EDGE('',*,*,#2866,.T.);
#1746=ORIENTED_EDGE('',*,*,#2867,.F.);
#1747=ORIENTED_EDGE('',*,*,#2868,.T.);
#1748=ORIENTED_EDGE('',*,*,#2869,.T.);
#1749=ORIENTED_EDGE('',*,*,#2870,.F.);
#1750=ORIENTED_EDGE('',*,*,#2871,.T.);
#1751=ORIENTED_EDGE('',*,*,#2835,.T.);
#1752=ORIENTED_EDGE('',*,*,#2838,.T.);
#1753=ORIENTED_EDGE('',*,*,#2872,.T.);
#1754=ORIENTED_EDGE('',*,*,#2873,.F.);
#1755=ORIENTED_EDGE('',*,*,#2874,.T.);
#1756=ORIENTED_EDGE('',*,*,#2875,.F.);
#1757=ORIENTED_EDGE('',*,*,#2876,.T.);
#1758=ORIENTED_EDGE('',*,*,#2877,.T.);
#1759=ORIENTED_EDGE('',*,*,#2878,.T.);
#1760=ORIENTED_EDGE('',*,*,#2842,.F.);
#1761=ORIENTED_EDGE('',*,*,#2879,.F.);
#1762=ORIENTED_EDGE('',*,*,#2880,.F.);
#1763=ORIENTED_EDGE('',*,*,#2815,.F.);
#1764=ORIENTED_EDGE('',*,*,#2881,.F.);
#1765=ORIENTED_EDGE('',*,*,#2882,.F.);
#1766=ORIENTED_EDGE('',*,*,#2883,.T.);
#1767=ORIENTED_EDGE('',*,*,#2884,.T.);
#1768=ORIENTED_EDGE('',*,*,#2885,.F.);
#1769=ORIENTED_EDGE('',*,*,#2886,.F.);
#1770=ORIENTED_EDGE('',*,*,#2887,.F.);
#1771=ORIENTED_EDGE('',*,*,#2888,.T.);
#1772=ORIENTED_EDGE('',*,*,#2855,.T.);
#1773=ORIENTED_EDGE('',*,*,#2889,.F.);
#1774=ORIENTED_EDGE('',*,*,#2890,.F.);
#1775=ORIENTED_EDGE('',*,*,#2891,.T.);
#1776=ORIENTED_EDGE('',*,*,#2892,.T.);
#1777=ORIENTED_EDGE('',*,*,#2887,.T.);
#1778=ORIENTED_EDGE('',*,*,#2893,.T.);
#1779=ORIENTED_EDGE('',*,*,#2894,.T.);
#1780=ORIENTED_EDGE('',*,*,#2895,.F.);
#1781=ORIENTED_EDGE('',*,*,#2844,.T.);
#1782=ORIENTED_EDGE('',*,*,#2896,.T.);
#1783=ORIENTED_EDGE('',*,*,#2897,.F.);
#1784=ORIENTED_EDGE('',*,*,#2898,.T.);
#1785=ORIENTED_EDGE('',*,*,#2899,.T.);
#1786=ORIENTED_EDGE('',*,*,#2900,.T.);
#1787=ORIENTED_EDGE('',*,*,#2901,.T.);
#1788=ORIENTED_EDGE('',*,*,#2902,.T.);
#1789=ORIENTED_EDGE('',*,*,#2839,.F.);
#1790=ORIENTED_EDGE('',*,*,#2810,.F.);
#1791=ORIENTED_EDGE('',*,*,#2903,.T.);
#1792=ORIENTED_EDGE('',*,*,#2904,.F.);
#1793=ORIENTED_EDGE('',*,*,#2905,.T.);
#1794=ORIENTED_EDGE('',*,*,#2906,.T.);
#1795=ORIENTED_EDGE('',*,*,#2907,.F.);
#1796=ORIENTED_EDGE('',*,*,#2908,.F.);
#1797=ORIENTED_EDGE('',*,*,#2909,.T.);
#1798=ORIENTED_EDGE('',*,*,#2910,.T.);
#1799=ORIENTED_EDGE('',*,*,#2911,.T.);
#1800=ORIENTED_EDGE('',*,*,#2912,.T.);
#1801=ORIENTED_EDGE('',*,*,#2913,.F.);
#1802=ORIENTED_EDGE('',*,*,#2914,.F.);
#1803=ORIENTED_EDGE('',*,*,#2915,.F.);
#1804=ORIENTED_EDGE('',*,*,#2875,.T.);
#1805=ORIENTED_EDGE('',*,*,#2916,.T.);
#1806=ORIENTED_EDGE('',*,*,#2899,.F.);
#1807=ORIENTED_EDGE('',*,*,#2917,.T.);
#1808=ORIENTED_EDGE('',*,*,#2897,.T.);
#1809=ORIENTED_EDGE('',*,*,#2918,.T.);
#1810=ORIENTED_EDGE('',*,*,#2877,.F.);
#1811=ORIENTED_EDGE('',*,*,#2919,.T.);
#1812=ORIENTED_EDGE('',*,*,#2873,.T.);
#1813=ORIENTED_EDGE('',*,*,#2920,.T.);
#1814=ORIENTED_EDGE('',*,*,#2901,.F.);
#1815=ORIENTED_EDGE('',*,*,#2921,.T.);
#1816=ORIENTED_EDGE('',*,*,#2872,.F.);
#1817=ORIENTED_EDGE('',*,*,#2840,.F.);
#1818=ORIENTED_EDGE('',*,*,#2902,.F.);
#1819=ORIENTED_EDGE('',*,*,#2920,.F.);
#1820=ORIENTED_EDGE('',*,*,#2878,.F.);
#1821=ORIENTED_EDGE('',*,*,#2918,.F.);
#1822=ORIENTED_EDGE('',*,*,#2896,.F.);
#1823=ORIENTED_EDGE('',*,*,#2843,.F.);
#1824=ORIENTED_EDGE('',*,*,#2874,.F.);
#1825=ORIENTED_EDGE('',*,*,#2921,.F.);
#1826=ORIENTED_EDGE('',*,*,#2900,.F.);
#1827=ORIENTED_EDGE('',*,*,#2916,.F.);
#1828=ORIENTED_EDGE('',*,*,#2876,.F.);
#1829=ORIENTED_EDGE('',*,*,#2917,.F.);
#1830=ORIENTED_EDGE('',*,*,#2898,.F.);
#1831=ORIENTED_EDGE('',*,*,#2919,.F.);
#1832=ORIENTED_EDGE('',*,*,#2895,.T.);
#1833=ORIENTED_EDGE('',*,*,#2922,.T.);
#1834=ORIENTED_EDGE('',*,*,#2830,.T.);
#1835=ORIENTED_EDGE('',*,*,#2923,.T.);
#1836=ORIENTED_EDGE('',*,*,#2841,.T.);
#1837=ORIENTED_EDGE('',*,*,#2904,.T.);
#1838=ORIENTED_EDGE('',*,*,#2924,.T.);
#1839=ORIENTED_EDGE('',*,*,#2868,.F.);
#1840=ORIENTED_EDGE('',*,*,#2925,.F.);
#1841=ORIENTED_EDGE('',*,*,#2854,.T.);
#1842=ORIENTED_EDGE('',*,*,#2926,.T.);
#1843=ORIENTED_EDGE('',*,*,#2893,.F.);
#1844=ORIENTED_EDGE('',*,*,#2889,.T.);
#1845=ORIENTED_EDGE('',*,*,#2927,.F.);
#1846=ORIENTED_EDGE('',*,*,#2905,.F.);
#1847=ORIENTED_EDGE('',*,*,#2925,.T.);
#1848=ORIENTED_EDGE('',*,*,#2867,.T.);
#1849=ORIENTED_EDGE('',*,*,#2866,.F.);
#1850=ORIENTED_EDGE('',*,*,#2928,.T.);
#1851=ORIENTED_EDGE('',*,*,#2890,.T.);
#1852=ORIENTED_EDGE('',*,*,#2927,.T.);
#1853=ORIENTED_EDGE('',*,*,#2929,.F.);
#1854=ORIENTED_EDGE('',*,*,#2859,.F.);
#1855=ORIENTED_EDGE('',*,*,#2930,.F.);
#1856=ORIENTED_EDGE('',*,*,#2913,.T.);
#1857=ORIENTED_EDGE('',*,*,#2923,.F.);
#1858=ORIENTED_EDGE('',*,*,#2833,.T.);
#1859=ORIENTED_EDGE('',*,*,#2820,.F.);
#1860=ORIENTED_EDGE('',*,*,#2816,.T.);
#1861=ORIENTED_EDGE('',*,*,#2880,.T.);
#1862=ORIENTED_EDGE('',*,*,#2879,.T.);
#1863=ORIENTED_EDGE('',*,*,#2931,.F.);
#1864=ORIENTED_EDGE('',*,*,#2932,.T.);
#1865=ORIENTED_EDGE('',*,*,#2836,.T.);
#1866=ORIENTED_EDGE('',*,*,#2871,.F.);
#1867=ORIENTED_EDGE('',*,*,#2933,.F.);
#1868=ORIENTED_EDGE('',*,*,#2934,.F.);
#1869=ORIENTED_EDGE('',*,*,#2935,.T.);
#1870=ORIENTED_EDGE('',*,*,#2837,.F.);
#1871=ORIENTED_EDGE('',*,*,#2932,.F.);
#1872=ORIENTED_EDGE('',*,*,#2936,.T.);
#1873=ORIENTED_EDGE('',*,*,#2937,.F.);
#1874=ORIENTED_EDGE('',*,*,#2938,.F.);
#1875=ORIENTED_EDGE('',*,*,#2939,.T.);
#1876=ORIENTED_EDGE('',*,*,#2940,.T.);
#1877=ORIENTED_EDGE('',*,*,#2941,.F.);
#1878=ORIENTED_EDGE('',*,*,#2942,.F.);
#1879=ORIENTED_EDGE('',*,*,#2943,.T.);
#1880=ORIENTED_EDGE('',*,*,#2944,.T.);
#1881=ORIENTED_EDGE('',*,*,#2945,.F.);
#1882=ORIENTED_EDGE('',*,*,#2858,.F.);
#1883=ORIENTED_EDGE('',*,*,#2946,.T.);
#1884=ORIENTED_EDGE('',*,*,#2947,.T.);
#1885=ORIENTED_EDGE('',*,*,#2942,.T.);
#1886=ORIENTED_EDGE('',*,*,#2948,.T.);
#1887=ORIENTED_EDGE('',*,*,#2862,.F.);
#1888=ORIENTED_EDGE('',*,*,#2949,.F.);
#1889=ORIENTED_EDGE('',*,*,#2914,.T.);
#1890=ORIENTED_EDGE('',*,*,#2930,.T.);
#1891=ORIENTED_EDGE('',*,*,#2938,.T.);
#1892=ORIENTED_EDGE('',*,*,#2937,.T.);
#1893=ORIENTED_EDGE('',*,*,#2945,.T.);
#1894=ORIENTED_EDGE('',*,*,#2950,.T.);
#1895=ORIENTED_EDGE('',*,*,#2951,.F.);
#1896=ORIENTED_EDGE('',*,*,#2856,.T.);
#1897=ORIENTED_EDGE('',*,*,#2888,.F.);
#1898=ORIENTED_EDGE('',*,*,#2892,.F.);
#1899=ORIENTED_EDGE('',*,*,#2952,.T.);
#1900=ORIENTED_EDGE('',*,*,#2864,.T.);
#1901=ORIENTED_EDGE('',*,*,#2953,.T.);
#1902=ORIENTED_EDGE('',*,*,#2940,.F.);
#1903=ORIENTED_EDGE('',*,*,#2954,.T.);
#1904=ORIENTED_EDGE('',*,*,#2955,.T.);
#1905=ORIENTED_EDGE('',*,*,#2939,.F.);
#1906=ORIENTED_EDGE('',*,*,#2956,.T.);
#1907=ORIENTED_EDGE('',*,*,#2882,.T.);
#1908=ORIENTED_EDGE('',*,*,#2957,.T.);
#1909=ORIENTED_EDGE('',*,*,#2881,.T.);
#1910=ORIENTED_EDGE('',*,*,#2910,.F.);
#1911=ORIENTED_EDGE('',*,*,#2957,.F.);
#1912=ORIENTED_EDGE('',*,*,#2911,.F.);
#1913=ORIENTED_EDGE('',*,*,#2956,.F.);
#1914=ORIENTED_EDGE('',*,*,#2828,.F.);
#1915=ORIENTED_EDGE('',*,*,#2824,.F.);
#1916=ORIENTED_EDGE('',*,*,#2958,.T.);
#1917=ORIENTED_EDGE('',*,*,#2850,.T.);
#1918=ORIENTED_EDGE('',*,*,#2959,.T.);
#1919=ORIENTED_EDGE('',*,*,#2823,.F.);
#1920=ORIENTED_EDGE('',*,*,#2960,.T.);
#1921=ORIENTED_EDGE('',*,*,#2851,.T.);
#1922=ORIENTED_EDGE('',*,*,#2958,.F.);
#1923=ORIENTED_EDGE('',*,*,#2961,.F.);
#1924=ORIENTED_EDGE('',*,*,#2962,.T.);
#1925=ORIENTED_EDGE('',*,*,#2963,.T.);
#1926=ORIENTED_EDGE('',*,*,#2964,.F.);
#1927=ORIENTED_EDGE('',*,*,#2965,.T.);
#1928=ORIENTED_EDGE('',*,*,#2848,.F.);
#1929=ORIENTED_EDGE('',*,*,#2966,.F.);
#1930=ORIENTED_EDGE('',*,*,#2964,.T.);
#1931=ORIENTED_EDGE('',*,*,#2967,.F.);
#1932=ORIENTED_EDGE('',*,*,#2961,.T.);
#1933=ORIENTED_EDGE('',*,*,#2966,.T.);
#1934=ORIENTED_EDGE('',*,*,#2847,.F.);
#1935=ORIENTED_EDGE('',*,*,#2968,.F.);
#1936=ORIENTED_EDGE('',*,*,#2969,.T.);
#1937=ORIENTED_EDGE('',*,*,#2963,.F.);
#1938=ORIENTED_EDGE('',*,*,#2970,.T.);
#1939=ORIENTED_EDGE('',*,*,#2845,.T.);
#1940=ORIENTED_EDGE('',*,*,#2965,.F.);
#1941=ORIENTED_EDGE('',*,*,#2971,.T.);
#1942=ORIENTED_EDGE('',*,*,#2972,.T.);
#1943=ORIENTED_EDGE('',*,*,#2973,.T.);
#1944=ORIENTED_EDGE('',*,*,#2808,.F.);
#1945=ORIENTED_EDGE('',*,*,#2834,.F.);
#1946=ORIENTED_EDGE('',*,*,#2935,.F.);
#1947=ORIENTED_EDGE('',*,*,#2933,.T.);
#1948=ORIENTED_EDGE('',*,*,#2971,.F.);
#1949=ORIENTED_EDGE('',*,*,#2829,.T.);
#1950=ORIENTED_EDGE('',*,*,#2813,.T.);
#1951=ORIENTED_EDGE('',*,*,#2968,.T.);
#1952=ORIENTED_EDGE('',*,*,#2969,.F.);
#1953=ORIENTED_EDGE('',*,*,#2825,.F.);
#1954=ORIENTED_EDGE('',*,*,#2959,.F.);
#1955=ORIENTED_EDGE('',*,*,#2955,.F.);
#1956=ORIENTED_EDGE('',*,*,#2944,.F.);
#1957=ORIENTED_EDGE('',*,*,#2950,.F.);
#1958=ORIENTED_EDGE('',*,*,#2936,.F.);
#1959=ORIENTED_EDGE('',*,*,#2861,.T.);
#1960=ORIENTED_EDGE('',*,*,#2974,.T.);
#1961=ORIENTED_EDGE('',*,*,#2915,.T.);
#1962=ORIENTED_EDGE('',*,*,#2949,.T.);
#1963=ORIENTED_EDGE('',*,*,#2865,.F.);
#1964=ORIENTED_EDGE('',*,*,#2952,.F.);
#1965=ORIENTED_EDGE('',*,*,#2891,.F.);
#1966=ORIENTED_EDGE('',*,*,#2928,.F.);
#1967=ORIENTED_EDGE('',*,*,#2947,.F.);
#1968=ORIENTED_EDGE('',*,*,#2975,.T.);
#1969=ORIENTED_EDGE('',*,*,#2954,.F.);
#1970=ORIENTED_EDGE('',*,*,#2943,.F.);
#1971=ORIENTED_EDGE('',*,*,#2857,.T.);
#1972=ORIENTED_EDGE('',*,*,#2951,.T.);
#1973=ORIENTED_EDGE('',*,*,#2975,.F.);
#1974=ORIENTED_EDGE('',*,*,#2946,.F.);
#1975=ORIENTED_EDGE('',*,*,#2870,.T.);
#1976=ORIENTED_EDGE('',*,*,#2976,.T.);
#1977=ORIENTED_EDGE('',*,*,#2972,.F.);
#1978=ORIENTED_EDGE('',*,*,#2934,.T.);
#1979=ORIENTED_EDGE('',*,*,#2931,.T.);
#1980=ORIENTED_EDGE('',*,*,#2832,.T.);
#1981=ORIENTED_EDGE('',*,*,#2977,.T.);
#1982=ORIENTED_EDGE('',*,*,#2852,.F.);
#1983=ORIENTED_EDGE('',*,*,#2814,.T.);
#1984=ORIENTED_EDGE('',*,*,#2819,.F.);
#1985=ORIENTED_EDGE('',*,*,#2967,.T.);
#1986=ORIENTED_EDGE('',*,*,#2846,.T.);
#1987=ORIENTED_EDGE('',*,*,#2970,.F.);
#1988=ORIENTED_EDGE('',*,*,#2962,.F.);
#1989=ORIENTED_EDGE('',*,*,#2827,.F.);
#1990=ORIENTED_EDGE('',*,*,#2849,.F.);
#1991=ORIENTED_EDGE('',*,*,#2960,.F.);
#1992=ORIENTED_EDGE('',*,*,#2822,.F.);
#1993=ORIENTED_EDGE('',*,*,#2953,.F.);
#1994=ORIENTED_EDGE('',*,*,#2863,.F.);
#1995=ORIENTED_EDGE('',*,*,#2948,.F.);
#1996=ORIENTED_EDGE('',*,*,#2941,.T.);
#1997=ORIENTED_EDGE('',*,*,#2883,.F.);
#1998=ORIENTED_EDGE('',*,*,#2978,.F.);
#1999=ORIENTED_EDGE('',*,*,#2979,.T.);
#2000=ORIENTED_EDGE('',*,*,#2980,.T.);
#2001=ORIENTED_EDGE('',*,*,#2886,.T.);
#2002=ORIENTED_EDGE('',*,*,#2981,.F.);
#2003=ORIENTED_EDGE('',*,*,#2982,.F.);
#2004=ORIENTED_EDGE('',*,*,#2978,.T.);
#2005=ORIENTED_EDGE('',*,*,#2885,.T.);
#2006=ORIENTED_EDGE('',*,*,#2983,.F.);
#2007=ORIENTED_EDGE('',*,*,#2984,.F.);
#2008=ORIENTED_EDGE('',*,*,#2981,.T.);
#2009=ORIENTED_EDGE('',*,*,#2800,.F.);
#2010=ORIENTED_EDGE('',*,*,#2985,.F.);
#2011=ORIENTED_EDGE('',*,*,#2986,.T.);
#2012=ORIENTED_EDGE('',*,*,#2987,.T.);
#2013=ORIENTED_EDGE('',*,*,#2803,.T.);
#2014=ORIENTED_EDGE('',*,*,#2988,.F.);
#2015=ORIENTED_EDGE('',*,*,#2989,.F.);
#2016=ORIENTED_EDGE('',*,*,#2985,.T.);
#2017=ORIENTED_EDGE('',*,*,#2802,.T.);
#2018=ORIENTED_EDGE('',*,*,#2990,.F.);
#2019=ORIENTED_EDGE('',*,*,#2991,.F.);
#2020=ORIENTED_EDGE('',*,*,#2988,.T.);
#2021=ORIENTED_EDGE('',*,*,#2801,.F.);
#2022=ORIENTED_EDGE('',*,*,#2987,.F.);
#2023=ORIENTED_EDGE('',*,*,#2992,.T.);
#2024=ORIENTED_EDGE('',*,*,#2990,.T.);
#2025=ORIENTED_EDGE('',*,*,#2884,.F.);
#2026=ORIENTED_EDGE('',*,*,#2980,.F.);
#2027=ORIENTED_EDGE('',*,*,#2993,.T.);
#2028=ORIENTED_EDGE('',*,*,#2983,.T.);
#2029=ORIENTED_EDGE('',*,*,#2986,.F.);
#2030=ORIENTED_EDGE('',*,*,#2989,.T.);
#2031=ORIENTED_EDGE('',*,*,#2991,.T.);
#2032=ORIENTED_EDGE('',*,*,#2992,.F.);
#2033=ORIENTED_EDGE('',*,*,#2979,.F.);
#2034=ORIENTED_EDGE('',*,*,#2982,.T.);
#2035=ORIENTED_EDGE('',*,*,#2984,.T.);
#2036=ORIENTED_EDGE('',*,*,#2993,.F.);
#2037=ORIENTED_EDGE('',*,*,#2907,.T.);
#2038=ORIENTED_EDGE('',*,*,#2994,.T.);
#2039=ORIENTED_EDGE('',*,*,#2804,.T.);
#2040=ORIENTED_EDGE('',*,*,#2995,.F.);
#2041=ORIENTED_EDGE('',*,*,#2996,.T.);
#2042=ORIENTED_EDGE('',*,*,#2805,.F.);
#2043=ORIENTED_EDGE('',*,*,#2994,.F.);
#2044=ORIENTED_EDGE('',*,*,#2906,.F.);
#2045=ORIENTED_EDGE('',*,*,#2908,.T.);
#2046=ORIENTED_EDGE('',*,*,#2995,.T.);
#2047=ORIENTED_EDGE('',*,*,#2807,.T.);
#2048=ORIENTED_EDGE('',*,*,#2997,.F.);
#2049=ORIENTED_EDGE('',*,*,#2997,.T.);
#2050=ORIENTED_EDGE('',*,*,#2806,.F.);
#2051=ORIENTED_EDGE('',*,*,#2996,.F.);
#2052=ORIENTED_EDGE('',*,*,#2909,.F.);
#2053=ORIENTED_EDGE('',*,*,#2894,.F.);
#2054=ORIENTED_EDGE('',*,*,#2926,.F.);
#2055=ORIENTED_EDGE('',*,*,#2853,.F.);
#2056=ORIENTED_EDGE('',*,*,#2977,.F.);
#2057=ORIENTED_EDGE('',*,*,#2831,.F.);
#2058=ORIENTED_EDGE('',*,*,#2922,.F.);
#2059=ORIENTED_EDGE('',*,*,#2903,.F.);
#2060=ORIENTED_EDGE('',*,*,#2809,.F.);
#2061=ORIENTED_EDGE('',*,*,#2973,.F.);
#2062=ORIENTED_EDGE('',*,*,#2976,.F.);
#2063=ORIENTED_EDGE('',*,*,#2869,.F.);
#2064=ORIENTED_EDGE('',*,*,#2924,.F.);
#2065=ORIENTED_EDGE('',*,*,#2974,.F.);
#2066=ORIENTED_EDGE('',*,*,#2860,.T.);
#2067=ORIENTED_EDGE('',*,*,#2929,.T.);
#2068=ORIENTED_EDGE('',*,*,#2912,.F.);
#2069=ORIENTED_EDGE('',*,*,#2998,.F.);
#2070=ORIENTED_EDGE('',*,*,#2999,.T.);
#2071=ORIENTED_EDGE('',*,*,#3000,.F.);
#2072=ORIENTED_EDGE('',*,*,#3001,.T.);
#2073=ORIENTED_EDGE('',*,*,#3002,.F.);
#2074=ORIENTED_EDGE('',*,*,#3003,.F.);
#2075=ORIENTED_EDGE('',*,*,#3004,.F.);
#2076=ORIENTED_EDGE('',*,*,#3005,.F.);
#2077=ORIENTED_EDGE('',*,*,#3006,.F.);
#2078=ORIENTED_EDGE('',*,*,#3007,.F.);
#2079=ORIENTED_EDGE('',*,*,#3008,.F.);
#2080=ORIENTED_EDGE('',*,*,#3009,.F.);
#2081=ORIENTED_EDGE('',*,*,#3010,.T.);
#2082=ORIENTED_EDGE('',*,*,#3011,.T.);
#2083=ORIENTED_EDGE('',*,*,#3012,.T.);
#2084=ORIENTED_EDGE('',*,*,#3013,.T.);
#2085=ORIENTED_EDGE('',*,*,#3007,.T.);
#2086=ORIENTED_EDGE('',*,*,#3014,.F.);
#2087=ORIENTED_EDGE('',*,*,#3002,.T.);
#2088=ORIENTED_EDGE('',*,*,#3015,.T.);
#2089=ORIENTED_EDGE('',*,*,#3008,.T.);
#2090=ORIENTED_EDGE('',*,*,#3015,.F.);
#2091=ORIENTED_EDGE('',*,*,#3005,.T.);
#2092=ORIENTED_EDGE('',*,*,#3016,.T.);
#2093=ORIENTED_EDGE('',*,*,#3017,.T.);
#2094=ORIENTED_EDGE('',*,*,#3009,.T.);
#2095=ORIENTED_EDGE('',*,*,#3016,.F.);
#2096=ORIENTED_EDGE('',*,*,#3004,.T.);
#2097=ORIENTED_EDGE('',*,*,#3018,.T.);
#2098=ORIENTED_EDGE('',*,*,#3006,.T.);
#2099=ORIENTED_EDGE('',*,*,#3018,.F.);
#2100=ORIENTED_EDGE('',*,*,#3003,.T.);
#2101=ORIENTED_EDGE('',*,*,#3014,.T.);
#2102=ORIENTED_EDGE('',*,*,#3019,.T.);
#2103=ORIENTED_EDGE('',*,*,#3020,.T.);
#2104=ORIENTED_EDGE('',*,*,#3021,.T.);
#2105=ORIENTED_EDGE('',*,*,#3022,.T.);
#2106=ORIENTED_EDGE('',*,*,#3023,.F.);
#2107=ORIENTED_EDGE('',*,*,#3024,.F.);
#2108=ORIENTED_EDGE('',*,*,#3011,.F.);
#2109=ORIENTED_EDGE('',*,*,#3025,.T.);
#2110=ORIENTED_EDGE('',*,*,#3026,.F.);
#2111=ORIENTED_EDGE('',*,*,#3027,.T.);
#2112=ORIENTED_EDGE('',*,*,#3022,.F.);
#2113=ORIENTED_EDGE('',*,*,#3028,.F.);
#2114=ORIENTED_EDGE('',*,*,#3012,.F.);
#2115=ORIENTED_EDGE('',*,*,#3024,.T.);
#2116=ORIENTED_EDGE('',*,*,#3021,.F.);
#2117=ORIENTED_EDGE('',*,*,#3029,.F.);
#2118=ORIENTED_EDGE('',*,*,#3013,.F.);
#2119=ORIENTED_EDGE('',*,*,#3028,.T.);
#2120=ORIENTED_EDGE('',*,*,#3030,.T.);
#2121=ORIENTED_EDGE('',*,*,#3026,.T.);
#2122=ORIENTED_EDGE('',*,*,#3023,.T.);
#2123=ORIENTED_EDGE('',*,*,#3031,.T.);
#2124=ORIENTED_EDGE('',*,*,#3032,.T.);
#2125=ORIENTED_EDGE('',*,*,#3031,.F.);
#2126=ORIENTED_EDGE('',*,*,#3025,.F.);
#2127=ORIENTED_EDGE('',*,*,#3010,.F.);
#2128=ORIENTED_EDGE('',*,*,#3029,.T.);
#2129=ORIENTED_EDGE('',*,*,#3020,.F.);
#2130=ORIENTED_EDGE('',*,*,#3033,.F.);
#2131=ORIENTED_EDGE('',*,*,#3017,.F.);
#2132=ORIENTED_EDGE('',*,*,#2999,.F.);
#2133=ORIENTED_EDGE('',*,*,#3001,.F.);
#2134=ORIENTED_EDGE('',*,*,#3033,.T.);
#2135=ORIENTED_EDGE('',*,*,#3027,.F.);
#2136=ORIENTED_EDGE('',*,*,#3030,.F.);
#2137=ORIENTED_EDGE('',*,*,#3032,.F.);
#2138=ORIENTED_EDGE('',*,*,#3019,.F.);
#2139=ORIENTED_EDGE('',*,*,#2998,.T.);
#2140=ORIENTED_EDGE('',*,*,#3000,.T.);
#2141=ORIENTED_EDGE('',*,*,#3034,.T.);
#2142=ORIENTED_EDGE('',*,*,#3035,.F.);
#2143=ORIENTED_EDGE('',*,*,#3036,.F.);
#2144=ORIENTED_EDGE('',*,*,#3037,.T.);
#2145=ORIENTED_EDGE('',*,*,#3038,.T.);
#2146=ORIENTED_EDGE('',*,*,#3039,.F.);
#2147=ORIENTED_EDGE('',*,*,#3040,.F.);
#2148=ORIENTED_EDGE('',*,*,#3041,.T.);
#2149=ORIENTED_EDGE('',*,*,#3042,.F.);
#2150=ORIENTED_EDGE('',*,*,#3043,.F.);
#2151=ORIENTED_EDGE('',*,*,#3044,.F.);
#2152=ORIENTED_EDGE('',*,*,#3034,.F.);
#2153=ORIENTED_EDGE('',*,*,#3045,.F.);
#2154=ORIENTED_EDGE('',*,*,#3035,.T.);
#2155=ORIENTED_EDGE('',*,*,#3046,.T.);
#2156=ORIENTED_EDGE('',*,*,#3047,.F.);
#2157=ORIENTED_EDGE('',*,*,#3048,.T.);
#2158=ORIENTED_EDGE('',*,*,#3049,.T.);
#2159=ORIENTED_EDGE('',*,*,#3050,.T.);
#2160=ORIENTED_EDGE('',*,*,#3051,.F.);
#2161=ORIENTED_EDGE('',*,*,#3052,.F.);
#2162=ORIENTED_EDGE('',*,*,#3037,.F.);
#2163=ORIENTED_EDGE('',*,*,#3053,.T.);
#2164=ORIENTED_EDGE('',*,*,#3054,.F.);
#2165=ORIENTED_EDGE('',*,*,#3055,.T.);
#2166=ORIENTED_EDGE('',*,*,#3056,.F.);
#2167=ORIENTED_EDGE('',*,*,#3050,.F.);
#2168=ORIENTED_EDGE('',*,*,#3057,.F.);
#2169=ORIENTED_EDGE('',*,*,#3058,.T.);
#2170=ORIENTED_EDGE('',*,*,#3059,.T.);
#2171=ORIENTED_EDGE('',*,*,#3060,.F.);
#2172=ORIENTED_EDGE('',*,*,#3061,.T.);
#2173=ORIENTED_EDGE('',*,*,#3062,.F.);
#2174=ORIENTED_EDGE('',*,*,#3039,.T.);
#2175=ORIENTED_EDGE('',*,*,#3063,.T.);
#2176=ORIENTED_EDGE('',*,*,#3064,.F.);
#2177=ORIENTED_EDGE('',*,*,#3055,.F.);
#2178=ORIENTED_EDGE('',*,*,#3065,.F.);
#2179=ORIENTED_EDGE('',*,*,#3053,.F.);
#2180=ORIENTED_EDGE('',*,*,#3036,.T.);
#2181=ORIENTED_EDGE('',*,*,#3066,.F.);
#2182=ORIENTED_EDGE('',*,*,#3040,.T.);
#2183=ORIENTED_EDGE('',*,*,#3062,.T.);
#2184=ORIENTED_EDGE('',*,*,#3067,.F.);
#2185=ORIENTED_EDGE('',*,*,#3063,.F.);
#2186=ORIENTED_EDGE('',*,*,#3038,.F.);
#2187=ORIENTED_EDGE('',*,*,#3052,.T.);
#2188=ORIENTED_EDGE('',*,*,#3068,.F.);
#2189=ORIENTED_EDGE('',*,*,#3058,.F.);
#2190=ORIENTED_EDGE('',*,*,#3069,.T.);
#2191=ORIENTED_EDGE('',*,*,#3049,.F.);
#2192=ORIENTED_EDGE('',*,*,#3070,.F.);
#2193=ORIENTED_EDGE('',*,*,#3061,.F.);
#2194=ORIENTED_EDGE('',*,*,#3071,.T.);
#2195=ORIENTED_EDGE('',*,*,#3046,.F.);
#2196=ORIENTED_EDGE('',*,*,#3069,.F.);
#2197=ORIENTED_EDGE('',*,*,#3071,.F.);
#2198=ORIENTED_EDGE('',*,*,#3060,.T.);
#2199=ORIENTED_EDGE('',*,*,#3072,.T.);
#2200=ORIENTED_EDGE('',*,*,#3047,.T.);
#2201=ORIENTED_EDGE('',*,*,#3059,.F.);
#2202=ORIENTED_EDGE('',*,*,#3070,.T.);
#2203=ORIENTED_EDGE('',*,*,#3048,.F.);
#2204=ORIENTED_EDGE('',*,*,#3072,.F.);
#2205=ORIENTED_EDGE('',*,*,#3073,.T.);
#2206=ORIENTED_EDGE('',*,*,#3066,.T.);
#2207=ORIENTED_EDGE('',*,*,#3041,.F.);
#2208=ORIENTED_EDGE('',*,*,#3074,.T.);
#2209=ORIENTED_EDGE('',*,*,#3073,.F.);
#2210=ORIENTED_EDGE('',*,*,#3075,.T.);
#2211=ORIENTED_EDGE('',*,*,#3074,.F.);
#2212=ORIENTED_EDGE('',*,*,#3076,.F.);
#2213=ORIENTED_EDGE('',*,*,#3077,.F.);
#2214=ORIENTED_EDGE('',*,*,#3078,.F.);
#2215=ORIENTED_EDGE('',*,*,#3075,.F.);
#2216=ORIENTED_EDGE('',*,*,#3077,.T.);
#2217=ORIENTED_EDGE('',*,*,#3076,.T.);
#2218=ORIENTED_EDGE('',*,*,#3078,.T.);
#2219=ORIENTED_EDGE('',*,*,#3044,.T.);
#2220=ORIENTED_EDGE('',*,*,#3043,.T.);
#2221=ORIENTED_EDGE('',*,*,#3042,.T.);
#2222=ORIENTED_EDGE('',*,*,#3045,.T.);
#2223=ORIENTED_EDGE('',*,*,#3054,.T.);
#2224=ORIENTED_EDGE('',*,*,#3067,.T.);
#2225=ORIENTED_EDGE('',*,*,#3065,.T.);
#2226=ORIENTED_EDGE('',*,*,#3057,.T.);
#2227=ORIENTED_EDGE('',*,*,#3051,.T.);
#2228=ORIENTED_EDGE('',*,*,#3056,.T.);
#2229=ORIENTED_EDGE('',*,*,#3064,.T.);
#2230=ORIENTED_EDGE('',*,*,#3068,.T.);
#2231=ORIENTED_EDGE('',*,*,#3079,.F.);
#2232=ORIENTED_EDGE('',*,*,#3080,.F.);
#2233=ORIENTED_EDGE('',*,*,#3081,.F.);
#2234=ORIENTED_EDGE('',*,*,#3082,.F.);
#2235=ORIENTED_EDGE('',*,*,#3083,.F.);
#2236=ORIENTED_EDGE('',*,*,#3084,.F.);
#2237=ORIENTED_EDGE('',*,*,#3079,.T.);
#2238=ORIENTED_EDGE('',*,*,#3085,.T.);
#2239=ORIENTED_EDGE('',*,*,#3086,.F.);
#2240=ORIENTED_EDGE('',*,*,#3087,.T.);
#2241=ORIENTED_EDGE('',*,*,#3088,.T.);
#2242=ORIENTED_EDGE('',*,*,#3089,.T.);
#2243=ORIENTED_EDGE('',*,*,#3090,.T.);
#2244=ORIENTED_EDGE('',*,*,#3091,.F.);
#2245=ORIENTED_EDGE('',*,*,#3085,.F.);
#2246=ORIENTED_EDGE('',*,*,#3082,.T.);
#2247=ORIENTED_EDGE('',*,*,#3092,.T.);
#2248=ORIENTED_EDGE('',*,*,#3093,.F.);
#2249=ORIENTED_EDGE('',*,*,#3094,.F.);
#2250=ORIENTED_EDGE('',*,*,#3080,.T.);
#2251=ORIENTED_EDGE('',*,*,#3084,.T.);
#2252=ORIENTED_EDGE('',*,*,#3095,.F.);
#2253=ORIENTED_EDGE('',*,*,#3087,.F.);
#2254=ORIENTED_EDGE('',*,*,#3096,.F.);
#2255=ORIENTED_EDGE('',*,*,#3097,.F.);
#2256=ORIENTED_EDGE('',*,*,#3098,.F.);
#2257=ORIENTED_EDGE('',*,*,#3097,.T.);
#2258=ORIENTED_EDGE('',*,*,#3099,.F.);
#2259=ORIENTED_EDGE('',*,*,#3092,.F.);
#2260=ORIENTED_EDGE('',*,*,#3081,.T.);
#2261=ORIENTED_EDGE('',*,*,#3094,.T.);
#2262=ORIENTED_EDGE('',*,*,#3100,.T.);
#2263=ORIENTED_EDGE('',*,*,#3101,.T.);
#2264=ORIENTED_EDGE('',*,*,#3102,.T.);
#2265=ORIENTED_EDGE('',*,*,#3090,.F.);
#2266=ORIENTED_EDGE('',*,*,#3102,.F.);
#2267=ORIENTED_EDGE('',*,*,#3089,.F.);
#2268=ORIENTED_EDGE('',*,*,#3101,.F.);
#2269=ORIENTED_EDGE('',*,*,#3088,.F.);
#2270=ORIENTED_EDGE('',*,*,#3100,.F.);
#2271=ORIENTED_EDGE('',*,*,#3098,.T.);
#2272=ORIENTED_EDGE('',*,*,#3093,.T.);
#2273=ORIENTED_EDGE('',*,*,#3083,.T.);
#2274=ORIENTED_EDGE('',*,*,#3095,.T.);
#2275=ORIENTED_EDGE('',*,*,#3086,.T.);
#2276=ORIENTED_EDGE('',*,*,#3091,.T.);
#2277=ORIENTED_EDGE('',*,*,#3099,.T.);
#2278=ORIENTED_EDGE('',*,*,#3096,.T.);
#2279=ORIENTED_EDGE('',*,*,#3103,.T.);
#2280=ORIENTED_EDGE('',*,*,#3104,.F.);
#2281=ORIENTED_EDGE('',*,*,#3105,.T.);
#2282=ORIENTED_EDGE('',*,*,#3106,.T.);
#2283=ORIENTED_EDGE('',*,*,#3107,.F.);
#2284=ORIENTED_EDGE('',*,*,#3108,.T.);
#2285=ORIENTED_EDGE('',*,*,#3109,.F.);
#2286=ORIENTED_EDGE('',*,*,#3110,.F.);
#2287=ORIENTED_EDGE('',*,*,#3111,.T.);
#2288=ORIENTED_EDGE('',*,*,#3112,.F.);
#2289=ORIENTED_EDGE('',*,*,#3113,.F.);
#2290=ORIENTED_EDGE('',*,*,#3114,.T.);
#2291=ORIENTED_EDGE('',*,*,#3115,.F.);
#2292=ORIENTED_EDGE('',*,*,#3116,.F.);
#2293=ORIENTED_EDGE('',*,*,#3117,.T.);
#2294=ORIENTED_EDGE('',*,*,#3118,.F.);
#2295=ORIENTED_EDGE('',*,*,#3119,.F.);
#2296=ORIENTED_EDGE('',*,*,#3120,.T.);
#2297=ORIENTED_EDGE('',*,*,#3121,.F.);
#2298=ORIENTED_EDGE('',*,*,#3122,.F.);
#2299=ORIENTED_EDGE('',*,*,#3123,.T.);
#2300=ORIENTED_EDGE('',*,*,#3124,.F.);
#2301=ORIENTED_EDGE('',*,*,#3103,.F.);
#2302=ORIENTED_EDGE('',*,*,#3125,.T.);
#2303=ORIENTED_EDGE('',*,*,#3126,.T.);
#2304=ORIENTED_EDGE('',*,*,#3127,.T.);
#2305=ORIENTED_EDGE('',*,*,#3128,.T.);
#2306=ORIENTED_EDGE('',*,*,#3129,.T.);
#2307=ORIENTED_EDGE('',*,*,#3130,.T.);
#2308=ORIENTED_EDGE('',*,*,#3131,.T.);
#2309=ORIENTED_EDGE('',*,*,#3132,.T.);
#2310=ORIENTED_EDGE('',*,*,#3133,.T.);
#2311=ORIENTED_EDGE('',*,*,#3134,.T.);
#2312=ORIENTED_EDGE('',*,*,#3135,.T.);
#2313=ORIENTED_EDGE('',*,*,#3136,.T.);
#2314=ORIENTED_EDGE('',*,*,#3137,.T.);
#2315=ORIENTED_EDGE('',*,*,#3138,.T.);
#2316=ORIENTED_EDGE('',*,*,#3139,.T.);
#2317=ORIENTED_EDGE('',*,*,#3140,.T.);
#2318=ORIENTED_EDGE('',*,*,#3141,.T.);
#2319=ORIENTED_EDGE('',*,*,#3142,.T.);
#2320=ORIENTED_EDGE('',*,*,#3104,.T.);
#2321=ORIENTED_EDGE('',*,*,#3143,.F.);
#2322=ORIENTED_EDGE('',*,*,#3144,.F.);
#2323=ORIENTED_EDGE('',*,*,#3145,.F.);
#2324=ORIENTED_EDGE('',*,*,#3123,.F.);
#2325=ORIENTED_EDGE('',*,*,#3146,.F.);
#2326=ORIENTED_EDGE('',*,*,#3147,.F.);
#2327=ORIENTED_EDGE('',*,*,#3148,.F.);
#2328=ORIENTED_EDGE('',*,*,#3120,.F.);
#2329=ORIENTED_EDGE('',*,*,#3149,.F.);
#2330=ORIENTED_EDGE('',*,*,#3150,.F.);
#2331=ORIENTED_EDGE('',*,*,#3151,.F.);
#2332=ORIENTED_EDGE('',*,*,#3117,.F.);
#2333=ORIENTED_EDGE('',*,*,#3152,.F.);
#2334=ORIENTED_EDGE('',*,*,#3153,.F.);
#2335=ORIENTED_EDGE('',*,*,#3154,.F.);
#2336=ORIENTED_EDGE('',*,*,#3114,.F.);
#2337=ORIENTED_EDGE('',*,*,#3155,.F.);
#2338=ORIENTED_EDGE('',*,*,#3156,.F.);
#2339=ORIENTED_EDGE('',*,*,#3157,.F.);
#2340=ORIENTED_EDGE('',*,*,#3111,.F.);
#2341=ORIENTED_EDGE('',*,*,#3158,.F.);
#2342=ORIENTED_EDGE('',*,*,#3159,.F.);
#2343=ORIENTED_EDGE('',*,*,#3160,.F.);
#2344=ORIENTED_EDGE('',*,*,#3108,.F.);
#2345=ORIENTED_EDGE('',*,*,#3105,.F.);
#2346=ORIENTED_EDGE('',*,*,#3161,.F.);
#2347=ORIENTED_EDGE('',*,*,#3125,.F.);
#2348=ORIENTED_EDGE('',*,*,#3162,.F.);
#2349=ORIENTED_EDGE('',*,*,#3163,.F.);
#2350=ORIENTED_EDGE('',*,*,#3164,.F.);
#2351=ORIENTED_EDGE('',*,*,#3140,.F.);
#2352=ORIENTED_EDGE('',*,*,#3165,.F.);
#2353=ORIENTED_EDGE('',*,*,#3166,.F.);
#2354=ORIENTED_EDGE('',*,*,#3167,.F.);
#2355=ORIENTED_EDGE('',*,*,#3137,.F.);
#2356=ORIENTED_EDGE('',*,*,#3168,.F.);
#2357=ORIENTED_EDGE('',*,*,#3169,.F.);
#2358=ORIENTED_EDGE('',*,*,#3170,.F.);
#2359=ORIENTED_EDGE('',*,*,#3134,.F.);
#2360=ORIENTED_EDGE('',*,*,#3171,.F.);
#2361=ORIENTED_EDGE('',*,*,#3172,.F.);
#2362=ORIENTED_EDGE('',*,*,#3173,.F.);
#2363=ORIENTED_EDGE('',*,*,#3131,.F.);
#2364=ORIENTED_EDGE('',*,*,#3174,.F.);
#2365=ORIENTED_EDGE('',*,*,#3175,.F.);
#2366=ORIENTED_EDGE('',*,*,#3176,.F.);
#2367=ORIENTED_EDGE('',*,*,#3128,.F.);
#2368=ORIENTED_EDGE('',*,*,#3177,.F.);
#2369=ORIENTED_EDGE('',*,*,#3178,.F.);
#2370=ORIENTED_EDGE('',*,*,#3106,.F.);
#2371=ORIENTED_EDGE('',*,*,#3155,.T.);
#2372=ORIENTED_EDGE('',*,*,#3113,.T.);
#2373=ORIENTED_EDGE('',*,*,#3179,.F.);
#2374=ORIENTED_EDGE('',*,*,#3138,.F.);
#2375=ORIENTED_EDGE('',*,*,#3167,.T.);
#2376=ORIENTED_EDGE('',*,*,#3180,.T.);
#2377=ORIENTED_EDGE('',*,*,#3157,.T.);
#2378=ORIENTED_EDGE('',*,*,#3181,.F.);
#2379=ORIENTED_EDGE('',*,*,#3165,.T.);
#2380=ORIENTED_EDGE('',*,*,#3139,.F.);
#2381=ORIENTED_EDGE('',*,*,#3179,.T.);
#2382=ORIENTED_EDGE('',*,*,#3112,.T.);
#2383=ORIENTED_EDGE('',*,*,#3156,.T.);
#2384=ORIENTED_EDGE('',*,*,#3180,.F.);
#2385=ORIENTED_EDGE('',*,*,#3166,.T.);
#2386=ORIENTED_EDGE('',*,*,#3181,.T.);
#2387=ORIENTED_EDGE('',*,*,#3160,.T.);
#2388=ORIENTED_EDGE('',*,*,#3182,.F.);
#2389=ORIENTED_EDGE('',*,*,#3162,.T.);
#2390=ORIENTED_EDGE('',*,*,#3142,.F.);
#2391=ORIENTED_EDGE('',*,*,#3183,.T.);
#2392=ORIENTED_EDGE('',*,*,#3109,.T.);
#2393=ORIENTED_EDGE('',*,*,#3158,.T.);
#2394=ORIENTED_EDGE('',*,*,#3110,.T.);
#2395=ORIENTED_EDGE('',*,*,#3183,.F.);
#2396=ORIENTED_EDGE('',*,*,#3141,.F.);
#2397=ORIENTED_EDGE('',*,*,#3164,.T.);
#2398=ORIENTED_EDGE('',*,*,#3184,.T.);
#2399=ORIENTED_EDGE('',*,*,#3159,.T.);
#2400=ORIENTED_EDGE('',*,*,#3184,.F.);
#2401=ORIENTED_EDGE('',*,*,#3163,.T.);
#2402=ORIENTED_EDGE('',*,*,#3182,.T.);
#2403=ORIENTED_EDGE('',*,*,#3151,.T.);
#2404=ORIENTED_EDGE('',*,*,#3185,.F.);
#2405=ORIENTED_EDGE('',*,*,#3171,.T.);
#2406=ORIENTED_EDGE('',*,*,#3133,.F.);
#2407=ORIENTED_EDGE('',*,*,#3186,.T.);
#2408=ORIENTED_EDGE('',*,*,#3118,.T.);
#2409=ORIENTED_EDGE('',*,*,#3149,.T.);
#2410=ORIENTED_EDGE('',*,*,#3119,.T.);
#2411=ORIENTED_EDGE('',*,*,#3186,.F.);
#2412=ORIENTED_EDGE('',*,*,#3132,.F.);
#2413=ORIENTED_EDGE('',*,*,#3173,.T.);
#2414=ORIENTED_EDGE('',*,*,#3187,.T.);
#2415=ORIENTED_EDGE('',*,*,#3150,.T.);
#2416=ORIENTED_EDGE('',*,*,#3187,.F.);
#2417=ORIENTED_EDGE('',*,*,#3172,.T.);
#2418=ORIENTED_EDGE('',*,*,#3185,.T.);
#2419=ORIENTED_EDGE('',*,*,#3154,.T.);
#2420=ORIENTED_EDGE('',*,*,#3188,.F.);
#2421=ORIENTED_EDGE('',*,*,#3168,.T.);
#2422=ORIENTED_EDGE('',*,*,#3136,.F.);
#2423=ORIENTED_EDGE('',*,*,#3189,.T.);
#2424=ORIENTED_EDGE('',*,*,#3115,.T.);
#2425=ORIENTED_EDGE('',*,*,#3152,.T.);
#2426=ORIENTED_EDGE('',*,*,#3116,.T.);
#2427=ORIENTED_EDGE('',*,*,#3189,.F.);
#2428=ORIENTED_EDGE('',*,*,#3135,.F.);
#2429=ORIENTED_EDGE('',*,*,#3170,.T.);
#2430=ORIENTED_EDGE('',*,*,#3190,.T.);
#2431=ORIENTED_EDGE('',*,*,#3153,.T.);
#2432=ORIENTED_EDGE('',*,*,#3190,.F.);
#2433=ORIENTED_EDGE('',*,*,#3169,.T.);
#2434=ORIENTED_EDGE('',*,*,#3188,.T.);
#2435=ORIENTED_EDGE('',*,*,#3148,.T.);
#2436=ORIENTED_EDGE('',*,*,#3191,.F.);
#2437=ORIENTED_EDGE('',*,*,#3174,.T.);
#2438=ORIENTED_EDGE('',*,*,#3130,.F.);
#2439=ORIENTED_EDGE('',*,*,#3192,.T.);
#2440=ORIENTED_EDGE('',*,*,#3121,.T.);
#2441=ORIENTED_EDGE('',*,*,#3146,.T.);
#2442=ORIENTED_EDGE('',*,*,#3122,.T.);
#2443=ORIENTED_EDGE('',*,*,#3192,.F.);
#2444=ORIENTED_EDGE('',*,*,#3129,.F.);
#2445=ORIENTED_EDGE('',*,*,#3176,.T.);
#2446=ORIENTED_EDGE('',*,*,#3193,.T.);
#2447=ORIENTED_EDGE('',*,*,#3147,.T.);
#2448=ORIENTED_EDGE('',*,*,#3193,.F.);
#2449=ORIENTED_EDGE('',*,*,#3175,.T.);
#2450=ORIENTED_EDGE('',*,*,#3191,.T.);
#2451=ORIENTED_EDGE('',*,*,#3143,.T.);
#2452=ORIENTED_EDGE('',*,*,#3107,.T.);
#2453=ORIENTED_EDGE('',*,*,#3194,.F.);
#2454=ORIENTED_EDGE('',*,*,#3126,.F.);
#2455=ORIENTED_EDGE('',*,*,#3161,.T.);
#2456=ORIENTED_EDGE('',*,*,#3195,.T.);
#2457=ORIENTED_EDGE('',*,*,#3145,.T.);
#2458=ORIENTED_EDGE('',*,*,#3196,.F.);
#2459=ORIENTED_EDGE('',*,*,#3177,.T.);
#2460=ORIENTED_EDGE('',*,*,#3127,.F.);
#2461=ORIENTED_EDGE('',*,*,#3194,.T.);
#2462=ORIENTED_EDGE('',*,*,#3124,.T.);
#2463=ORIENTED_EDGE('',*,*,#3144,.T.);
#2464=ORIENTED_EDGE('',*,*,#3195,.F.);
#2465=ORIENTED_EDGE('',*,*,#3178,.T.);
#2466=ORIENTED_EDGE('',*,*,#3196,.T.);
#2467=ORIENTED_EDGE('',*,*,#3197,.F.);
#2468=ORIENTED_EDGE('',*,*,#3198,.F.);
#2469=ORIENTED_EDGE('',*,*,#3199,.T.);
#2470=ORIENTED_EDGE('',*,*,#3200,.F.);
#2471=ORIENTED_EDGE('',*,*,#3201,.T.);
#2472=ORIENTED_EDGE('',*,*,#3202,.F.);
#2473=ORIENTED_EDGE('',*,*,#3203,.T.);
#2474=ORIENTED_EDGE('',*,*,#3204,.F.);
#2475=ORIENTED_EDGE('',*,*,#3199,.F.);
#2476=ORIENTED_EDGE('',*,*,#3201,.F.);
#2477=ORIENTED_EDGE('',*,*,#3203,.F.);
#2478=ORIENTED_EDGE('',*,*,#3204,.T.);
#2479=ORIENTED_EDGE('',*,*,#3200,.T.);
#2480=ORIENTED_EDGE('',*,*,#3202,.T.);
#2481=ORIENTED_EDGE('',*,*,#3197,.T.);
#2482=ORIENTED_EDGE('',*,*,#3198,.T.);
#2483=ORIENTED_EDGE('',*,*,#3205,.T.);
#2484=ORIENTED_EDGE('',*,*,#3206,.T.);
#2485=ORIENTED_EDGE('',*,*,#3207,.T.);
#2486=ORIENTED_EDGE('',*,*,#3208,.T.);
#2487=ORIENTED_EDGE('',*,*,#3209,.T.);
#2488=ORIENTED_EDGE('',*,*,#3207,.F.);
#2489=ORIENTED_EDGE('',*,*,#3210,.T.);
#2490=ORIENTED_EDGE('',*,*,#3211,.T.);
#2491=ORIENTED_EDGE('',*,*,#3212,.T.);
#2492=ORIENTED_EDGE('',*,*,#3213,.T.);
#2493=ORIENTED_EDGE('',*,*,#3211,.F.);
#2494=ORIENTED_EDGE('',*,*,#3214,.T.);
#2495=ORIENTED_EDGE('',*,*,#3215,.T.);
#2496=ORIENTED_EDGE('',*,*,#3216,.F.);
#2497=ORIENTED_EDGE('',*,*,#3217,.T.);
#2498=ORIENTED_EDGE('',*,*,#3218,.T.);
#2499=ORIENTED_EDGE('',*,*,#3219,.T.);
#2500=ORIENTED_EDGE('',*,*,#3220,.T.);
#2501=ORIENTED_EDGE('',*,*,#3218,.F.);
#2502=ORIENTED_EDGE('',*,*,#3221,.T.);
#2503=ORIENTED_EDGE('',*,*,#3222,.T.);
#2504=ORIENTED_EDGE('',*,*,#3214,.F.);
#2505=ORIENTED_EDGE('',*,*,#3210,.F.);
#2506=ORIENTED_EDGE('',*,*,#3206,.F.);
#2507=ORIENTED_EDGE('',*,*,#3223,.T.);
#2508=ORIENTED_EDGE('',*,*,#3224,.T.);
#2509=ORIENTED_EDGE('',*,*,#3225,.T.);
#2510=ORIENTED_EDGE('',*,*,#3221,.F.);
#2511=ORIENTED_EDGE('',*,*,#3217,.F.);
#2512=ORIENTED_EDGE('',*,*,#3226,.F.);
#2513=ORIENTED_EDGE('',*,*,#3227,.T.);
#2514=ORIENTED_EDGE('',*,*,#3228,.T.);
#2515=ORIENTED_EDGE('',*,*,#3229,.T.);
#2516=ORIENTED_EDGE('',*,*,#3230,.T.);
#2517=ORIENTED_EDGE('',*,*,#3231,.T.);
#2518=ORIENTED_EDGE('',*,*,#3232,.T.);
#2519=ORIENTED_EDGE('',*,*,#3223,.F.);
#2520=ORIENTED_EDGE('',*,*,#3205,.F.);
#2521=ORIENTED_EDGE('',*,*,#3233,.F.);
#2522=ORIENTED_EDGE('',*,*,#3234,.T.);
#2523=ORIENTED_EDGE('',*,*,#3225,.F.);
#2524=ORIENTED_EDGE('',*,*,#3235,.F.);
#2525=ORIENTED_EDGE('',*,*,#3236,.F.);
#2526=ORIENTED_EDGE('',*,*,#3219,.F.);
#2527=ORIENTED_EDGE('',*,*,#3224,.F.);
#2528=ORIENTED_EDGE('',*,*,#3234,.F.);
#2529=ORIENTED_EDGE('',*,*,#3237,.F.);
#2530=ORIENTED_EDGE('',*,*,#3235,.T.);
#2531=ORIENTED_EDGE('',*,*,#3238,.T.);
#2532=ORIENTED_EDGE('',*,*,#3226,.T.);
#2533=ORIENTED_EDGE('',*,*,#3216,.T.);
#2534=ORIENTED_EDGE('',*,*,#3239,.T.);
#2535=ORIENTED_EDGE('',*,*,#3240,.T.);
#2536=ORIENTED_EDGE('',*,*,#3241,.T.);
#2537=ORIENTED_EDGE('',*,*,#3242,.T.);
#2538=ORIENTED_EDGE('',*,*,#3239,.F.);
#2539=ORIENTED_EDGE('',*,*,#3215,.F.);
#2540=ORIENTED_EDGE('',*,*,#3220,.F.);
#2541=ORIENTED_EDGE('',*,*,#3236,.T.);
#2542=ORIENTED_EDGE('',*,*,#3237,.T.);
#2543=ORIENTED_EDGE('',*,*,#3233,.T.);
#2544=ORIENTED_EDGE('',*,*,#3208,.F.);
#2545=ORIENTED_EDGE('',*,*,#3209,.F.);
#2546=ORIENTED_EDGE('',*,*,#3213,.F.);
#2547=ORIENTED_EDGE('',*,*,#3243,.T.);
#2548=ORIENTED_EDGE('',*,*,#3244,.T.);
#2549=ORIENTED_EDGE('',*,*,#3245,.T.);
#2550=ORIENTED_EDGE('',*,*,#3246,.T.);
#2551=ORIENTED_EDGE('',*,*,#3228,.F.);
#2552=ORIENTED_EDGE('',*,*,#3247,.F.);
#2553=ORIENTED_EDGE('',*,*,#3241,.F.);
#2554=ORIENTED_EDGE('',*,*,#3248,.T.);
#2555=ORIENTED_EDGE('',*,*,#3222,.F.);
#2556=ORIENTED_EDGE('',*,*,#3248,.F.);
#2557=ORIENTED_EDGE('',*,*,#3240,.F.);
#2558=ORIENTED_EDGE('',*,*,#3212,.F.);
#2559=ORIENTED_EDGE('',*,*,#3227,.F.);
#2560=ORIENTED_EDGE('',*,*,#3238,.F.);
#2561=ORIENTED_EDGE('',*,*,#3242,.F.);
#2562=ORIENTED_EDGE('',*,*,#3247,.T.);
#2563=ORIENTED_EDGE('',*,*,#3232,.F.);
#2564=ORIENTED_EDGE('',*,*,#3246,.F.);
#2565=ORIENTED_EDGE('',*,*,#3231,.F.);
#2566=ORIENTED_EDGE('',*,*,#3245,.F.);
#2567=ORIENTED_EDGE('',*,*,#3230,.F.);
#2568=ORIENTED_EDGE('',*,*,#3244,.F.);
#2569=ORIENTED_EDGE('',*,*,#3229,.F.);
#2570=ORIENTED_EDGE('',*,*,#3243,.F.);
#2571=ORIENTED_EDGE('',*,*,#3249,.T.);
#2572=ORIENTED_EDGE('',*,*,#3250,.F.);
#2573=ORIENTED_EDGE('',*,*,#3251,.F.);
#2574=ORIENTED_EDGE('',*,*,#3252,.T.);
#2575=ORIENTED_EDGE('',*,*,#3253,.T.);
#2576=ORIENTED_EDGE('',*,*,#3254,.F.);
#2577=ORIENTED_EDGE('',*,*,#3255,.F.);
#2578=ORIENTED_EDGE('',*,*,#3250,.T.);
#2579=ORIENTED_EDGE('',*,*,#3256,.F.);
#2580=ORIENTED_EDGE('',*,*,#3257,.F.);
#2581=ORIENTED_EDGE('',*,*,#3258,.T.);
#2582=ORIENTED_EDGE('',*,*,#3254,.T.);
#2583=ORIENTED_EDGE('',*,*,#3259,.F.);
#2584=ORIENTED_EDGE('',*,*,#3252,.F.);
#2585=ORIENTED_EDGE('',*,*,#3260,.T.);
#2586=ORIENTED_EDGE('',*,*,#3257,.T.);
#2587=ORIENTED_EDGE('',*,*,#3261,.F.);
#2588=ORIENTED_EDGE('',*,*,#3251,.T.);
#2589=ORIENTED_EDGE('',*,*,#3255,.T.);
#2590=ORIENTED_EDGE('',*,*,#3258,.F.);
#2591=ORIENTED_EDGE('',*,*,#3260,.F.);
#2592=ORIENTED_EDGE('',*,*,#3262,.F.);
#2593=ORIENTED_EDGE('',*,*,#3249,.F.);
#2594=ORIENTED_EDGE('',*,*,#3259,.T.);
#2595=ORIENTED_EDGE('',*,*,#3256,.T.);
#2596=ORIENTED_EDGE('',*,*,#3253,.F.);
#2597=ORIENTED_EDGE('',*,*,#3263,.F.);
#2598=ORIENTED_EDGE('',*,*,#3261,.T.);
#2599=ORIENTED_EDGE('',*,*,#3264,.F.);
#2600=ORIENTED_EDGE('',*,*,#3263,.T.);
#2601=ORIENTED_EDGE('',*,*,#3265,.F.);
#2602=ORIENTED_EDGE('',*,*,#3264,.T.);
#2603=ORIENTED_EDGE('',*,*,#3265,.T.);
#2604=ORIENTED_EDGE('',*,*,#3266,.F.);
#2605=ORIENTED_EDGE('',*,*,#3262,.T.);
#2606=ORIENTED_EDGE('',*,*,#3267,.F.);
#2607=ORIENTED_EDGE('',*,*,#3266,.T.);
#2608=ORIENTED_EDGE('',*,*,#3268,.F.);
#2609=ORIENTED_EDGE('',*,*,#3267,.T.);
#2610=ORIENTED_EDGE('',*,*,#3268,.T.);
#2611=EDGE_CURVE('',#3269,#3269,#3732,.T.);
#2612=EDGE_CURVE('',#3270,#3270,#3733,.T.);
#2613=EDGE_CURVE('',#3271,#3272,#403,.T.);
#2614=EDGE_CURVE('',#3273,#3272,#309,.T.);
#2615=EDGE_CURVE('',#3273,#3274,#404,.T.);
#2616=EDGE_CURVE('',#3274,#3275,#3734,.T.);
#2617=EDGE_CURVE('',#3276,#3275,#405,.T.);
#2618=EDGE_CURVE('',#3271,#3276,#3735,.T.);
#2619=EDGE_CURVE('',#3277,#3277,#3736,.F.);
#2620=EDGE_CURVE('',#3278,#3278,#3737,.T.);
#2621=EDGE_CURVE('',#3279,#3279,#3738,.F.);
#2622=EDGE_CURVE('',#3280,#3280,#3739,.T.);
#2623=EDGE_CURVE('',#3281,#3282,#3740,.T.);
#2624=EDGE_CURVE('',#3283,#3281,#406,.T.);
#2625=EDGE_CURVE('',#3284,#3283,#3741,.T.);
#2626=EDGE_CURVE('',#3284,#3282,#407,.T.);
#2627=EDGE_CURVE('',#3285,#3286,#408,.T.);
#2628=EDGE_CURVE('',#3285,#3287,#310,.T.);
#2629=EDGE_CURVE('',#3271,#3287,#409,.T.);
#2630=EDGE_CURVE('',#3276,#3288,#410,.T.);
#2631=EDGE_CURVE('',#3288,#3286,#311,.T.);
#2632=EDGE_CURVE('',#3289,#3290,#411,.T.);
#2633=EDGE_CURVE('',#3289,#3285,#312,.T.);
#2634=EDGE_CURVE('',#3286,#3290,#313,.T.);
#2635=EDGE_CURVE('',#3291,#3292,#412,.T.);
#2636=EDGE_CURVE('',#3293,#3291,#3742,.T.);
#2637=EDGE_CURVE('',#3293,#3294,#413,.T.);
#2638=EDGE_CURVE('',#3292,#3294,#3743,.T.);
#2639=EDGE_CURVE('',#3274,#3295,#414,.T.);
#2640=EDGE_CURVE('',#3295,#3289,#314,.T.);
#2641=EDGE_CURVE('',#3290,#3296,#315,.T.);
#2642=EDGE_CURVE('',#3275,#3296,#415,.T.);
#2643=EDGE_CURVE('',#3287,#3295,#316,.T.);
#2644=EDGE_CURVE('',#3273,#3272,#3744,.F.);
#2645=EDGE_CURVE('',#3296,#3288,#317,.T.);
#2646=EDGE_CURVE('',#3292,#3283,#416,.T.);
#2647=EDGE_CURVE('',#3291,#3281,#417,.T.);
#2648=EDGE_CURVE('',#3293,#3282,#418,.T.);
#2649=EDGE_CURVE('',#3294,#3284,#419,.T.);
#2650=EDGE_CURVE('',#3297,#3297,#3745,.T.);
#2651=EDGE_CURVE('',#3298,#3298,#3746,.T.);
#2652=EDGE_CURVE('',#3299,#3299,#3747,.T.);
#2653=EDGE_CURVE('',#3300,#3300,#3748,.F.);
#2654=EDGE_CURVE('',#3301,#3301,#3749,.T.);
#2655=EDGE_CURVE('',#3302,#3302,#3750,.T.);
#2656=EDGE_CURVE('',#3303,#3304,#420,.T.);
#2657=EDGE_CURVE('',#3305,#3303,#421,.T.);
#2658=EDGE_CURVE('',#3306,#3305,#422,.T.);
#2659=EDGE_CURVE('',#3304,#3306,#423,.T.);
#2660=EDGE_CURVE('',#3307,#3308,#424,.T.);
#2661=EDGE_CURVE('',#3309,#3307,#425,.T.);
#2662=EDGE_CURVE('',#3310,#3309,#426,.T.);
#2663=EDGE_CURVE('',#3308,#3310,#427,.T.);
#2664=EDGE_CURVE('',#3303,#3307,#428,.T.);
#2665=EDGE_CURVE('',#3304,#3309,#429,.T.);
#2666=EDGE_CURVE('',#3306,#3310,#430,.T.);
#2667=EDGE_CURVE('',#3305,#3308,#431,.T.);
#2668=EDGE_CURVE('',#3311,#3312,#432,.T.);
#2669=EDGE_CURVE('',#3311,#3313,#433,.T.);
#2670=EDGE_CURVE('',#3313,#3314,#434,.T.);
#2671=EDGE_CURVE('',#3314,#3315,#435,.F.);
#2672=EDGE_CURVE('',#3315,#3316,#436,.T.);
#2673=EDGE_CURVE('',#3316,#3312,#437,.T.);
#2674=EDGE_CURVE('',#3317,#3317,#3751,.T.);
#2675=EDGE_CURVE('',#3318,#3318,#3752,.T.);
#2676=EDGE_CURVE('',#3319,#3320,#438,.T.);
#2677=EDGE_CURVE('',#3320,#3321,#439,.T.);
#2678=EDGE_CURVE('',#3322,#3321,#440,.T.);
#2679=EDGE_CURVE('',#3322,#3323,#441,.F.);
#2680=EDGE_CURVE('',#3324,#3323,#442,.T.);
#2681=EDGE_CURVE('',#3324,#3325,#443,.T.);
#2682=EDGE_CURVE('',#3325,#3326,#444,.T.);
#2683=EDGE_CURVE('',#3326,#3319,#445,.F.);
#2684=EDGE_CURVE('',#3327,#3327,#3753,.T.);
#2685=EDGE_CURVE('',#3328,#3329,#446,.T.);
#2686=EDGE_CURVE('',#3329,#3326,#447,.T.);
#2687=EDGE_CURVE('',#3325,#3328,#448,.T.);
#2688=EDGE_CURVE('',#3313,#3330,#449,.F.);
#2689=EDGE_CURVE('',#3331,#3330,#450,.T.);
#2690=EDGE_CURVE('',#3331,#3332,#451,.T.);
#2691=EDGE_CURVE('',#3333,#3332,#452,.T.);
#2692=EDGE_CURVE('',#3333,#3324,#453,.T.);
#2693=EDGE_CURVE('',#3323,#3314,#454,.T.);
#2694=EDGE_CURVE('',#3321,#3316,#455,.T.);
#2695=EDGE_CURVE('',#3315,#3322,#456,.T.);
#2696=EDGE_CURVE('',#3334,#3335,#457,.T.);
#2697=EDGE_CURVE('',#3335,#3311,#458,.F.);
#2698=EDGE_CURVE('',#3312,#3320,#459,.T.);
#2699=EDGE_CURVE('',#3319,#3336,#460,.T.);
#2700=EDGE_CURVE('',#3336,#3337,#461,.T.);
#2701=EDGE_CURVE('',#3337,#3334,#462,.T.);
#2702=EDGE_CURVE('',#3337,#3332,#463,.T.);
#2703=EDGE_CURVE('',#3336,#3329,#464,.F.);
#2704=EDGE_CURVE('',#3328,#3333,#465,.T.);
#2705=EDGE_CURVE('',#3338,#3338,#3754,.T.);
#2706=EDGE_CURVE('',#3339,#3339,#3755,.T.);
#2707=EDGE_CURVE('',#3340,#3340,#3756,.T.);
#2708=EDGE_CURVE('',#3341,#3341,#3757,.T.);
#2709=EDGE_CURVE('',#3342,#3342,#3758,.T.);
#2710=EDGE_CURVE('',#3343,#3343,#3759,.T.);
#2711=EDGE_CURVE('',#3344,#3344,#3760,.T.);
#2712=EDGE_CURVE('',#3330,#3335,#466,.T.);
#2713=EDGE_CURVE('',#3334,#3331,#467,.T.);
#2714=EDGE_CURVE('',#3345,#3346,#468,.T.);
#2715=EDGE_CURVE('',#3347,#3346,#469,.T.);
#2716=EDGE_CURVE('',#3348,#3347,#470,.T.);
#2717=EDGE_CURVE('',#3348,#3345,#471,.T.);
#2718=EDGE_CURVE('',#3349,#3347,#472,.T.);
#2719=EDGE_CURVE('',#3350,#3349,#473,.T.);
#2720=EDGE_CURVE('',#3350,#3348,#474,.T.);
#2721=EDGE_CURVE('',#3351,#3349,#475,.T.);
#2722=EDGE_CURVE('',#3352,#3351,#476,.T.);
#2723=EDGE_CURVE('',#3352,#3350,#477,.T.);
#2724=EDGE_CURVE('',#3353,#3351,#478,.T.);
#2725=EDGE_CURVE('',#3354,#3353,#479,.T.);
#2726=EDGE_CURVE('',#3354,#3352,#480,.T.);
#2727=EDGE_CURVE('',#3355,#3353,#481,.T.);
#2728=EDGE_CURVE('',#3356,#3355,#482,.T.);
#2729=EDGE_CURVE('',#3356,#3354,#483,.T.);
#2730=EDGE_CURVE('',#3346,#3355,#484,.T.);
#2731=EDGE_CURVE('',#3345,#3356,#485,.T.);
#2732=EDGE_CURVE('',#3357,#3357,#318,.T.);
#2733=EDGE_CURVE('',#3358,#3358,#319,.T.);
#2734=EDGE_CURVE('',#3359,#3360,#486,.T.);
#2735=EDGE_CURVE('',#3359,#3361,#320,.T.);
#2736=EDGE_CURVE('',#3362,#3361,#487,.T.);
#2737=EDGE_CURVE('',#3363,#3362,#488,.T.);
#2738=EDGE_CURVE('',#3363,#3364,#321,.T.);
#2739=EDGE_CURVE('',#3365,#3364,#489,.T.);
#2740=EDGE_CURVE('',#3366,#3365,#490,.T.);
#2741=EDGE_CURVE('',#3366,#3367,#322,.T.);
#2742=EDGE_CURVE('',#3368,#3367,#491,.T.);
#2743=EDGE_CURVE('',#3369,#3368,#492,.T.);
#2744=EDGE_CURVE('',#3369,#3370,#323,.T.);
#2745=EDGE_CURVE('',#3371,#3370,#493,.T.);
#2746=EDGE_CURVE('',#3372,#3371,#494,.T.);
#2747=EDGE_CURVE('',#3372,#3373,#324,.T.);
#2748=EDGE_CURVE('',#3374,#3373,#495,.T.);
#2749=EDGE_CURVE('',#3375,#3374,#496,.T.);
#2750=EDGE_CURVE('',#3375,#3376,#325,.T.);
#2751=EDGE_CURVE('',#3360,#3376,#497,.T.);
#2752=EDGE_CURVE('',#3377,#3378,#326,.T.);
#2753=EDGE_CURVE('',#3378,#3379,#498,.T.);
#2754=EDGE_CURVE('',#3379,#3380,#499,.T.);
#2755=EDGE_CURVE('',#3380,#3381,#327,.T.);
#2756=EDGE_CURVE('',#3381,#3382,#500,.T.);
#2757=EDGE_CURVE('',#3382,#3383,#501,.T.);
#2758=EDGE_CURVE('',#3383,#3384,#328,.T.);
#2759=EDGE_CURVE('',#3384,#3385,#502,.T.);
#2760=EDGE_CURVE('',#3385,#3386,#503,.T.);
#2761=EDGE_CURVE('',#3386,#3387,#329,.T.);
#2762=EDGE_CURVE('',#3387,#3388,#504,.T.);
#2763=EDGE_CURVE('',#3388,#3389,#505,.T.);
#2764=EDGE_CURVE('',#3389,#3390,#330,.T.);
#2765=EDGE_CURVE('',#3390,#3391,#506,.T.);
#2766=EDGE_CURVE('',#3391,#3392,#507,.T.);
#2767=EDGE_CURVE('',#3392,#3393,#331,.T.);
#2768=EDGE_CURVE('',#3393,#3394,#508,.T.);
#2769=EDGE_CURVE('',#3394,#3377,#509,.T.);
#2770=EDGE_CURVE('',#3370,#3372,#332,.T.);
#2771=EDGE_CURVE('',#3367,#3369,#333,.T.);
#2772=EDGE_CURVE('',#3364,#3366,#334,.T.);
#2773=EDGE_CURVE('',#3361,#3363,#335,.T.);
#2774=EDGE_CURVE('',#3376,#3359,#336,.T.);
#2775=EDGE_CURVE('',#3373,#3375,#337,.T.);
#2776=EDGE_CURVE('',#3384,#3386,#338,.T.);
#2777=EDGE_CURVE('',#3381,#3383,#339,.T.);
#2778=EDGE_CURVE('',#3378,#3380,#340,.T.);
#2779=EDGE_CURVE('',#3393,#3377,#341,.T.);
#2780=EDGE_CURVE('',#3390,#3392,#342,.T.);
#2781=EDGE_CURVE('',#3387,#3389,#343,.T.);
#2782=EDGE_CURVE('',#3390,#3366,#510,.T.);
#2783=EDGE_CURVE('',#3391,#3365,#511,.T.);
#2784=EDGE_CURVE('',#3392,#3364,#512,.T.);
#2785=EDGE_CURVE('',#3394,#3362,#513,.T.);
#2786=EDGE_CURVE('',#3377,#3361,#514,.T.);
#2787=EDGE_CURVE('',#3393,#3363,#515,.T.);
#2788=EDGE_CURVE('',#3388,#3368,#516,.T.);
#2789=EDGE_CURVE('',#3389,#3367,#517,.T.);
#2790=EDGE_CURVE('',#3387,#3369,#518,.T.);
#2791=EDGE_CURVE('',#3382,#3374,#519,.T.);
#2792=EDGE_CURVE('',#3383,#3373,#520,.T.);
#2793=EDGE_CURVE('',#3381,#3375,#521,.T.);
#2794=EDGE_CURVE('',#3378,#3359,#522,.T.);
#2795=EDGE_CURVE('',#3379,#3360,#523,.T.);
#2796=EDGE_CURVE('',#3380,#3376,#524,.T.);
#2797=EDGE_CURVE('',#3385,#3371,#525,.T.);
#2798=EDGE_CURVE('',#3386,#3370,#526,.T.);
#2799=EDGE_CURVE('',#3384,#3372,#527,.T.);
#2800=EDGE_CURVE('',#3395,#3396,#528,.T.);
#2801=EDGE_CURVE('',#3396,#3397,#529,.T.);
#2802=EDGE_CURVE('',#3398,#3397,#530,.T.);
#2803=EDGE_CURVE('',#3395,#3398,#531,.T.);
#2804=EDGE_CURVE('',#3399,#3400,#532,.T.);
#2805=EDGE_CURVE('',#3399,#3401,#533,.T.);
#2806=EDGE_CURVE('',#3401,#3402,#534,.T.);
#2807=EDGE_CURVE('',#3400,#3402,#535,.T.);
#2808=EDGE_CURVE('',#3403,#3404,#536,.T.);
#2809=EDGE_CURVE('',#3404,#3405,#537,.T.);
#2810=EDGE_CURVE('',#3405,#3406,#538,.T.);
#2811=EDGE_CURVE('',#3406,#3407,#539,.T.);
#2812=EDGE_CURVE('',#3407,#3403,#540,.T.);
#2813=EDGE_CURVE('',#3408,#3408,#3761,.F.);
#2814=EDGE_CURVE('',#3409,#3410,#541,.T.);
#2815=EDGE_CURVE('',#3409,#3411,#542,.T.);
#2816=EDGE_CURVE('',#3412,#3411,#543,.T.);
#2817=EDGE_CURVE('',#3410,#3412,#544,.T.);
#2818=EDGE_CURVE('',#3413,#3414,#545,.F.);
#2819=EDGE_CURVE('',#3414,#3410,#546,.T.);
#2820=EDGE_CURVE('',#3412,#3413,#547,.T.);
#2821=EDGE_CURVE('',#3415,#3416,#548,.T.);
#2822=EDGE_CURVE('',#3415,#3417,#549,.T.);
#2823=EDGE_CURVE('',#3417,#3418,#550,.T.);
#2824=EDGE_CURVE('',#3418,#3416,#551,.T.);
#2825=EDGE_CURVE('',#3419,#3419,#3762,.F.);
#2826=EDGE_CURVE('',#3420,#3421,#552,.T.);
#2827=EDGE_CURVE('',#3420,#3415,#553,.T.);
#2828=EDGE_CURVE('',#3416,#3421,#554,.T.);
#2829=EDGE_CURVE('',#3422,#3422,#10,.T.);
#2830=EDGE_CURVE('',#3423,#3424,#555,.F.);
#2831=EDGE_CURVE('',#3423,#3425,#556,.F.);
#2832=EDGE_CURVE('',#3414,#3425,#557,.F.);
#2833=EDGE_CURVE('',#3424,#3413,#558,.F.);
#2834=EDGE_CURVE('',#3426,#3403,#559,.T.);
#2835=EDGE_CURVE('',#3427,#3407,#560,.T.);
#2836=EDGE_CURVE('',#3428,#3427,#561,.T.);
#2837=EDGE_CURVE('',#3428,#3426,#562,.T.);
#2838=EDGE_CURVE('',#3407,#3429,#563,.T.);
#2839=EDGE_CURVE('',#3406,#3430,#564,.T.);
#2840=EDGE_CURVE('',#3430,#3429,#565,.T.);
#2841=EDGE_CURVE('',#3431,#3432,#566,.T.);
#2842=EDGE_CURVE('',#3431,#3433,#567,.T.);
#2843=EDGE_CURVE('',#3433,#3434,#568,.T.);
#2844=EDGE_CURVE('',#3432,#3434,#569,.T.);
#2845=EDGE_CURVE('',#3435,#3436,#570,.T.);
#2846=EDGE_CURVE('',#3437,#3435,#571,.T.);
#2847=EDGE_CURVE('',#3437,#3438,#572,.T.);
#2848=EDGE_CURVE('',#3438,#3436,#573,.T.);
#2849=EDGE_CURVE('',#3439,#3420,#574,.T.);
#2850=EDGE_CURVE('',#3440,#3421,#575,.T.);
#2851=EDGE_CURVE('',#3439,#3440,#576,.T.);
#2852=EDGE_CURVE('',#3409,#3441,#577,.T.);
#2853=EDGE_CURVE('',#3441,#3442,#578,.T.);
#2854=EDGE_CURVE('',#3443,#3442,#579,.T.);
#2855=EDGE_CURVE('',#3444,#3443,#580,.T.);
#2856=EDGE_CURVE('',#3445,#3444,#581,.T.);
#2857=EDGE_CURVE('',#3446,#3445,#582,.T.);
#2858=EDGE_CURVE('',#3446,#3447,#583,.T.);
#2859=EDGE_CURVE('',#3447,#3448,#584,.T.);
#2860=EDGE_CURVE('',#3449,#3448,#585,.T.);
#2861=EDGE_CURVE('',#3450,#3449,#586,.T.);
#2862=EDGE_CURVE('',#3450,#3451,#587,.T.);
#2863=EDGE_CURVE('',#3451,#3452,#588,.T.);
#2864=EDGE_CURVE('',#3453,#3452,#589,.T.);
#2865=EDGE_CURVE('',#3453,#3454,#590,.T.);
#2866=EDGE_CURVE('',#3454,#3455,#591,.T.);
#2867=EDGE_CURVE('',#3456,#3455,#592,.T.);
#2868=EDGE_CURVE('',#3456,#3457,#593,.T.);
#2869=EDGE_CURVE('',#3457,#3458,#594,.F.);
#2870=EDGE_CURVE('',#3459,#3458,#595,.T.);
#2871=EDGE_CURVE('',#3459,#3427,#596,.T.);
#2872=EDGE_CURVE('',#3429,#3460,#597,.T.);
#2873=EDGE_CURVE('',#3461,#3460,#598,.T.);
#2874=EDGE_CURVE('',#3461,#3462,#599,.F.);
#2875=EDGE_CURVE('',#3463,#3462,#600,.T.);
#2876=EDGE_CURVE('',#3463,#3464,#601,.T.);
#2877=EDGE_CURVE('',#3464,#3465,#602,.T.);
#2878=EDGE_CURVE('',#3465,#3433,#603,.F.);
#2879=EDGE_CURVE('',#3466,#3431,#604,.T.);
#2880=EDGE_CURVE('',#3411,#3466,#605,.T.);
#2881=EDGE_CURVE('',#3467,#3467,#3763,.T.);
#2882=EDGE_CURVE('',#3468,#3468,#3764,.T.);
#2883=EDGE_CURVE('',#3469,#3470,#606,.T.);
#2884=EDGE_CURVE('',#3470,#3471,#607,.T.);
#2885=EDGE_CURVE('',#3472,#3471,#608,.T.);
#2886=EDGE_CURVE('',#3469,#3472,#609,.T.);
#2887=EDGE_CURVE('',#3473,#3474,#610,.T.);
#2888=EDGE_CURVE('',#3473,#3444,#611,.T.);
#2889=EDGE_CURVE('',#3474,#3443,#612,.T.);
#2890=EDGE_CURVE('',#3475,#3476,#613,.T.);
#2891=EDGE_CURVE('',#3475,#3477,#614,.T.);
#2892=EDGE_CURVE('',#3477,#3473,#615,.T.);
#2893=EDGE_CURVE('',#3474,#3478,#616,.T.);
#2894=EDGE_CURVE('',#3478,#3479,#617,.T.);
#2895=EDGE_CURVE('',#3432,#3479,#618,.T.);
#2896=EDGE_CURVE('',#3434,#3480,#619,.F.);
#2897=EDGE_CURVE('',#3481,#3480,#620,.T.);
#2898=EDGE_CURVE('',#3481,#3482,#621,.T.);
#2899=EDGE_CURVE('',#3482,#3483,#622,.T.);
#2900=EDGE_CURVE('',#3483,#3484,#623,.F.);
#2901=EDGE_CURVE('',#3484,#3485,#624,.T.);
#2902=EDGE_CURVE('',#3485,#3430,#625,.T.);
#2903=EDGE_CURVE('',#3405,#3486,#626,.F.);
#2904=EDGE_CURVE('',#3487,#3486,#627,.T.);
#2905=EDGE_CURVE('',#3487,#3476,#628,.T.);
#2906=EDGE_CURVE('',#3488,#3489,#629,.T.);
#2907=EDGE_CURVE('',#3490,#3489,#630,.T.);
#2908=EDGE_CURVE('',#3491,#3490,#631,.T.);
#2909=EDGE_CURVE('',#3491,#3488,#632,.T.);
#2910=EDGE_CURVE('',#3492,#3492,#3765,.T.);
#2911=EDGE_CURVE('',#3493,#3493,#3766,.T.);
#2912=EDGE_CURVE('',#3494,#3495,#633,.T.);
#2913=EDGE_CURVE('',#3496,#3495,#634,.T.);
#2914=EDGE_CURVE('',#3497,#3496,#635,.T.);
#2915=EDGE_CURVE('',#3494,#3497,#636,.T.);
#2916=EDGE_CURVE('',#3462,#3483,#637,.T.);
#2917=EDGE_CURVE('',#3482,#3463,#638,.T.);
#2918=EDGE_CURVE('',#3480,#3465,#639,.T.);
#2919=EDGE_CURVE('',#3464,#3481,#640,.T.);
#2920=EDGE_CURVE('',#3460,#3485,#641,.T.);
#2921=EDGE_CURVE('',#3484,#3461,#642,.T.);
#2922=EDGE_CURVE('',#3479,#3423,#643,.T.);
#2923=EDGE_CURVE('',#3424,#3431,#644,.T.);
#2924=EDGE_CURVE('',#3486,#3457,#645,.T.);
#2925=EDGE_CURVE('',#3487,#3456,#646,.T.);
#2926=EDGE_CURVE('',#3442,#3478,#647,.T.);
#2927=EDGE_CURVE('',#3476,#3455,#648,.T.);
#2928=EDGE_CURVE('',#3454,#3475,#649,.T.);
#2929=EDGE_CURVE('',#3448,#3495,#650,.T.);
#2930=EDGE_CURVE('',#3496,#3447,#651,.T.);
#2931=EDGE_CURVE('',#3498,#3459,#652,.T.);
#2932=EDGE_CURVE('',#3498,#3428,#653,.T.);
#2933=EDGE_CURVE('',#3499,#3499,#3767,.T.);
#2934=EDGE_CURVE('',#3500,#3498,#654,.T.);
#2935=EDGE_CURVE('',#3500,#3426,#655,.T.);
#2936=EDGE_CURVE('',#3501,#3501,#3768,.T.);
#2937=EDGE_CURVE('',#3502,#3502,#3769,.T.);
#2938=EDGE_CURVE('',#3503,#3503,#3770,.T.);
#2939=EDGE_CURVE('',#3504,#3504,#3771,.T.);
#2940=EDGE_CURVE('',#3505,#3506,#656,.T.);
#2941=EDGE_CURVE('',#3507,#3506,#657,.T.);
#2942=EDGE_CURVE('',#3508,#3507,#658,.T.);
#2943=EDGE_CURVE('',#3508,#3505,#659,.T.);
#2944=EDGE_CURVE('',#3509,#3509,#3772,.T.);
#2945=EDGE_CURVE('',#3510,#3510,#3773,.T.);
#2946=EDGE_CURVE('',#3446,#3511,#660,.T.);
#2947=EDGE_CURVE('',#3511,#3508,#661,.T.);
#2948=EDGE_CURVE('',#3507,#3451,#662,.F.);
#2949=EDGE_CURVE('',#3497,#3450,#663,.T.);
#2950=EDGE_CURVE('',#3512,#3512,#3774,.F.);
#2951=EDGE_CURVE('',#3445,#3513,#664,.T.);
#2952=EDGE_CURVE('',#3477,#3453,#665,.T.);
#2953=EDGE_CURVE('',#3452,#3506,#666,.F.);
#2954=EDGE_CURVE('',#3505,#3513,#667,.T.);
#2955=EDGE_CURVE('',#3514,#3514,#3775,.F.);
#2956=EDGE_CURVE('',#3515,#3515,#3776,.F.);
#2957=EDGE_CURVE('',#3516,#3516,#3777,.F.);
#2958=EDGE_CURVE('',#3418,#3440,#668,.T.);
#2959=EDGE_CURVE('',#3517,#3517,#3778,.T.);
#2960=EDGE_CURVE('',#3417,#3439,#669,.T.);
#2961=EDGE_CURVE('',#3518,#3519,#670,.T.);
#2962=EDGE_CURVE('',#3518,#3520,#671,.T.);
#2963=EDGE_CURVE('',#3520,#3521,#672,.T.);
#2964=EDGE_CURVE('',#3519,#3521,#673,.T.);
#2965=EDGE_CURVE('',#3521,#3436,#674,.T.);
#2966=EDGE_CURVE('',#3519,#3438,#675,.T.);
#2967=EDGE_CURVE('',#3518,#3437,#676,.T.);
#2968=EDGE_CURVE('',#3522,#3522,#3779,.T.);
#2969=EDGE_CURVE('',#3523,#3523,#3780,.T.);
#2970=EDGE_CURVE('',#3520,#3435,#677,.T.);
#2971=EDGE_CURVE('',#3524,#3524,#11,.T.);
#2972=EDGE_CURVE('',#3500,#3525,#678,.T.);
#2973=EDGE_CURVE('',#3525,#3404,#679,.F.);
#2974=EDGE_CURVE('',#3449,#3494,#680,.T.);
#2975=EDGE_CURVE('',#3511,#3513,#681,.T.);
#2976=EDGE_CURVE('',#3458,#3525,#682,.F.);
#2977=EDGE_CURVE('',#3425,#3441,#683,.T.);
#2978=EDGE_CURVE('',#3526,#3469,#684,.T.);
#2979=EDGE_CURVE('',#3526,#3527,#685,.T.);
#2980=EDGE_CURVE('',#3527,#3470,#686,.T.);
#2981=EDGE_CURVE('',#3528,#3472,#687,.T.);
#2982=EDGE_CURVE('',#3526,#3528,#688,.T.);
#2983=EDGE_CURVE('',#3529,#3471,#689,.T.);
#2984=EDGE_CURVE('',#3528,#3529,#690,.T.);
#2985=EDGE_CURVE('',#3530,#3395,#691,.T.);
#2986=EDGE_CURVE('',#3530,#3531,#692,.T.);
#2987=EDGE_CURVE('',#3531,#3396,#693,.T.);
#2988=EDGE_CURVE('',#3532,#3398,#694,.T.);
#2989=EDGE_CURVE('',#3530,#3532,#695,.T.);
#2990=EDGE_CURVE('',#3533,#3397,#696,.T.);
#2991=EDGE_CURVE('',#3532,#3533,#697,.T.);
#2992=EDGE_CURVE('',#3531,#3533,#698,.T.);
#2993=EDGE_CURVE('',#3527,#3529,#699,.T.);
#2994=EDGE_CURVE('',#3489,#3399,#700,.T.);
#2995=EDGE_CURVE('',#3490,#3400,#701,.T.);
#2996=EDGE_CURVE('',#3488,#3401,#702,.T.);
#2997=EDGE_CURVE('',#3491,#3402,#703,.T.);
#2998=EDGE_CURVE('',#3534,#3534,#3781,.T.);
#2999=EDGE_CURVE('',#3535,#3535,#3782,.T.);
#3000=EDGE_CURVE('',#3536,#3536,#3783,.T.);
#3001=EDGE_CURVE('',#3537,#3537,#3784,.T.);
#3002=EDGE_CURVE('',#3538,#3539,#704,.T.);
#3003=EDGE_CURVE('',#3540,#3538,#705,.T.);
#3004=EDGE_CURVE('',#3541,#3540,#706,.T.);
#3005=EDGE_CURVE('',#3539,#3541,#707,.T.);
#3006=EDGE_CURVE('',#3542,#3543,#708,.T.);
#3007=EDGE_CURVE('',#3544,#3542,#709,.T.);
#3008=EDGE_CURVE('',#3545,#3544,#710,.T.);
#3009=EDGE_CURVE('',#3543,#3545,#711,.T.);
#3010=EDGE_CURVE('',#3546,#3547,#712,.T.);
#3011=EDGE_CURVE('',#3547,#3548,#713,.T.);
#3012=EDGE_CURVE('',#3548,#3549,#714,.T.);
#3013=EDGE_CURVE('',#3549,#3546,#715,.T.);
#3014=EDGE_CURVE('',#3538,#3542,#716,.T.);
#3015=EDGE_CURVE('',#3539,#3544,#717,.T.);
#3016=EDGE_CURVE('',#3541,#3545,#718,.T.);
#3017=EDGE_CURVE('',#3550,#3550,#3785,.T.);
#3018=EDGE_CURVE('',#3540,#3543,#719,.T.);
#3019=EDGE_CURVE('',#3551,#3552,#720,.T.);
#3020=EDGE_CURVE('',#3552,#3553,#721,.T.);
#3021=EDGE_CURVE('',#3553,#3554,#722,.T.);
#3022=EDGE_CURVE('',#3554,#3551,#723,.T.);
#3023=EDGE_CURVE('',#3555,#3556,#724,.T.);
#3024=EDGE_CURVE('',#3548,#3555,#725,.T.);
#3025=EDGE_CURVE('',#3547,#3556,#726,.T.);
#3026=EDGE_CURVE('',#3557,#3555,#727,.T.);
#3027=EDGE_CURVE('',#3557,#3551,#3786,.T.);
#3028=EDGE_CURVE('',#3549,#3554,#728,.T.);
#3029=EDGE_CURVE('',#3546,#3553,#729,.T.);
#3030=EDGE_CURVE('',#3558,#3557,#730,.T.);
#3031=EDGE_CURVE('',#3556,#3558,#731,.T.);
#3032=EDGE_CURVE('',#3552,#3558,#3787,.T.);
#3033=EDGE_CURVE('',#3559,#3559,#3788,.T.);
#3034=EDGE_CURVE('',#3560,#3560,#3789,.T.);
#3035=EDGE_CURVE('',#3561,#3561,#3790,.T.);
#3036=EDGE_CURVE('',#3562,#3563,#732,.T.);
#3037=EDGE_CURVE('',#3562,#3564,#3791,.T.);
#3038=EDGE_CURVE('',#3564,#3565,#733,.T.);
#3039=EDGE_CURVE('',#3566,#3565,#3792,.T.);
#3040=EDGE_CURVE('',#3567,#3566,#734,.T.);
#3041=EDGE_CURVE('',#3567,#3563,#344,.T.);
#3042=EDGE_CURVE('',#3568,#3568,#3793,.F.);
#3043=EDGE_CURVE('',#3569,#3569,#3794,.T.);
#3044=EDGE_CURVE('',#3570,#3570,#3795,.F.);
#3045=EDGE_CURVE('',#3571,#3571,#3796,.T.);
#3046=EDGE_CURVE('',#3572,#3573,#3797,.T.);
#3047=EDGE_CURVE('',#3574,#3573,#735,.T.);
#3048=EDGE_CURVE('',#3574,#3575,#3798,.T.);
#3049=EDGE_CURVE('',#3575,#3572,#736,.T.);
#3050=EDGE_CURVE('',#3576,#3577,#737,.T.);
#3051=EDGE_CURVE('',#3578,#3577,#345,.T.);
#3052=EDGE_CURVE('',#3564,#3578,#738,.T.);
#3053=EDGE_CURVE('',#3562,#3579,#739,.T.);
#3054=EDGE_CURVE('',#3576,#3579,#346,.T.);
#3055=EDGE_CURVE('',#3580,#3581,#740,.T.);
#3056=EDGE_CURVE('',#3577,#3581,#347,.T.);
#3057=EDGE_CURVE('',#3580,#3576,#348,.T.);
#3058=EDGE_CURVE('',#3582,#3583,#741,.T.);
#3059=EDGE_CURVE('',#3583,#3584,#3799,.T.);
#3060=EDGE_CURVE('',#3585,#3584,#742,.T.);
#3061=EDGE_CURVE('',#3585,#3582,#3800,.T.);
#3062=EDGE_CURVE('',#3566,#3586,#743,.T.);
#3063=EDGE_CURVE('',#3565,#3587,#744,.T.);
#3064=EDGE_CURVE('',#3581,#3587,#349,.T.);
#3065=EDGE_CURVE('',#3586,#3580,#350,.T.);
#3066=EDGE_CURVE('',#3567,#3563,#3801,.F.);
#3067=EDGE_CURVE('',#3579,#3586,#351,.T.);
#3068=EDGE_CURVE('',#3587,#3578,#352,.T.);
#3069=EDGE_CURVE('',#3582,#3572,#745,.T.);
#3070=EDGE_CURVE('',#3583,#3575,#746,.T.);
#3071=EDGE_CURVE('',#3585,#3573,#747,.T.);
#3072=EDGE_CURVE('',#3584,#3574,#748,.T.);
#3073=EDGE_CURVE('',#3588,#3588,#3802,.T.);
#3074=EDGE_CURVE('',#3589,#3589,#3803,.T.);
#3075=EDGE_CURVE('',#3590,#3590,#3804,.T.);
#3076=EDGE_CURVE('',#3591,#3591,#3805,.F.);
#3077=EDGE_CURVE('',#3592,#3592,#3806,.T.);
#3078=EDGE_CURVE('',#3593,#3593,#3807,.T.);
#3079=EDGE_CURVE('',#3594,#3595,#749,.T.);
#3080=EDGE_CURVE('',#3596,#3594,#750,.T.);
#3081=EDGE_CURVE('',#3597,#3596,#751,.T.);
#3082=EDGE_CURVE('',#3595,#3597,#752,.T.);
#3083=EDGE_CURVE('',#3598,#3599,#3808,.T.);
#3084=EDGE_CURVE('',#3594,#3598,#753,.T.);
#3085=EDGE_CURVE('',#3595,#3600,#754,.T.);
#3086=EDGE_CURVE('',#3601,#3600,#3809,.T.);
#3087=EDGE_CURVE('',#3601,#3599,#755,.T.);
#3088=EDGE_CURVE('',#3602,#3602,#3810,.T.);
#3089=EDGE_CURVE('',#3603,#3603,#3811,.T.);
#3090=EDGE_CURVE('',#3604,#3604,#3812,.T.);
#3091=EDGE_CURVE('',#3600,#3605,#756,.T.);
#3092=EDGE_CURVE('',#3597,#3605,#757,.T.);
#3093=EDGE_CURVE('',#3606,#3598,#758,.T.);
#3094=EDGE_CURVE('',#3596,#3606,#759,.T.);
#3095=EDGE_CURVE('',#3599,#3607,#760,.T.);
#3096=EDGE_CURVE('',#3608,#3601,#761,.T.);
#3097=EDGE_CURVE('',#3607,#3608,#762,.T.);
#3098=EDGE_CURVE('',#3607,#3606,#3813,.T.);
#3099=EDGE_CURVE('',#3605,#3608,#3814,.T.);
#3100=EDGE_CURVE('',#3609,#3609,#3815,.T.);
#3101=EDGE_CURVE('',#3610,#3610,#3816,.T.);
#3102=EDGE_CURVE('',#3611,#3611,#3817,.T.);
#3103=EDGE_CURVE('',#3612,#3612,#3818,.T.);
#3104=EDGE_CURVE('',#3613,#3613,#3819,.T.);
#3105=EDGE_CURVE('',#3614,#3614,#353,.T.);
#3106=EDGE_CURVE('',#3615,#3615,#354,.T.);
#3107=EDGE_CURVE('',#3616,#3617,#763,.T.);
#3108=EDGE_CURVE('',#3616,#3618,#355,.T.);
#3109=EDGE_CURVE('',#3619,#3618,#764,.T.);
#3110=EDGE_CURVE('',#3620,#3619,#765,.T.);
#3111=EDGE_CURVE('',#3620,#3621,#356,.T.);
#3112=EDGE_CURVE('',#3622,#3621,#766,.T.);
#3113=EDGE_CURVE('',#3623,#3622,#767,.T.);
#3114=EDGE_CURVE('',#3623,#3624,#357,.T.);
#3115=EDGE_CURVE('',#3625,#3624,#768,.T.);
#3116=EDGE_CURVE('',#3626,#3625,#769,.T.);
#3117=EDGE_CURVE('',#3626,#3627,#358,.T.);
#3118=EDGE_CURVE('',#3628,#3627,#770,.T.);
#3119=EDGE_CURVE('',#3629,#3628,#771,.T.);
#3120=EDGE_CURVE('',#3629,#3630,#359,.T.);
#3121=EDGE_CURVE('',#3631,#3630,#772,.T.);
#3122=EDGE_CURVE('',#3632,#3631,#773,.T.);
#3123=EDGE_CURVE('',#3632,#3633,#360,.T.);
#3124=EDGE_CURVE('',#3617,#3633,#774,.T.);
#3125=EDGE_CURVE('',#3634,#3635,#361,.T.);
#3126=EDGE_CURVE('',#3635,#3636,#775,.T.);
#3127=EDGE_CURVE('',#3636,#3637,#776,.T.);
#3128=EDGE_CURVE('',#3637,#3638,#362,.T.);
#3129=EDGE_CURVE('',#3638,#3639,#777,.T.);
#3130=EDGE_CURVE('',#3639,#3640,#778,.T.);
#3131=EDGE_CURVE('',#3640,#3641,#363,.T.);
#3132=EDGE_CURVE('',#3641,#3642,#779,.T.);
#3133=EDGE_CURVE('',#3642,#3643,#780,.T.);
#3134=EDGE_CURVE('',#3643,#3644,#364,.T.);
#3135=EDGE_CURVE('',#3644,#3645,#781,.T.);
#3136=EDGE_CURVE('',#3645,#3646,#782,.T.);
#3137=EDGE_CURVE('',#3646,#3647,#365,.T.);
#3138=EDGE_CURVE('',#3647,#3648,#783,.T.);
#3139=EDGE_CURVE('',#3648,#3649,#784,.T.);
#3140=EDGE_CURVE('',#3649,#3650,#366,.T.);
#3141=EDGE_CURVE('',#3650,#3651,#785,.T.);
#3142=EDGE_CURVE('',#3651,#3634,#786,.T.);
#3143=EDGE_CURVE('',#3652,#3616,#367,.T.);
#3144=EDGE_CURVE('',#3653,#3652,#368,.T.);
#3145=EDGE_CURVE('',#3633,#3653,#369,.T.);
#3146=EDGE_CURVE('',#3654,#3632,#370,.T.);
#3147=EDGE_CURVE('',#3655,#3654,#371,.T.);
#3148=EDGE_CURVE('',#3630,#3655,#372,.T.);
#3149=EDGE_CURVE('',#3656,#3629,#373,.T.);
#3150=EDGE_CURVE('',#3657,#3656,#374,.T.);
#3151=EDGE_CURVE('',#3627,#3657,#375,.T.);
#3152=EDGE_CURVE('',#3658,#3626,#376,.T.);
#3153=EDGE_CURVE('',#3659,#3658,#377,.T.);
#3154=EDGE_CURVE('',#3624,#3659,#378,.T.);
#3155=EDGE_CURVE('',#3660,#3623,#379,.T.);
#3156=EDGE_CURVE('',#3661,#3660,#380,.T.);
#3157=EDGE_CURVE('',#3621,#3661,#381,.T.);
#3158=EDGE_CURVE('',#3662,#3620,#382,.T.);
#3159=EDGE_CURVE('',#3663,#3662,#383,.T.);
#3160=EDGE_CURVE('',#3618,#3663,#384,.T.);
#3161=EDGE_CURVE('',#3635,#3664,#385,.T.);
#3162=EDGE_CURVE('',#3665,#3634,#386,.T.);
#3163=EDGE_CURVE('',#3666,#3665,#387,.T.);
#3164=EDGE_CURVE('',#3650,#3666,#388,.T.);
#3165=EDGE_CURVE('',#3667,#3649,#389,.T.);
#3166=EDGE_CURVE('',#3668,#3667,#390,.T.);
#3167=EDGE_CURVE('',#3647,#3668,#391,.T.);
#3168=EDGE_CURVE('',#3669,#3646,#392,.T.);
#3169=EDGE_CURVE('',#3670,#3669,#393,.T.);
#3170=EDGE_CURVE('',#3644,#3670,#394,.T.);
#3171=EDGE_CURVE('',#3671,#3643,#395,.T.);
#3172=EDGE_CURVE('',#3672,#3671,#396,.T.);
#3173=EDGE_CURVE('',#3641,#3672,#397,.T.);
#3174=EDGE_CURVE('',#3673,#3640,#398,.T.);
#3175=EDGE_CURVE('',#3674,#3673,#399,.T.);
#3176=EDGE_CURVE('',#3638,#3674,#400,.T.);
#3177=EDGE_CURVE('',#3675,#3637,#401,.T.);
#3178=EDGE_CURVE('',#3664,#3675,#402,.T.);
#3179=EDGE_CURVE('',#3648,#3622,#787,.T.);
#3180=EDGE_CURVE('',#3668,#3660,#788,.T.);
#3181=EDGE_CURVE('',#3667,#3661,#789,.T.);
#3182=EDGE_CURVE('',#3665,#3663,#790,.T.);
#3183=EDGE_CURVE('',#3651,#3619,#791,.T.);
#3184=EDGE_CURVE('',#3666,#3662,#792,.T.);
#3185=EDGE_CURVE('',#3671,#3657,#793,.T.);
#3186=EDGE_CURVE('',#3642,#3628,#794,.T.);
#3187=EDGE_CURVE('',#3672,#3656,#795,.T.);
#3188=EDGE_CURVE('',#3669,#3659,#796,.T.);
#3189=EDGE_CURVE('',#3645,#3625,#797,.T.);
#3190=EDGE_CURVE('',#3670,#3658,#798,.T.);
#3191=EDGE_CURVE('',#3673,#3655,#799,.T.);
#3192=EDGE_CURVE('',#3639,#3631,#800,.T.);
#3193=EDGE_CURVE('',#3674,#3654,#801,.T.);
#3194=EDGE_CURVE('',#3636,#3617,#802,.T.);
#3195=EDGE_CURVE('',#3664,#3652,#803,.T.);
#3196=EDGE_CURVE('',#3675,#3653,#804,.T.);
#3197=EDGE_CURVE('',#3676,#3676,#3820,.T.);
#3198=EDGE_CURVE('',#3677,#3677,#3821,.T.);
#3199=EDGE_CURVE('',#3678,#3678,#3822,.T.);
#3200=EDGE_CURVE('',#3679,#3679,#3823,.T.);
#3201=EDGE_CURVE('',#3680,#3680,#3824,.T.);
#3202=EDGE_CURVE('',#3681,#3681,#3825,.T.);
#3203=EDGE_CURVE('',#3682,#3682,#3826,.T.);
#3204=EDGE_CURVE('',#3683,#3683,#3827,.T.);
#3205=EDGE_CURVE('',#3684,#3685,#805,.T.);
#3206=EDGE_CURVE('',#3685,#3686,#806,.T.);
#3207=EDGE_CURVE('',#3686,#3687,#807,.T.);
#3208=EDGE_CURVE('',#3687,#3684,#808,.T.);
#3209=EDGE_CURVE('',#3688,#3687,#809,.T.);
#3210=EDGE_CURVE('',#3686,#3689,#810,.T.);
#3211=EDGE_CURVE('',#3689,#3688,#811,.T.);
#3212=EDGE_CURVE('',#3690,#3691,#812,.T.);
#3213=EDGE_CURVE('',#3691,#3688,#813,.T.);
#3214=EDGE_CURVE('',#3689,#3690,#814,.T.);
#3215=EDGE_CURVE('',#3692,#3693,#815,.T.);
#3216=EDGE_CURVE('',#3694,#3693,#816,.T.);
#3217=EDGE_CURVE('',#3694,#3695,#817,.T.);
#3218=EDGE_CURVE('',#3695,#3692,#818,.T.);
#3219=EDGE_CURVE('',#3696,#3697,#819,.T.);
#3220=EDGE_CURVE('',#3697,#3692,#820,.T.);
#3221=EDGE_CURVE('',#3695,#3696,#821,.T.);
#3222=EDGE_CURVE('',#3698,#3690,#822,.T.);
#3223=EDGE_CURVE('',#3685,#3699,#823,.T.);
#3224=EDGE_CURVE('',#3699,#3700,#824,.T.);
#3225=EDGE_CURVE('',#3700,#3696,#825,.T.);
#3226=EDGE_CURVE('',#3701,#3694,#826,.T.);
#3227=EDGE_CURVE('',#3701,#3702,#827,.T.);
#3228=EDGE_CURVE('',#3702,#3698,#828,.T.);
#3229=EDGE_CURVE('',#3703,#3703,#3828,.T.);
#3230=EDGE_CURVE('',#3704,#3704,#3829,.T.);
#3231=EDGE_CURVE('',#3705,#3705,#3830,.T.);
#3232=EDGE_CURVE('',#3706,#3706,#3831,.T.);
#3233=EDGE_CURVE('',#3707,#3684,#829,.T.);
#3234=EDGE_CURVE('',#3707,#3699,#830,.T.);
#3235=EDGE_CURVE('',#3708,#3700,#831,.T.);
#3236=EDGE_CURVE('',#3697,#3708,#832,.T.);
#3237=EDGE_CURVE('',#3708,#3707,#833,.T.);
#3238=EDGE_CURVE('',#3709,#3701,#834,.T.);
#3239=EDGE_CURVE('',#3693,#3709,#835,.T.);
#3240=EDGE_CURVE('',#3691,#3710,#836,.T.);
#3241=EDGE_CURVE('',#3710,#3711,#837,.T.);
#3242=EDGE_CURVE('',#3711,#3709,#838,.T.);
#3243=EDGE_CURVE('',#3712,#3712,#3832,.T.);
#3244=EDGE_CURVE('',#3713,#3713,#3833,.T.);
#3245=EDGE_CURVE('',#3714,#3714,#3834,.T.);
#3246=EDGE_CURVE('',#3715,#3715,#3835,.T.);
#3247=EDGE_CURVE('',#3711,#3702,#839,.T.);
#3248=EDGE_CURVE('',#3710,#3698,#840,.T.);
#3249=EDGE_CURVE('',#3716,#3717,#3836,.T.);
#3250=EDGE_CURVE('',#3718,#3717,#841,.T.);
#3251=EDGE_CURVE('',#3719,#3718,#3837,.T.);
#3252=EDGE_CURVE('',#3719,#3716,#842,.T.);
#3253=EDGE_CURVE('',#3717,#3720,#843,.T.);
#3254=EDGE_CURVE('',#3721,#3720,#844,.T.);
#3255=EDGE_CURVE('',#3718,#3721,#845,.T.);
#3256=EDGE_CURVE('',#3722,#3720,#3838,.T.);
#3257=EDGE_CURVE('',#3723,#3722,#846,.T.);
#3258=EDGE_CURVE('',#3723,#3721,#3839,.T.);
#3259=EDGE_CURVE('',#3716,#3722,#847,.T.);
#3260=EDGE_CURVE('',#3719,#3723,#848,.T.);
#3261=EDGE_CURVE('',#3724,#3724,#3840,.T.);
#3262=EDGE_CURVE('',#3725,#3725,#3841,.T.);
#3263=EDGE_CURVE('',#3726,#3726,#3842,.T.);
#3264=EDGE_CURVE('',#3727,#3727,#3843,.T.);
#3265=EDGE_CURVE('',#3728,#3728,#3844,.T.);
#3266=EDGE_CURVE('',#3729,#3729,#3845,.T.);
#3267=EDGE_CURVE('',#3730,#3730,#3846,.T.);
#3268=EDGE_CURVE('',#3731,#3731,#3847,.T.);
#3269=VERTEX_POINT('',#6797);
#3270=VERTEX_POINT('',#6799);
#3271=VERTEX_POINT('',#6801);
#3272=VERTEX_POINT('',#6802);
#3273=VERTEX_POINT('',#6814);
#3274=VERTEX_POINT('',#6816);
#3275=VERTEX_POINT('',#6818);
#3276=VERTEX_POINT('',#6820);
#3277=VERTEX_POINT('',#6824);
#3278=VERTEX_POINT('',#6826);
#3279=VERTEX_POINT('',#6829);
#3280=VERTEX_POINT('',#6832);
#3281=VERTEX_POINT('',#6835);
#3282=VERTEX_POINT('',#6836);
#3283=VERTEX_POINT('',#6838);
#3284=VERTEX_POINT('',#6840);
#3285=VERTEX_POINT('',#6843);
#3286=VERTEX_POINT('',#6844);
#3287=VERTEX_POINT('',#6852);
#3288=VERTEX_POINT('',#6855);
#3289=VERTEX_POINT('',#6865);
#3290=VERTEX_POINT('',#6866);
#3291=VERTEX_POINT('',#6877);
#3292=VERTEX_POINT('',#6878);
#3293=VERTEX_POINT('',#6880);
#3294=VERTEX_POINT('',#6882);
#3295=VERTEX_POINT('',#6885);
#3296=VERTEX_POINT('',#6900);
#3297=VERTEX_POINT('',#6923);
#3298=VERTEX_POINT('',#6926);
#3299=VERTEX_POINT('',#6929);
#3300=VERTEX_POINT('',#6932);
#3301=VERTEX_POINT('',#6934);
#3302=VERTEX_POINT('',#6937);
#3303=VERTEX_POINT('',#6965);
#3304=VERTEX_POINT('',#6966);
#3305=VERTEX_POINT('',#6968);
#3306=VERTEX_POINT('',#6970);
#3307=VERTEX_POINT('',#6974);
#3308=VERTEX_POINT('',#6975);
#3309=VERTEX_POINT('',#6977);
#3310=VERTEX_POINT('',#6979);
#3311=VERTEX_POINT('',#6992);
#3312=VERTEX_POINT('',#6993);
#3313=VERTEX_POINT('',#6995);
#3314=VERTEX_POINT('',#6997);
#3315=VERTEX_POINT('',#6999);
#3316=VERTEX_POINT('',#7001);
#3317=VERTEX_POINT('',#7005);
#3318=VERTEX_POINT('',#7007);
#3319=VERTEX_POINT('',#7009);
#3320=VERTEX_POINT('',#7010);
#3321=VERTEX_POINT('',#7012);
#3322=VERTEX_POINT('',#7014);
#3323=VERTEX_POINT('',#7016);
#3324=VERTEX_POINT('',#7018);
#3325=VERTEX_POINT('',#7020);
#3326=VERTEX_POINT('',#7022);
#3327=VERTEX_POINT('',#7025);
#3328=VERTEX_POINT('',#7028);
#3329=VERTEX_POINT('',#7029);
#3330=VERTEX_POINT('',#7034);
#3331=VERTEX_POINT('',#7036);
#3332=VERTEX_POINT('',#7038);
#3333=VERTEX_POINT('',#7040);
#3334=VERTEX_POINT('',#7048);
#3335=VERTEX_POINT('',#7049);
#3336=VERTEX_POINT('',#7053);
#3337=VERTEX_POINT('',#7055);
#3338=VERTEX_POINT('',#7063);
#3339=VERTEX_POINT('',#7066);
#3340=VERTEX_POINT('',#7073);
#3341=VERTEX_POINT('',#7076);
#3342=VERTEX_POINT('',#7079);
#3343=VERTEX_POINT('',#7082);
#3344=VERTEX_POINT('',#7085);
#3345=VERTEX_POINT('',#7096);
#3346=VERTEX_POINT('',#7097);
#3347=VERTEX_POINT('',#7099);
#3348=VERTEX_POINT('',#7101);
#3349=VERTEX_POINT('',#7105);
#3350=VERTEX_POINT('',#7107);
#3351=VERTEX_POINT('',#7111);
#3352=VERTEX_POINT('',#7113);
#3353=VERTEX_POINT('',#7117);
#3354=VERTEX_POINT('',#7119);
#3355=VERTEX_POINT('',#7123);
#3356=VERTEX_POINT('',#7125);
#3357=VERTEX_POINT('',#7142);
#3358=VERTEX_POINT('',#7154);
#3359=VERTEX_POINT('',#7157);
#3360=VERTEX_POINT('',#7158);
#3361=VERTEX_POINT('',#7163);
#3362=VERTEX_POINT('',#7165);
#3363=VERTEX_POINT('',#7167);
#3364=VERTEX_POINT('',#7172);
#3365=VERTEX_POINT('',#7174);
#3366=VERTEX_POINT('',#7176);
#3367=VERTEX_POINT('',#7181);
#3368=VERTEX_POINT('',#7183);
#3369=VERTEX_POINT('',#7185);
#3370=VERTEX_POINT('',#7190);
#3371=VERTEX_POINT('',#7192);
#3372=VERTEX_POINT('',#7194);
#3373=VERTEX_POINT('',#7199);
#3374=VERTEX_POINT('',#7201);
#3375=VERTEX_POINT('',#7203);
#3376=VERTEX_POINT('',#7208);
#3377=VERTEX_POINT('',#7215);
#3378=VERTEX_POINT('',#7216);
#3379=VERTEX_POINT('',#7218);
#3380=VERTEX_POINT('',#7220);
#3381=VERTEX_POINT('',#7225);
#3382=VERTEX_POINT('',#7227);
#3383=VERTEX_POINT('',#7229);
#3384=VERTEX_POINT('',#7234);
#3385=VERTEX_POINT('',#7236);
#3386=VERTEX_POINT('',#7238);
#3387=VERTEX_POINT('',#7243);
#3388=VERTEX_POINT('',#7245);
#3389=VERTEX_POINT('',#7247);
#3390=VERTEX_POINT('',#7252);
#3391=VERTEX_POINT('',#7254);
#3392=VERTEX_POINT('',#7256);
#3393=VERTEX_POINT('',#7261);
#3394=VERTEX_POINT('',#7263);
#3395=VERTEX_POINT('',#7542);
#3396=VERTEX_POINT('',#7543);
#3397=VERTEX_POINT('',#7545);
#3398=VERTEX_POINT('',#7547);
#3399=VERTEX_POINT('',#7550);
#3400=VERTEX_POINT('',#7551);
#3401=VERTEX_POINT('',#7553);
#3402=VERTEX_POINT('',#7555);
#3403=VERTEX_POINT('',#7559);
#3404=VERTEX_POINT('',#7560);
#3405=VERTEX_POINT('',#7562);
#3406=VERTEX_POINT('',#7564);
#3407=VERTEX_POINT('',#7566);
#3408=VERTEX_POINT('',#7570);
#3409=VERTEX_POINT('',#7572);
#3410=VERTEX_POINT('',#7573);
#3411=VERTEX_POINT('',#7575);
#3412=VERTEX_POINT('',#7577);
#3413=VERTEX_POINT('',#7581);
#3414=VERTEX_POINT('',#7582);
#3415=VERTEX_POINT('',#7587);
#3416=VERTEX_POINT('',#7588);
#3417=VERTEX_POINT('',#7590);
#3418=VERTEX_POINT('',#7592);
#3419=VERTEX_POINT('',#7596);
#3420=VERTEX_POINT('',#7598);
#3421=VERTEX_POINT('',#7599);
#3422=VERTEX_POINT('',#7604);
#3423=VERTEX_POINT('',#7606);
#3424=VERTEX_POINT('',#7607);
#3425=VERTEX_POINT('',#7609);
#3426=VERTEX_POINT('',#7614);
#3427=VERTEX_POINT('',#7616);
#3428=VERTEX_POINT('',#7618);
#3429=VERTEX_POINT('',#7622);
#3430=VERTEX_POINT('',#7624);
#3431=VERTEX_POINT('',#7628);
#3432=VERTEX_POINT('',#7629);
#3433=VERTEX_POINT('',#7631);
#3434=VERTEX_POINT('',#7633);
#3435=VERTEX_POINT('',#7637);
#3436=VERTEX_POINT('',#7638);
#3437=VERTEX_POINT('',#7640);
#3438=VERTEX_POINT('',#7642);
#3439=VERTEX_POINT('',#7645);
#3440=VERTEX_POINT('',#7647);
#3441=VERTEX_POINT('',#7650);
#3442=VERTEX_POINT('',#7652);
#3443=VERTEX_POINT('',#7654);
#3444=VERTEX_POINT('',#7656);
#3445=VERTEX_POINT('',#7658);
#3446=VERTEX_POINT('',#7660);
#3447=VERTEX_POINT('',#7662);
#3448=VERTEX_POINT('',#7664);
#3449=VERTEX_POINT('',#7666);
#3450=VERTEX_POINT('',#7668);
#3451=VERTEX_POINT('',#7670);
#3452=VERTEX_POINT('',#7672);
#3453=VERTEX_POINT('',#7674);
#3454=VERTEX_POINT('',#7676);
#3455=VERTEX_POINT('',#7678);
#3456=VERTEX_POINT('',#7680);
#3457=VERTEX_POINT('',#7682);
#3458=VERTEX_POINT('',#7684);
#3459=VERTEX_POINT('',#7686);
#3460=VERTEX_POINT('',#7689);
#3461=VERTEX_POINT('',#7691);
#3462=VERTEX_POINT('',#7693);
#3463=VERTEX_POINT('',#7695);
#3464=VERTEX_POINT('',#7697);
#3465=VERTEX_POINT('',#7699);
#3466=VERTEX_POINT('',#7702);
#3467=VERTEX_POINT('',#7705);
#3468=VERTEX_POINT('',#7707);
#3469=VERTEX_POINT('',#7709);
#3470=VERTEX_POINT('',#7710);
#3471=VERTEX_POINT('',#7712);
#3472=VERTEX_POINT('',#7714);
#3473=VERTEX_POINT('',#7718);
#3474=VERTEX_POINT('',#7719);
#3475=VERTEX_POINT('',#7724);
#3476=VERTEX_POINT('',#7725);
#3477=VERTEX_POINT('',#7727);
#3478=VERTEX_POINT('',#7730);
#3479=VERTEX_POINT('',#7732);
#3480=VERTEX_POINT('',#7735);
#3481=VERTEX_POINT('',#7737);
#3482=VERTEX_POINT('',#7739);
#3483=VERTEX_POINT('',#7741);
#3484=VERTEX_POINT('',#7743);
#3485=VERTEX_POINT('',#7745);
#3486=VERTEX_POINT('',#7748);
#3487=VERTEX_POINT('',#7750);
#3488=VERTEX_POINT('',#7753);
#3489=VERTEX_POINT('',#7754);
#3490=VERTEX_POINT('',#7756);
#3491=VERTEX_POINT('',#7758);
#3492=VERTEX_POINT('',#7761);
#3493=VERTEX_POINT('',#7763);
#3494=VERTEX_POINT('',#7765);
#3495=VERTEX_POINT('',#7766);
#3496=VERTEX_POINT('',#7768);
#3497=VERTEX_POINT('',#7770);
#3498=VERTEX_POINT('',#7803);
#3499=VERTEX_POINT('',#7806);
#3500=VERTEX_POINT('',#7809);
#3501=VERTEX_POINT('',#7813);
#3502=VERTEX_POINT('',#7815);
#3503=VERTEX_POINT('',#7818);
#3504=VERTEX_POINT('',#7820);
#3505=VERTEX_POINT('',#7823);
#3506=VERTEX_POINT('',#7824);
#3507=VERTEX_POINT('',#7826);
#3508=VERTEX_POINT('',#7828);
#3509=VERTEX_POINT('',#7832);
#3510=VERTEX_POINT('',#7834);
#3511=VERTEX_POINT('',#7837);
#3512=VERTEX_POINT('',#7843);
#3513=VERTEX_POINT('',#7845);
#3514=VERTEX_POINT('',#7850);
#3515=VERTEX_POINT('',#7853);
#3516=VERTEX_POINT('',#7856);
#3517=VERTEX_POINT('',#7863);
#3518=VERTEX_POINT('',#7867);
#3519=VERTEX_POINT('',#7868);
#3520=VERTEX_POINT('',#7870);
#3521=VERTEX_POINT('',#7872);
#3522=VERTEX_POINT('',#7880);
#3523=VERTEX_POINT('',#7883);
#3524=VERTEX_POINT('',#7887);
#3525=VERTEX_POINT('',#7889);
#3526=VERTEX_POINT('',#7912);
#3527=VERTEX_POINT('',#7914);
#3528=VERTEX_POINT('',#7918);
#3529=VERTEX_POINT('',#7922);
#3530=VERTEX_POINT('',#7926);
#3531=VERTEX_POINT('',#7928);
#3532=VERTEX_POINT('',#7932);
#3533=VERTEX_POINT('',#7936);
#3534=VERTEX_POINT('',#7957);
#3535=VERTEX_POINT('',#7959);
#3536=VERTEX_POINT('',#7962);
#3537=VERTEX_POINT('',#7964);
#3538=VERTEX_POINT('',#7967);
#3539=VERTEX_POINT('',#7968);
#3540=VERTEX_POINT('',#7970);
#3541=VERTEX_POINT('',#7972);
#3542=VERTEX_POINT('',#7976);
#3543=VERTEX_POINT('',#7977);
#3544=VERTEX_POINT('',#7979);
#3545=VERTEX_POINT('',#7981);
#3546=VERTEX_POINT('',#7984);
#3547=VERTEX_POINT('',#7985);
#3548=VERTEX_POINT('',#7987);
#3549=VERTEX_POINT('',#7989);
#3550=VERTEX_POINT('',#7997);
#3551=VERTEX_POINT('',#8003);
#3552=VERTEX_POINT('',#8004);
#3553=VERTEX_POINT('',#8006);
#3554=VERTEX_POINT('',#8008);
#3555=VERTEX_POINT('',#8012);
#3556=VERTEX_POINT('',#8013);
#3557=VERTEX_POINT('',#8018);
#3558=VERTEX_POINT('',#8025);
#3559=VERTEX_POINT('',#8031);
#3560=VERTEX_POINT('',#8039);
#3561=VERTEX_POINT('',#8041);
#3562=VERTEX_POINT('',#8043);
#3563=VERTEX_POINT('',#8044);
#3564=VERTEX_POINT('',#8046);
#3565=VERTEX_POINT('',#8048);
#3566=VERTEX_POINT('',#8050);
#3567=VERTEX_POINT('',#8052);
#3568=VERTEX_POINT('',#8066);
#3569=VERTEX_POINT('',#8068);
#3570=VERTEX_POINT('',#8071);
#3571=VERTEX_POINT('',#8074);
#3572=VERTEX_POINT('',#8077);
#3573=VERTEX_POINT('',#8078);
#3574=VERTEX_POINT('',#8080);
#3575=VERTEX_POINT('',#8082);
#3576=VERTEX_POINT('',#8085);
#3577=VERTEX_POINT('',#8086);
#3578=VERTEX_POINT('',#8094);
#3579=VERTEX_POINT('',#8097);
#3580=VERTEX_POINT('',#8107);
#3581=VERTEX_POINT('',#8108);
#3582=VERTEX_POINT('',#8119);
#3583=VERTEX_POINT('',#8120);
#3584=VERTEX_POINT('',#8122);
#3585=VERTEX_POINT('',#8124);
#3586=VERTEX_POINT('',#8127);
#3587=VERTEX_POINT('',#8129);
#3588=VERTEX_POINT('',#8165);
#3589=VERTEX_POINT('',#8168);
#3590=VERTEX_POINT('',#8171);
#3591=VERTEX_POINT('',#8174);
#3592=VERTEX_POINT('',#8176);
#3593=VERTEX_POINT('',#8179);
#3594=VERTEX_POINT('',#8207);
#3595=VERTEX_POINT('',#8208);
#3596=VERTEX_POINT('',#8210);
#3597=VERTEX_POINT('',#8212);
#3598=VERTEX_POINT('',#8216);
#3599=VERTEX_POINT('',#8217);
#3600=VERTEX_POINT('',#8220);
#3601=VERTEX_POINT('',#8222);
#3602=VERTEX_POINT('',#8225);
#3603=VERTEX_POINT('',#8227);
#3604=VERTEX_POINT('',#8229);
#3605=VERTEX_POINT('',#8232);
#3606=VERTEX_POINT('',#8236);
#3607=VERTEX_POINT('',#8240);
#3608=VERTEX_POINT('',#8242);
#3609=VERTEX_POINT('',#8248);
#3610=VERTEX_POINT('',#8250);
#3611=VERTEX_POINT('',#8252);
#3612=VERTEX_POINT('',#8261);
#3613=VERTEX_POINT('',#8263);
#3614=VERTEX_POINT('',#8276);
#3615=VERTEX_POINT('',#8288);
#3616=VERTEX_POINT('',#8291);
#3617=VERTEX_POINT('',#8292);
#3618=VERTEX_POINT('',#8297);
#3619=VERTEX_POINT('',#8299);
#3620=VERTEX_POINT('',#8301);
#3621=VERTEX_POINT('',#8306);
#3622=VERTEX_POINT('',#8308);
#3623=VERTEX_POINT('',#8310);
#3624=VERTEX_POINT('',#8315);
#3625=VERTEX_POINT('',#8317);
#3626=VERTEX_POINT('',#8319);
#3627=VERTEX_POINT('',#8324);
#3628=VERTEX_POINT('',#8326);
#3629=VERTEX_POINT('',#8328);
#3630=VERTEX_POINT('',#8333);
#3631=VERTEX_POINT('',#8335);
#3632=VERTEX_POINT('',#8337);
#3633=VERTEX_POINT('',#8342);
#3634=VERTEX_POINT('',#8349);
#3635=VERTEX_POINT('',#8350);
#3636=VERTEX_POINT('',#8352);
#3637=VERTEX_POINT('',#8354);
#3638=VERTEX_POINT('',#8359);
#3639=VERTEX_POINT('',#8361);
#3640=VERTEX_POINT('',#8363);
#3641=VERTEX_POINT('',#8368);
#3642=VERTEX_POINT('',#8370);
#3643=VERTEX_POINT('',#8372);
#3644=VERTEX_POINT('',#8377);
#3645=VERTEX_POINT('',#8379);
#3646=VERTEX_POINT('',#8381);
#3647=VERTEX_POINT('',#8386);
#3648=VERTEX_POINT('',#8388);
#3649=VERTEX_POINT('',#8390);
#3650=VERTEX_POINT('',#8395);
#3651=VERTEX_POINT('',#8397);
#3652=VERTEX_POINT('',#8479);
#3653=VERTEX_POINT('',#8484);
#3654=VERTEX_POINT('',#8493);
#3655=VERTEX_POINT('',#8498);
#3656=VERTEX_POINT('',#8507);
#3657=VERTEX_POINT('',#8512);
#3658=VERTEX_POINT('',#8521);
#3659=VERTEX_POINT('',#8526);
#3660=VERTEX_POINT('',#8535);
#3661=VERTEX_POINT('',#8540);
#3662=VERTEX_POINT('',#8549);
#3663=VERTEX_POINT('',#8554);
#3664=VERTEX_POINT('',#8639);
#3665=VERTEX_POINT('',#8644);
#3666=VERTEX_POINT('',#8649);
#3667=VERTEX_POINT('',#8658);
#3668=VERTEX_POINT('',#8663);
#3669=VERTEX_POINT('',#8672);
#3670=VERTEX_POINT('',#8677);
#3671=VERTEX_POINT('',#8686);
#3672=VERTEX_POINT('',#8691);
#3673=VERTEX_POINT('',#8700);
#3674=VERTEX_POINT('',#8705);
#3675=VERTEX_POINT('',#8714);
#3676=VERTEX_POINT('',#8758);
#3677=VERTEX_POINT('',#8761);
#3678=VERTEX_POINT('',#8763);
#3679=VERTEX_POINT('',#8766);
#3680=VERTEX_POINT('',#8768);
#3681=VERTEX_POINT('',#8771);
#3682=VERTEX_POINT('',#8773);
#3683=VERTEX_POINT('',#8776);
#3684=VERTEX_POINT('',#8785);
#3685=VERTEX_POINT('',#8786);
#3686=VERTEX_POINT('',#8788);
#3687=VERTEX_POINT('',#8790);
#3688=VERTEX_POINT('',#8794);
#3689=VERTEX_POINT('',#8796);
#3690=VERTEX_POINT('',#8800);
#3691=VERTEX_POINT('',#8801);
#3692=VERTEX_POINT('',#8806);
#3693=VERTEX_POINT('',#8807);
#3694=VERTEX_POINT('',#8809);
#3695=VERTEX_POINT('',#8811);
#3696=VERTEX_POINT('',#8815);
#3697=VERTEX_POINT('',#8816);
#3698=VERTEX_POINT('',#8821);
#3699=VERTEX_POINT('',#8823);
#3700=VERTEX_POINT('',#8825);
#3701=VERTEX_POINT('',#8828);
#3702=VERTEX_POINT('',#8830);
#3703=VERTEX_POINT('',#8833);
#3704=VERTEX_POINT('',#8835);
#3705=VERTEX_POINT('',#8837);
#3706=VERTEX_POINT('',#8839);
#3707=VERTEX_POINT('',#8842);
#3708=VERTEX_POINT('',#8846);
#3709=VERTEX_POINT('',#8852);
#3710=VERTEX_POINT('',#8856);
#3711=VERTEX_POINT('',#8858);
#3712=VERTEX_POINT('',#8861);
#3713=VERTEX_POINT('',#8863);
#3714=VERTEX_POINT('',#8865);
#3715=VERTEX_POINT('',#8867);
#3716=VERTEX_POINT('',#8880);
#3717=VERTEX_POINT('',#8881);
#3718=VERTEX_POINT('',#8883);
#3719=VERTEX_POINT('',#8885);
#3720=VERTEX_POINT('',#8889);
#3721=VERTEX_POINT('',#8891);
#3722=VERTEX_POINT('',#8895);
#3723=VERTEX_POINT('',#8897);
#3724=VERTEX_POINT('',#8904);
#3725=VERTEX_POINT('',#8907);
#3726=VERTEX_POINT('',#8910);
#3727=VERTEX_POINT('',#8913);
#3728=VERTEX_POINT('',#8916);
#3729=VERTEX_POINT('',#8920);
#3730=VERTEX_POINT('',#8923);
#3731=VERTEX_POINT('',#8926);
#3732=CIRCLE('',#5150,0.001625);
#3733=CIRCLE('',#5151,0.001625);
#3734=CIRCLE('',#5152,0.001625);
#3735=CIRCLE('',#5153,0.001625);
#3736=CIRCLE('',#5155,0.000825);
#3737=CIRCLE('',#5156,0.000825);
#3738=CIRCLE('',#5158,0.001325);
#3739=CIRCLE('',#5160,0.001325);
#3740=CIRCLE('',#5162,0.00075);
#3741=CIRCLE('',#5163,0.00075);
#3742=CIRCLE('',#5166,0.00075);
#3743=CIRCLE('',#5167,0.00075);
#3744=CIRCLE('',#5169,0.00128071874340123);
#3745=CIRCLE('',#5176,0.00128071874340123);
#3746=CIRCLE('',#5178,0.00095);
#3747=CIRCLE('',#5180,0.00095);
#3748=CIRCLE('',#5182,0.00115);
#3749=CIRCLE('',#5183,0.00115);
#3750=CIRCLE('',#5185,0.000803589838486225);
#3751=CIRCLE('',#5200,0.0007);
#3752=CIRCLE('',#5201,0.0006);
#3753=CIRCLE('',#5202,0.0006);
#3754=CIRCLE('',#5209,0.0006);
#3755=CIRCLE('',#5211,0.0006);
#3756=CIRCLE('',#5217,0.0007);
#3757=CIRCLE('',#5219,0.0003);
#3758=CIRCLE('',#5221,0.0008);
#3759=CIRCLE('',#5223,0.0003);
#3760=CIRCLE('',#5225,0.0008);
#3761=CIRCLE('',#5261,0.0007);
#3762=CIRCLE('',#5265,0.0007);
#3763=CIRCLE('',#5272,0.0007);
#3764=CIRCLE('',#5273,0.0007);
#3765=CIRCLE('',#5276,0.0012);
#3766=CIRCLE('',#5277,0.0012);
#3767=CIRCLE('',#5293,0.0007);
#3768=CIRCLE('',#5296,0.00075);
#3769=CIRCLE('',#5297,0.00075);
#3770=CIRCLE('',#5299,0.00205);
#3771=CIRCLE('',#5300,0.00205);
#3772=CIRCLE('',#5303,0.00075);
#3773=CIRCLE('',#5304,0.00075);
#3774=CIRCLE('',#5307,0.00175);
#3775=CIRCLE('',#5308,0.00175);
#3776=CIRCLE('',#5310,0.0007);
#3777=CIRCLE('',#5312,0.0007);
#3778=CIRCLE('',#5317,0.0007);
#3779=CIRCLE('',#5321,0.0007);
#3780=CIRCLE('',#5323,0.0007);
#3781=CIRCLE('',#5359,0.00346896088612476);
#3782=CIRCLE('',#5360,0.0003);
#3783=CIRCLE('',#5362,0.00346896088612476);
#3784=CIRCLE('',#5363,0.0003);
#3785=CIRCLE('',#5368,0.0003);
#3786=CIRCLE('',#5374,0.0003);
#3787=CIRCLE('',#5378,0.0003);
#3788=CIRCLE('',#5380,0.0003);
#3789=CIRCLE('',#5387,0.001625);
#3790=CIRCLE('',#5388,0.001625);
#3791=CIRCLE('',#5389,0.001625);
#3792=CIRCLE('',#5390,0.001625);
#3793=CIRCLE('',#5392,0.000825);
#3794=CIRCLE('',#5393,0.000825);
#3795=CIRCLE('',#5395,0.001325);
#3796=CIRCLE('',#5397,0.001325);
#3797=CIRCLE('',#5399,0.00075);
#3798=CIRCLE('',#5400,0.00075);
#3799=CIRCLE('',#5403,0.00075);
#3800=CIRCLE('',#5404,0.00075);
#3801=CIRCLE('',#5406,0.00128071874340123);
#3802=CIRCLE('',#5413,0.00128071874340123);
#3803=CIRCLE('',#5415,0.00095);
#3804=CIRCLE('',#5417,0.00095);
#3805=CIRCLE('',#5419,0.00115);
#3806=CIRCLE('',#5420,0.00115);
#3807=CIRCLE('',#5422,0.000803589838486225);
#3808=CIRCLE('',#5430,0.001);
#3809=CIRCLE('',#5431,0.001);
#3810=CIRCLE('',#5432,0.0003);
#3811=CIRCLE('',#5433,0.0003);
#3812=CIRCLE('',#5434,0.0003);
#3813=CIRCLE('',#5439,0.001);
#3814=CIRCLE('',#5440,0.001);
#3815=CIRCLE('',#5441,0.0003);
#3816=CIRCLE('',#5442,0.0003);
#3817=CIRCLE('',#5443,0.0003);
#3818=CIRCLE('',#5451,0.0012);
#3819=CIRCLE('',#5452,0.0012);
#3820=CIRCLE('',#5476,0.00175);
#3821=CIRCLE('',#5478,0.00175);
#3822=CIRCLE('',#5479,0.0003);
#3823=CIRCLE('',#5481,0.00065);
#3824=CIRCLE('',#5482,0.0003);
#3825=CIRCLE('',#5484,0.00065);
#3826=CIRCLE('',#5485,0.0003);
#3827=CIRCLE('',#5487,0.0003);
#3828=CIRCLE('',#5500,0.00075);
#3829=CIRCLE('',#5501,0.00075);
#3830=CIRCLE('',#5502,0.00075);
#3831=CIRCLE('',#5503,0.00075);
#3832=CIRCLE('',#5509,0.00075);
#3833=CIRCLE('',#5510,0.00075);
#3834=CIRCLE('',#5511,0.00075);
#3835=CIRCLE('',#5512,0.00075);
#3836=CIRCLE('',#5522,0.006);
#3837=CIRCLE('',#5523,0.006);
#3838=CIRCLE('',#5526,0.006);
#3839=CIRCLE('',#5527,0.006);
#3840=CIRCLE('',#5530,0.002);
#3841=CIRCLE('',#5532,0.0025);
#3842=CIRCLE('',#5534,0.002);
#3843=CIRCLE('',#5536,0.0004);
#3844=CIRCLE('',#5538,0.0004);
#3845=CIRCLE('',#5541,0.0025);
#3846=CIRCLE('',#5543,0.0004);
#3847=CIRCLE('',#5545,0.0004);
#3848=EDGE_LOOP('',(#1295));
#3849=EDGE_LOOP('',(#1296));
#3850=EDGE_LOOP('',(#1297,#1298,#1299,#1300,#1301,#1302));
#3851=EDGE_LOOP('',(#1303));
#3852=EDGE_LOOP('',(#1304));
#3853=EDGE_LOOP('',(#1305));
#3854=EDGE_LOOP('',(#1306));
#3855=EDGE_LOOP('',(#1307));
#3856=EDGE_LOOP('',(#1308));
#3857=EDGE_LOOP('',(#1309,#1310,#1311,#1312));
#3858=EDGE_LOOP('',(#1313,#1314,#1315,#1316,#1317,#1318));
#3859=EDGE_LOOP('',(#1319,#1320,#1321,#1322));
#3860=EDGE_LOOP('',(#1323,#1324,#1325,#1326));
#3861=EDGE_LOOP('',(#1327,#1328,#1329,#1330,#1331,#1332));
#3862=EDGE_LOOP('',(#1333,#1334,#1335,#1336,#1337,#1338));
#3863=EDGE_LOOP('',(#1339,#1340,#1341,#1342));
#3864=EDGE_LOOP('',(#1343,#1344,#1345,#1346));
#3865=EDGE_LOOP('',(#1347,#1348,#1349,#1350));
#3866=EDGE_LOOP('',(#1351,#1352,#1353,#1354));
#3867=EDGE_LOOP('',(#1355,#1356,#1357,#1358));
#3868=EDGE_LOOP('',(#1359));
#3869=EDGE_LOOP('',(#1360,#1361));
#3870=EDGE_LOOP('',(#1362));
#3871=EDGE_LOOP('',(#1363));
#3872=EDGE_LOOP('',(#1364));
#3873=EDGE_LOOP('',(#1365));
#3874=EDGE_LOOP('',(#1366));
#3875=EDGE_LOOP('',(#1367));
#3876=EDGE_LOOP('',(#1368));
#3877=EDGE_LOOP('',(#1369));
#3878=EDGE_LOOP('',(#1370));
#3879=EDGE_LOOP('',(#1371));
#3880=EDGE_LOOP('',(#1372));
#3881=EDGE_LOOP('',(#1373));
#3882=EDGE_LOOP('',(#1374));
#3883=EDGE_LOOP('',(#1375));
#3884=EDGE_LOOP('',(#1376));
#3885=EDGE_LOOP('',(#1377,#1378,#1379,#1380));
#3886=EDGE_LOOP('',(#1381,#1382,#1383,#1384));
#3887=EDGE_LOOP('',(#1385,#1386,#1387,#1388));
#3888=EDGE_LOOP('',(#1389,#1390,#1391,#1392));
#3889=EDGE_LOOP('',(#1393,#1394,#1395,#1396));
#3890=EDGE_LOOP('',(#1397,#1398,#1399,#1400));
#3891=EDGE_LOOP('',(#1401,#1402,#1403,#1404));
#3892=EDGE_LOOP('',(#1405,#1406,#1407,#1408));
#3893=EDGE_LOOP('',(#1409,#1410,#1411,#1412,#1413,#1414));
#3894=EDGE_LOOP('',(#1415));
#3895=EDGE_LOOP('',(#1416));
#3896=EDGE_LOOP('',(#1417,#1418,#1419,#1420,#1421,#1422,#1423,#1424));
#3897=EDGE_LOOP('',(#1425));
#3898=EDGE_LOOP('',(#1426,#1427,#1428,#1429));
#3899=EDGE_LOOP('',(#1430,#1431,#1432,#1433,#1434,#1435,#1436,#1437));
#3900=EDGE_LOOP('',(#1438,#1439,#1440,#1441));
#3901=EDGE_LOOP('',(#1442,#1443,#1444,#1445,#1446,#1447,#1448,#1449));
#3902=EDGE_LOOP('',(#1450,#1451,#1452,#1453,#1454,#1455));
#3903=EDGE_LOOP('',(#1456));
#3904=EDGE_LOOP('',(#1457));
#3905=EDGE_LOOP('',(#1458));
#3906=EDGE_LOOP('',(#1459));
#3907=EDGE_LOOP('',(#1460,#1461,#1462,#1463));
#3908=EDGE_LOOP('',(#1464,#1465,#1466,#1467));
#3909=EDGE_LOOP('',(#1468,#1469,#1470,#1471));
#3910=EDGE_LOOP('',(#1472,#1473,#1474,#1475));
#3911=EDGE_LOOP('',(#1476));
#3912=EDGE_LOOP('',(#1477));
#3913=EDGE_LOOP('',(#1478));
#3914=EDGE_LOOP('',(#1479));
#3915=EDGE_LOOP('',(#1480));
#3916=EDGE_LOOP('',(#1481));
#3917=EDGE_LOOP('',(#1482));
#3918=EDGE_LOOP('',(#1483));
#3919=EDGE_LOOP('',(#1484));
#3920=EDGE_LOOP('',(#1485));
#3921=EDGE_LOOP('',(#1486));
#3922=EDGE_LOOP('',(#1487));
#3923=EDGE_LOOP('',(#1488));
#3924=EDGE_LOOP('',(#1489,#1490,#1491,#1492));
#3925=EDGE_LOOP('',(#1493,#1494,#1495,#1496));
#3926=EDGE_LOOP('',(#1497,#1498,#1499,#1500));
#3927=EDGE_LOOP('',(#1501,#1502,#1503,#1504));
#3928=EDGE_LOOP('',(#1505,#1506,#1507,#1508));
#3929=EDGE_LOOP('',(#1509,#1510,#1511,#1512));
#3930=EDGE_LOOP('',(#1513,#1514,#1515,#1516));
#3931=EDGE_LOOP('',(#1517,#1518,#1519,#1520));
#3932=EDGE_LOOP('',(#1521,#1522,#1523,#1524));
#3933=EDGE_LOOP('',(#1525));
#3934=EDGE_LOOP('',(#1526));
#3935=EDGE_LOOP('',(#1527,#1528,#1529,#1530,#1531,#1532,#1533,#1534,#1535,
#1536,#1537,#1538,#1539,#1540,#1541,#1542,#1543,#1544));
#3936=EDGE_LOOP('',(#1545,#1546,#1547,#1548,#1549,#1550));
#3937=EDGE_LOOP('',(#1551,#1552,#1553,#1554,#1555,#1556));
#3938=EDGE_LOOP('',(#1557,#1558,#1559,#1560,#1561,#1562,#1563,#1564,#1565,
#1566,#1567,#1568,#1569,#1570,#1571,#1572,#1573,#1574));
#3939=EDGE_LOOP('',(#1575));
#3940=EDGE_LOOP('',(#1576,#1577,#1578,#1579,#1580,#1581,#1582,#1583,#1584,
#1585,#1586,#1587));
#3941=EDGE_LOOP('',(#1588,#1589,#1590,#1591,#1592,#1593,#1594,#1595,#1596,
#1597,#1598,#1599));
#3942=EDGE_LOOP('',(#1600));
#3943=EDGE_LOOP('',(#1601,#1602,#1603,#1604));
#3944=EDGE_LOOP('',(#1605,#1606,#1607,#1608));
#3945=EDGE_LOOP('',(#1609,#1610,#1611,#1612));
#3946=EDGE_LOOP('',(#1613,#1614,#1615,#1616));
#3947=EDGE_LOOP('',(#1617,#1618,#1619,#1620));
#3948=EDGE_LOOP('',(#1621,#1622,#1623,#1624));
#3949=EDGE_LOOP('',(#1625,#1626,#1627,#1628));
#3950=EDGE_LOOP('',(#1629,#1630,#1631,#1632));
#3951=EDGE_LOOP('',(#1633,#1634,#1635,#1636));
#3952=EDGE_LOOP('',(#1637,#1638,#1639,#1640));
#3953=EDGE_LOOP('',(#1641,#1642,#1643,#1644));
#3954=EDGE_LOOP('',(#1645,#1646,#1647,#1648));
#3955=EDGE_LOOP('',(#1649,#1650,#1651,#1652));
#3956=EDGE_LOOP('',(#1653,#1654,#1655,#1656));
#3957=EDGE_LOOP('',(#1657,#1658,#1659,#1660));
#3958=EDGE_LOOP('',(#1661,#1662,#1663,#1664));
#3959=EDGE_LOOP('',(#1665,#1666,#1667,#1668));
#3960=EDGE_LOOP('',(#1669,#1670,#1671,#1672));
#3961=EDGE_LOOP('',(#1673,#1674,#1675,#1676));
#3962=EDGE_LOOP('',(#1677,#1678,#1679,#1680));
#3963=EDGE_LOOP('',(#1681,#1682,#1683,#1684,#1685));
#3964=EDGE_LOOP('',(#1686));
#3965=EDGE_LOOP('',(#1687,#1688,#1689,#1690));
#3966=EDGE_LOOP('',(#1691,#1692,#1693,#1694));
#3967=EDGE_LOOP('',(#1695,#1696,#1697,#1698));
#3968=EDGE_LOOP('',(#1699));
#3969=EDGE_LOOP('',(#1700,#1701,#1702,#1703));
#3970=EDGE_LOOP('',(#1704));
#3971=EDGE_LOOP('',(#1705,#1706,#1707,#1708,#1709));
#3972=EDGE_LOOP('',(#1710,#1711,#1712,#1713,#1714));
#3973=EDGE_LOOP('',(#1715,#1716,#1717,#1718));
#3974=EDGE_LOOP('',(#1719,#1720,#1721,#1722));
#3975=EDGE_LOOP('',(#1723,#1724,#1725,#1726));
#3976=EDGE_LOOP('',(#1727,#1728,#1729,#1730));
#3977=EDGE_LOOP('',(#1731,#1732,#1733,#1734,#1735,#1736,#1737,#1738,#1739,
#1740,#1741,#1742,#1743,#1744,#1745,#1746,#1747,#1748,#1749,#1750,#1751,
#1752,#1753,#1754,#1755,#1756,#1757,#1758,#1759,#1760,#1761,#1762,#1763));
#3978=EDGE_LOOP('',(#1764));
#3979=EDGE_LOOP('',(#1765));
#3980=EDGE_LOOP('',(#1766,#1767,#1768,#1769));
#3981=EDGE_LOOP('',(#1770,#1771,#1772,#1773));
#3982=EDGE_LOOP('',(#1774,#1775,#1776,#1777,#1778,#1779,#1780,#1781,#1782,
#1783,#1784,#1785,#1786,#1787,#1788,#1789,#1790,#1791,#1792,#1793));
#3983=EDGE_LOOP('',(#1794,#1795,#1796,#1797));
#3984=EDGE_LOOP('',(#1798));
#3985=EDGE_LOOP('',(#1799));
#3986=EDGE_LOOP('',(#1800,#1801,#1802,#1803));
#3987=EDGE_LOOP('',(#1804,#1805,#1806,#1807));
#3988=EDGE_LOOP('',(#1808,#1809,#1810,#1811));
#3989=EDGE_LOOP('',(#1812,#1813,#1814,#1815));
#3990=EDGE_LOOP('',(#1816,#1817,#1818,#1819));
#3991=EDGE_LOOP('',(#1820,#1821,#1822,#1823));
#3992=EDGE_LOOP('',(#1824,#1825,#1826,#1827));
#3993=EDGE_LOOP('',(#1828,#1829,#1830,#1831));
#3994=EDGE_LOOP('',(#1832,#1833,#1834,#1835,#1836));
#3995=EDGE_LOOP('',(#1837,#1838,#1839,#1840));
#3996=EDGE_LOOP('',(#1841,#1842,#1843,#1844));
#3997=EDGE_LOOP('',(#1845,#1846,#1847,#1848));
#3998=EDGE_LOOP('',(#1849,#1850,#1851,#1852));
#3999=EDGE_LOOP('',(#1853,#1854,#1855,#1856));
#4000=EDGE_LOOP('',(#1857,#1858,#1859,#1860,#1861,#1862));
#4001=EDGE_LOOP('',(#1863,#1864,#1865,#1866));
#4002=EDGE_LOOP('',(#1867));
#4003=EDGE_LOOP('',(#1868,#1869,#1870,#1871));
#4004=EDGE_LOOP('',(#1872));
#4005=EDGE_LOOP('',(#1873));
#4006=EDGE_LOOP('',(#1874));
#4007=EDGE_LOOP('',(#1875));
#4008=EDGE_LOOP('',(#1876,#1877,#1878,#1879));
#4009=EDGE_LOOP('',(#1880));
#4010=EDGE_LOOP('',(#1881));
#4011=EDGE_LOOP('',(#1882,#1883,#1884,#1885,#1886,#1887,#1888,#1889,#1890));
#4012=EDGE_LOOP('',(#1891));
#4013=EDGE_LOOP('',(#1892));
#4014=EDGE_LOOP('',(#1893));
#4015=EDGE_LOOP('',(#1894));
#4016=EDGE_LOOP('',(#1895,#1896,#1897,#1898,#1899,#1900,#1901,#1902,#1903));
#4017=EDGE_LOOP('',(#1904));
#4018=EDGE_LOOP('',(#1905));
#4019=EDGE_LOOP('',(#1906));
#4020=EDGE_LOOP('',(#1907));
#4021=EDGE_LOOP('',(#1908));
#4022=EDGE_LOOP('',(#1909));
#4023=EDGE_LOOP('',(#1910));
#4024=EDGE_LOOP('',(#1911));
#4025=EDGE_LOOP('',(#1912));
#4026=EDGE_LOOP('',(#1913));
#4027=EDGE_LOOP('',(#1914,#1915,#1916,#1917));
#4028=EDGE_LOOP('',(#1918));
#4029=EDGE_LOOP('',(#1919,#1920,#1921,#1922));
#4030=EDGE_LOOP('',(#1923,#1924,#1925,#1926));
#4031=EDGE_LOOP('',(#1927,#1928,#1929,#1930));
#4032=EDGE_LOOP('',(#1931,#1932,#1933,#1934));
#4033=EDGE_LOOP('',(#1935));
#4034=EDGE_LOOP('',(#1936));
#4035=EDGE_LOOP('',(#1937,#1938,#1939,#1940));
#4036=EDGE_LOOP('',(#1941));
#4037=EDGE_LOOP('',(#1942,#1943,#1944,#1945,#1946));
#4038=EDGE_LOOP('',(#1947));
#4039=EDGE_LOOP('',(#1948));
#4040=EDGE_LOOP('',(#1949));
#4041=EDGE_LOOP('',(#1950));
#4042=EDGE_LOOP('',(#1951));
#4043=EDGE_LOOP('',(#1952));
#4044=EDGE_LOOP('',(#1953));
#4045=EDGE_LOOP('',(#1954));
#4046=EDGE_LOOP('',(#1955));
#4047=EDGE_LOOP('',(#1956));
#4048=EDGE_LOOP('',(#1957));
#4049=EDGE_LOOP('',(#1958));
#4050=EDGE_LOOP('',(#1959,#1960,#1961,#1962));
#4051=EDGE_LOOP('',(#1963,#1964,#1965,#1966));
#4052=EDGE_LOOP('',(#1967,#1968,#1969,#1970));
#4053=EDGE_LOOP('',(#1971,#1972,#1973,#1974));
#4054=EDGE_LOOP('',(#1975,#1976,#1977,#1978,#1979));
#4055=EDGE_LOOP('',(#1980,#1981,#1982,#1983,#1984));
#4056=EDGE_LOOP('',(#1985,#1986,#1987,#1988));
#4057=EDGE_LOOP('',(#1989,#1990,#1991,#1992));
#4058=EDGE_LOOP('',(#1993,#1994,#1995,#1996));
#4059=EDGE_LOOP('',(#1997,#1998,#1999,#2000));
#4060=EDGE_LOOP('',(#2001,#2002,#2003,#2004));
#4061=EDGE_LOOP('',(#2005,#2006,#2007,#2008));
#4062=EDGE_LOOP('',(#2009,#2010,#2011,#2012));
#4063=EDGE_LOOP('',(#2013,#2014,#2015,#2016));
#4064=EDGE_LOOP('',(#2017,#2018,#2019,#2020));
#4065=EDGE_LOOP('',(#2021,#2022,#2023,#2024));
#4066=EDGE_LOOP('',(#2025,#2026,#2027,#2028));
#4067=EDGE_LOOP('',(#2029,#2030,#2031,#2032));
#4068=EDGE_LOOP('',(#2033,#2034,#2035,#2036));
#4069=EDGE_LOOP('',(#2037,#2038,#2039,#2040));
#4070=EDGE_LOOP('',(#2041,#2042,#2043,#2044));
#4071=EDGE_LOOP('',(#2045,#2046,#2047,#2048));
#4072=EDGE_LOOP('',(#2049,#2050,#2051,#2052));
#4073=EDGE_LOOP('',(#2053,#2054,#2055,#2056,#2057,#2058));
#4074=EDGE_LOOP('',(#2059,#2060,#2061,#2062,#2063,#2064));
#4075=EDGE_LOOP('',(#2065,#2066,#2067,#2068));
#4076=EDGE_LOOP('',(#2069));
#4077=EDGE_LOOP('',(#2070));
#4078=EDGE_LOOP('',(#2071));
#4079=EDGE_LOOP('',(#2072));
#4080=EDGE_LOOP('',(#2073,#2074,#2075,#2076));
#4081=EDGE_LOOP('',(#2077,#2078,#2079,#2080));
#4082=EDGE_LOOP('',(#2081,#2082,#2083,#2084));
#4083=EDGE_LOOP('',(#2085,#2086,#2087,#2088));
#4084=EDGE_LOOP('',(#2089,#2090,#2091,#2092));
#4085=EDGE_LOOP('',(#2093));
#4086=EDGE_LOOP('',(#2094,#2095,#2096,#2097));
#4087=EDGE_LOOP('',(#2098,#2099,#2100,#2101));
#4088=EDGE_LOOP('',(#2102,#2103,#2104,#2105));
#4089=EDGE_LOOP('',(#2106,#2107,#2108,#2109));
#4090=EDGE_LOOP('',(#2110,#2111,#2112,#2113,#2114,#2115));
#4091=EDGE_LOOP('',(#2116,#2117,#2118,#2119));
#4092=EDGE_LOOP('',(#2120,#2121,#2122,#2123));
#4093=EDGE_LOOP('',(#2124,#2125,#2126,#2127,#2128,#2129));
#4094=EDGE_LOOP('',(#2130));
#4095=EDGE_LOOP('',(#2131));
#4096=EDGE_LOOP('',(#2132));
#4097=EDGE_LOOP('',(#2133));
#4098=EDGE_LOOP('',(#2134));
#4099=EDGE_LOOP('',(#2135,#2136,#2137,#2138));
#4100=EDGE_LOOP('',(#2139));
#4101=EDGE_LOOP('',(#2140));
#4102=EDGE_LOOP('',(#2141));
#4103=EDGE_LOOP('',(#2142));
#4104=EDGE_LOOP('',(#2143,#2144,#2145,#2146,#2147,#2148));
#4105=EDGE_LOOP('',(#2149));
#4106=EDGE_LOOP('',(#2150));
#4107=EDGE_LOOP('',(#2151));
#4108=EDGE_LOOP('',(#2152));
#4109=EDGE_LOOP('',(#2153));
#4110=EDGE_LOOP('',(#2154));
#4111=EDGE_LOOP('',(#2155,#2156,#2157,#2158));
#4112=EDGE_LOOP('',(#2159,#2160,#2161,#2162,#2163,#2164));
#4113=EDGE_LOOP('',(#2165,#2166,#2167,#2168));
#4114=EDGE_LOOP('',(#2169,#2170,#2171,#2172));
#4115=EDGE_LOOP('',(#2173,#2174,#2175,#2176,#2177,#2178));
#4116=EDGE_LOOP('',(#2179,#2180,#2181,#2182,#2183,#2184));
#4117=EDGE_LOOP('',(#2185,#2186,#2187,#2188));
#4118=EDGE_LOOP('',(#2189,#2190,#2191,#2192));
#4119=EDGE_LOOP('',(#2193,#2194,#2195,#2196));
#4120=EDGE_LOOP('',(#2197,#2198,#2199,#2200));
#4121=EDGE_LOOP('',(#2201,#2202,#2203,#2204));
#4122=EDGE_LOOP('',(#2205));
#4123=EDGE_LOOP('',(#2206,#2207));
#4124=EDGE_LOOP('',(#2208));
#4125=EDGE_LOOP('',(#2209));
#4126=EDGE_LOOP('',(#2210));
#4127=EDGE_LOOP('',(#2211));
#4128=EDGE_LOOP('',(#2212));
#4129=EDGE_LOOP('',(#2213));
#4130=EDGE_LOOP('',(#2214));
#4131=EDGE_LOOP('',(#2215));
#4132=EDGE_LOOP('',(#2216));
#4133=EDGE_LOOP('',(#2217));
#4134=EDGE_LOOP('',(#2218));
#4135=EDGE_LOOP('',(#2219));
#4136=EDGE_LOOP('',(#2220));
#4137=EDGE_LOOP('',(#2221));
#4138=EDGE_LOOP('',(#2222));
#4139=EDGE_LOOP('',(#2223,#2224,#2225,#2226));
#4140=EDGE_LOOP('',(#2227,#2228,#2229,#2230));
#4141=EDGE_LOOP('',(#2231,#2232,#2233,#2234));
#4142=EDGE_LOOP('',(#2235,#2236,#2237,#2238,#2239,#2240));
#4143=EDGE_LOOP('',(#2241));
#4144=EDGE_LOOP('',(#2242));
#4145=EDGE_LOOP('',(#2243));
#4146=EDGE_LOOP('',(#2244,#2245,#2246,#2247));
#4147=EDGE_LOOP('',(#2248,#2249,#2250,#2251));
#4148=EDGE_LOOP('',(#2252,#2253,#2254,#2255));
#4149=EDGE_LOOP('',(#2256,#2257,#2258,#2259,#2260,#2261));
#4150=EDGE_LOOP('',(#2262));
#4151=EDGE_LOOP('',(#2263));
#4152=EDGE_LOOP('',(#2264));
#4153=EDGE_LOOP('',(#2265));
#4154=EDGE_LOOP('',(#2266));
#4155=EDGE_LOOP('',(#2267));
#4156=EDGE_LOOP('',(#2268));
#4157=EDGE_LOOP('',(#2269));
#4158=EDGE_LOOP('',(#2270));
#4159=EDGE_LOOP('',(#2271,#2272,#2273,#2274));
#4160=EDGE_LOOP('',(#2275,#2276,#2277,#2278));
#4161=EDGE_LOOP('',(#2279));
#4162=EDGE_LOOP('',(#2280));
#4163=EDGE_LOOP('',(#2281));
#4164=EDGE_LOOP('',(#2282));
#4165=EDGE_LOOP('',(#2283,#2284,#2285,#2286,#2287,#2288,#2289,#2290,#2291,
#2292,#2293,#2294,#2295,#2296,#2297,#2298,#2299,#2300));
#4166=EDGE_LOOP('',(#2301));
#4167=EDGE_LOOP('',(#2302,#2303,#2304,#2305,#2306,#2307,#2308,#2309,#2310,
#2311,#2312,#2313,#2314,#2315,#2316,#2317,#2318,#2319));
#4168=EDGE_LOOP('',(#2320));
#4169=EDGE_LOOP('',(#2321,#2322,#2323,#2324,#2325,#2326,#2327,#2328,#2329,
#2330,#2331,#2332,#2333,#2334,#2335,#2336,#2337,#2338,#2339,#2340,#2341,
#2342,#2343,#2344));
#4170=EDGE_LOOP('',(#2345));
#4171=EDGE_LOOP('',(#2346,#2347,#2348,#2349,#2350,#2351,#2352,#2353,#2354,
#2355,#2356,#2357,#2358,#2359,#2360,#2361,#2362,#2363,#2364,#2365,#2366,
#2367,#2368,#2369));
#4172=EDGE_LOOP('',(#2370));
#4173=EDGE_LOOP('',(#2371,#2372,#2373,#2374,#2375,#2376));
#4174=EDGE_LOOP('',(#2377,#2378,#2379,#2380,#2381,#2382));
#4175=EDGE_LOOP('',(#2383,#2384,#2385,#2386));
#4176=EDGE_LOOP('',(#2387,#2388,#2389,#2390,#2391,#2392));
#4177=EDGE_LOOP('',(#2393,#2394,#2395,#2396,#2397,#2398));
#4178=EDGE_LOOP('',(#2399,#2400,#2401,#2402));
#4179=EDGE_LOOP('',(#2403,#2404,#2405,#2406,#2407,#2408));
#4180=EDGE_LOOP('',(#2409,#2410,#2411,#2412,#2413,#2414));
#4181=EDGE_LOOP('',(#2415,#2416,#2417,#2418));
#4182=EDGE_LOOP('',(#2419,#2420,#2421,#2422,#2423,#2424));
#4183=EDGE_LOOP('',(#2425,#2426,#2427,#2428,#2429,#2430));
#4184=EDGE_LOOP('',(#2431,#2432,#2433,#2434));
#4185=EDGE_LOOP('',(#2435,#2436,#2437,#2438,#2439,#2440));
#4186=EDGE_LOOP('',(#2441,#2442,#2443,#2444,#2445,#2446));
#4187=EDGE_LOOP('',(#2447,#2448,#2449,#2450));
#4188=EDGE_LOOP('',(#2451,#2452,#2453,#2454,#2455,#2456));
#4189=EDGE_LOOP('',(#2457,#2458,#2459,#2460,#2461,#2462));
#4190=EDGE_LOOP('',(#2463,#2464,#2465,#2466));
#4191=EDGE_LOOP('',(#2467));
#4192=EDGE_LOOP('',(#2468));
#4193=EDGE_LOOP('',(#2469));
#4194=EDGE_LOOP('',(#2470));
#4195=EDGE_LOOP('',(#2471));
#4196=EDGE_LOOP('',(#2472));
#4197=EDGE_LOOP('',(#2473));
#4198=EDGE_LOOP('',(#2474));
#4199=EDGE_LOOP('',(#2475));
#4200=EDGE_LOOP('',(#2476));
#4201=EDGE_LOOP('',(#2477));
#4202=EDGE_LOOP('',(#2478));
#4203=EDGE_LOOP('',(#2479));
#4204=EDGE_LOOP('',(#2480));
#4205=EDGE_LOOP('',(#2481));
#4206=EDGE_LOOP('',(#2482));
#4207=EDGE_LOOP('',(#2483,#2484,#2485,#2486));
#4208=EDGE_LOOP('',(#2487,#2488,#2489,#2490));
#4209=EDGE_LOOP('',(#2491,#2492,#2493,#2494));
#4210=EDGE_LOOP('',(#2495,#2496,#2497,#2498));
#4211=EDGE_LOOP('',(#2499,#2500,#2501,#2502));
#4212=EDGE_LOOP('',(#2503,#2504,#2505,#2506,#2507,#2508,#2509,#2510,#2511,
#2512,#2513,#2514));
#4213=EDGE_LOOP('',(#2515));
#4214=EDGE_LOOP('',(#2516));
#4215=EDGE_LOOP('',(#2517));
#4216=EDGE_LOOP('',(#2518));
#4217=EDGE_LOOP('',(#2519,#2520,#2521,#2522));
#4218=EDGE_LOOP('',(#2523,#2524,#2525,#2526));
#4219=EDGE_LOOP('',(#2527,#2528,#2529,#2530));
#4220=EDGE_LOOP('',(#2531,#2532,#2533,#2534));
#4221=EDGE_LOOP('',(#2535,#2536,#2537,#2538,#2539,#2540,#2541,#2542,#2543,
#2544,#2545,#2546));
#4222=EDGE_LOOP('',(#2547));
#4223=EDGE_LOOP('',(#2548));
#4224=EDGE_LOOP('',(#2549));
#4225=EDGE_LOOP('',(#2550));
#4226=EDGE_LOOP('',(#2551,#2552,#2553,#2554));
#4227=EDGE_LOOP('',(#2555,#2556,#2557,#2558));
#4228=EDGE_LOOP('',(#2559,#2560,#2561,#2562));
#4229=EDGE_LOOP('',(#2563));
#4230=EDGE_LOOP('',(#2564));
#4231=EDGE_LOOP('',(#2565));
#4232=EDGE_LOOP('',(#2566));
#4233=EDGE_LOOP('',(#2567));
#4234=EDGE_LOOP('',(#2568));
#4235=EDGE_LOOP('',(#2569));
#4236=EDGE_LOOP('',(#2570));
#4237=EDGE_LOOP('',(#2571,#2572,#2573,#2574));
#4238=EDGE_LOOP('',(#2575,#2576,#2577,#2578));
#4239=EDGE_LOOP('',(#2579,#2580,#2581,#2582));
#4240=EDGE_LOOP('',(#2583,#2584,#2585,#2586));
#4241=EDGE_LOOP('',(#2587));
#4242=EDGE_LOOP('',(#2588,#2589,#2590,#2591));
#4243=EDGE_LOOP('',(#2592));
#4244=EDGE_LOOP('',(#2593,#2594,#2595,#2596));
#4245=EDGE_LOOP('',(#2597));
#4246=EDGE_LOOP('',(#2598));
#4247=EDGE_LOOP('',(#2599));
#4248=EDGE_LOOP('',(#2600));
#4249=EDGE_LOOP('',(#2601));
#4250=EDGE_LOOP('',(#2602));
#4251=EDGE_LOOP('',(#2603));
#4252=EDGE_LOOP('',(#2604));
#4253=EDGE_LOOP('',(#2605));
#4254=EDGE_LOOP('',(#2606));
#4255=EDGE_LOOP('',(#2607));
#4256=EDGE_LOOP('',(#2608));
#4257=EDGE_LOOP('',(#2609));
#4258=EDGE_LOOP('',(#2610));
#4259=FACE_BOUND('',#3848,.T.);
#4260=FACE_BOUND('',#3849,.T.);
#4261=FACE_BOUND('',#3850,.T.);
#4262=FACE_BOUND('',#3851,.T.);
#4263=FACE_BOUND('',#3852,.T.);
#4264=FACE_BOUND('',#3853,.T.);
#4265=FACE_BOUND('',#3854,.T.);
#4266=FACE_BOUND('',#3855,.T.);
#4267=FACE_BOUND('',#3856,.T.);
#4268=FACE_BOUND('',#3857,.T.);
#4269=FACE_BOUND('',#3858,.T.);
#4270=FACE_BOUND('',#3859,.T.);
#4271=FACE_BOUND('',#3860,.T.);
#4272=FACE_BOUND('',#3861,.T.);
#4273=FACE_BOUND('',#3862,.T.);
#4274=FACE_BOUND('',#3863,.T.);
#4275=FACE_BOUND('',#3864,.T.);
#4276=FACE_BOUND('',#3865,.T.);
#4277=FACE_BOUND('',#3866,.T.);
#4278=FACE_BOUND('',#3867,.T.);
#4279=FACE_BOUND('',#3868,.T.);
#4280=FACE_BOUND('',#3869,.T.);
#4281=FACE_BOUND('',#3870,.T.);
#4282=FACE_BOUND('',#3871,.T.);
#4283=FACE_BOUND('',#3872,.T.);
#4284=FACE_BOUND('',#3873,.T.);
#4285=FACE_BOUND('',#3874,.T.);
#4286=FACE_BOUND('',#3875,.T.);
#4287=FACE_BOUND('',#3876,.T.);
#4288=FACE_BOUND('',#3877,.T.);
#4289=FACE_BOUND('',#3878,.T.);
#4290=FACE_BOUND('',#3879,.T.);
#4291=FACE_BOUND('',#3880,.T.);
#4292=FACE_BOUND('',#3881,.T.);
#4293=FACE_BOUND('',#3882,.T.);
#4294=FACE_BOUND('',#3883,.T.);
#4295=FACE_BOUND('',#3884,.T.);
#4296=FACE_BOUND('',#3885,.T.);
#4297=FACE_BOUND('',#3886,.T.);
#4298=FACE_BOUND('',#3887,.T.);
#4299=FACE_BOUND('',#3888,.T.);
#4300=FACE_BOUND('',#3889,.T.);
#4301=FACE_BOUND('',#3890,.T.);
#4302=FACE_BOUND('',#3891,.T.);
#4303=FACE_BOUND('',#3892,.T.);
#4304=FACE_BOUND('',#3893,.T.);
#4305=FACE_BOUND('',#3894,.T.);
#4306=FACE_BOUND('',#3895,.T.);
#4307=FACE_BOUND('',#3896,.T.);
#4308=FACE_BOUND('',#3897,.T.);
#4309=FACE_BOUND('',#3898,.T.);
#4310=FACE_BOUND('',#3899,.T.);
#4311=FACE_BOUND('',#3900,.T.);
#4312=FACE_BOUND('',#3901,.T.);
#4313=FACE_BOUND('',#3902,.T.);
#4314=FACE_BOUND('',#3903,.T.);
#4315=FACE_BOUND('',#3904,.T.);
#4316=FACE_BOUND('',#3905,.T.);
#4317=FACE_BOUND('',#3906,.T.);
#4318=FACE_BOUND('',#3907,.T.);
#4319=FACE_BOUND('',#3908,.T.);
#4320=FACE_BOUND('',#3909,.T.);
#4321=FACE_BOUND('',#3910,.T.);
#4322=FACE_BOUND('',#3911,.T.);
#4323=FACE_BOUND('',#3912,.T.);
#4324=FACE_BOUND('',#3913,.T.);
#4325=FACE_BOUND('',#3914,.T.);
#4326=FACE_BOUND('',#3915,.T.);
#4327=FACE_BOUND('',#3916,.T.);
#4328=FACE_BOUND('',#3917,.T.);
#4329=FACE_BOUND('',#3918,.T.);
#4330=FACE_BOUND('',#3919,.T.);
#4331=FACE_BOUND('',#3920,.T.);
#4332=FACE_BOUND('',#3921,.T.);
#4333=FACE_BOUND('',#3922,.T.);
#4334=FACE_BOUND('',#3923,.T.);
#4335=FACE_BOUND('',#3924,.T.);
#4336=FACE_BOUND('',#3925,.T.);
#4337=FACE_BOUND('',#3926,.T.);
#4338=FACE_BOUND('',#3927,.T.);
#4339=FACE_BOUND('',#3928,.T.);
#4340=FACE_BOUND('',#3929,.T.);
#4341=FACE_BOUND('',#3930,.T.);
#4342=FACE_BOUND('',#3931,.T.);
#4343=FACE_BOUND('',#3932,.T.);
#4344=FACE_BOUND('',#3933,.T.);
#4345=FACE_BOUND('',#3934,.T.);
#4346=FACE_BOUND('',#3935,.T.);
#4347=FACE_BOUND('',#3936,.T.);
#4348=FACE_BOUND('',#3937,.T.);
#4349=FACE_BOUND('',#3938,.T.);
#4350=FACE_BOUND('',#3939,.T.);
#4351=FACE_BOUND('',#3940,.T.);
#4352=FACE_BOUND('',#3941,.T.);
#4353=FACE_BOUND('',#3942,.T.);
#4354=FACE_BOUND('',#3943,.T.);
#4355=FACE_BOUND('',#3944,.T.);
#4356=FACE_BOUND('',#3945,.T.);
#4357=FACE_BOUND('',#3946,.T.);
#4358=FACE_BOUND('',#3947,.T.);
#4359=FACE_BOUND('',#3948,.T.);
#4360=FACE_BOUND('',#3949,.T.);
#4361=FACE_BOUND('',#3950,.T.);
#4362=FACE_BOUND('',#3951,.T.);
#4363=FACE_BOUND('',#3952,.T.);
#4364=FACE_BOUND('',#3953,.T.);
#4365=FACE_BOUND('',#3954,.T.);
#4366=FACE_BOUND('',#3955,.T.);
#4367=FACE_BOUND('',#3956,.T.);
#4368=FACE_BOUND('',#3957,.T.);
#4369=FACE_BOUND('',#3958,.T.);
#4370=FACE_BOUND('',#3959,.T.);
#4371=FACE_BOUND('',#3960,.T.);
#4372=FACE_BOUND('',#3961,.T.);
#4373=FACE_BOUND('',#3962,.T.);
#4374=FACE_BOUND('',#3963,.T.);
#4375=FACE_BOUND('',#3964,.T.);
#4376=FACE_BOUND('',#3965,.T.);
#4377=FACE_BOUND('',#3966,.T.);
#4378=FACE_BOUND('',#3967,.T.);
#4379=FACE_BOUND('',#3968,.T.);
#4380=FACE_BOUND('',#3969,.T.);
#4381=FACE_BOUND('',#3970,.T.);
#4382=FACE_BOUND('',#3971,.T.);
#4383=FACE_BOUND('',#3972,.T.);
#4384=FACE_BOUND('',#3973,.T.);
#4385=FACE_BOUND('',#3974,.T.);
#4386=FACE_BOUND('',#3975,.T.);
#4387=FACE_BOUND('',#3976,.T.);
#4388=FACE_BOUND('',#3977,.T.);
#4389=FACE_BOUND('',#3978,.T.);
#4390=FACE_BOUND('',#3979,.T.);
#4391=FACE_BOUND('',#3980,.T.);
#4392=FACE_BOUND('',#3981,.T.);
#4393=FACE_BOUND('',#3982,.T.);
#4394=FACE_BOUND('',#3983,.T.);
#4395=FACE_BOUND('',#3984,.T.);
#4396=FACE_BOUND('',#3985,.T.);
#4397=FACE_BOUND('',#3986,.T.);
#4398=FACE_BOUND('',#3987,.T.);
#4399=FACE_BOUND('',#3988,.T.);
#4400=FACE_BOUND('',#3989,.T.);
#4401=FACE_BOUND('',#3990,.T.);
#4402=FACE_BOUND('',#3991,.T.);
#4403=FACE_BOUND('',#3992,.T.);
#4404=FACE_BOUND('',#3993,.T.);
#4405=FACE_BOUND('',#3994,.T.);
#4406=FACE_BOUND('',#3995,.T.);
#4407=FACE_BOUND('',#3996,.T.);
#4408=FACE_BOUND('',#3997,.T.);
#4409=FACE_BOUND('',#3998,.T.);
#4410=FACE_BOUND('',#3999,.T.);
#4411=FACE_BOUND('',#4000,.T.);
#4412=FACE_BOUND('',#4001,.T.);
#4413=FACE_BOUND('',#4002,.T.);
#4414=FACE_BOUND('',#4003,.T.);
#4415=FACE_BOUND('',#4004,.T.);
#4416=FACE_BOUND('',#4005,.T.);
#4417=FACE_BOUND('',#4006,.T.);
#4418=FACE_BOUND('',#4007,.T.);
#4419=FACE_BOUND('',#4008,.T.);
#4420=FACE_BOUND('',#4009,.T.);
#4421=FACE_BOUND('',#4010,.T.);
#4422=FACE_BOUND('',#4011,.T.);
#4423=FACE_BOUND('',#4012,.T.);
#4424=FACE_BOUND('',#4013,.T.);
#4425=FACE_BOUND('',#4014,.T.);
#4426=FACE_BOUND('',#4015,.T.);
#4427=FACE_BOUND('',#4016,.T.);
#4428=FACE_BOUND('',#4017,.T.);
#4429=FACE_BOUND('',#4018,.T.);
#4430=FACE_BOUND('',#4019,.T.);
#4431=FACE_BOUND('',#4020,.T.);
#4432=FACE_BOUND('',#4021,.T.);
#4433=FACE_BOUND('',#4022,.T.);
#4434=FACE_BOUND('',#4023,.T.);
#4435=FACE_BOUND('',#4024,.T.);
#4436=FACE_BOUND('',#4025,.T.);
#4437=FACE_BOUND('',#4026,.T.);
#4438=FACE_BOUND('',#4027,.T.);
#4439=FACE_BOUND('',#4028,.T.);
#4440=FACE_BOUND('',#4029,.T.);
#4441=FACE_BOUND('',#4030,.T.);
#4442=FACE_BOUND('',#4031,.T.);
#4443=FACE_BOUND('',#4032,.T.);
#4444=FACE_BOUND('',#4033,.T.);
#4445=FACE_BOUND('',#4034,.T.);
#4446=FACE_BOUND('',#4035,.T.);
#4447=FACE_BOUND('',#4036,.T.);
#4448=FACE_BOUND('',#4037,.T.);
#4449=FACE_BOUND('',#4038,.T.);
#4450=FACE_BOUND('',#4039,.T.);
#4451=FACE_BOUND('',#4040,.T.);
#4452=FACE_BOUND('',#4041,.T.);
#4453=FACE_BOUND('',#4042,.T.);
#4454=FACE_BOUND('',#4043,.T.);
#4455=FACE_BOUND('',#4044,.T.);
#4456=FACE_BOUND('',#4045,.T.);
#4457=FACE_BOUND('',#4046,.T.);
#4458=FACE_BOUND('',#4047,.T.);
#4459=FACE_BOUND('',#4048,.T.);
#4460=FACE_BOUND('',#4049,.T.);
#4461=FACE_BOUND('',#4050,.T.);
#4462=FACE_BOUND('',#4051,.T.);
#4463=FACE_BOUND('',#4052,.T.);
#4464=FACE_BOUND('',#4053,.T.);
#4465=FACE_BOUND('',#4054,.T.);
#4466=FACE_BOUND('',#4055,.T.);
#4467=FACE_BOUND('',#4056,.T.);
#4468=FACE_BOUND('',#4057,.T.);
#4469=FACE_BOUND('',#4058,.T.);
#4470=FACE_BOUND('',#4059,.T.);
#4471=FACE_BOUND('',#4060,.T.);
#4472=FACE_BOUND('',#4061,.T.);
#4473=FACE_BOUND('',#4062,.T.);
#4474=FACE_BOUND('',#4063,.T.);
#4475=FACE_BOUND('',#4064,.T.);
#4476=FACE_BOUND('',#4065,.T.);
#4477=FACE_BOUND('',#4066,.T.);
#4478=FACE_BOUND('',#4067,.T.);
#4479=FACE_BOUND('',#4068,.T.);
#4480=FACE_BOUND('',#4069,.T.);
#4481=FACE_BOUND('',#4070,.T.);
#4482=FACE_BOUND('',#4071,.T.);
#4483=FACE_BOUND('',#4072,.T.);
#4484=FACE_BOUND('',#4073,.T.);
#4485=FACE_BOUND('',#4074,.T.);
#4486=FACE_BOUND('',#4075,.T.);
#4487=FACE_BOUND('',#4076,.T.);
#4488=FACE_BOUND('',#4077,.T.);
#4489=FACE_BOUND('',#4078,.T.);
#4490=FACE_BOUND('',#4079,.T.);
#4491=FACE_BOUND('',#4080,.T.);
#4492=FACE_BOUND('',#4081,.T.);
#4493=FACE_BOUND('',#4082,.T.);
#4494=FACE_BOUND('',#4083,.T.);
#4495=FACE_BOUND('',#4084,.T.);
#4496=FACE_BOUND('',#4085,.T.);
#4497=FACE_BOUND('',#4086,.T.);
#4498=FACE_BOUND('',#4087,.T.);
#4499=FACE_BOUND('',#4088,.T.);
#4500=FACE_BOUND('',#4089,.T.);
#4501=FACE_BOUND('',#4090,.T.);
#4502=FACE_BOUND('',#4091,.T.);
#4503=FACE_BOUND('',#4092,.T.);
#4504=FACE_BOUND('',#4093,.T.);
#4505=FACE_BOUND('',#4094,.T.);
#4506=FACE_BOUND('',#4095,.T.);
#4507=FACE_BOUND('',#4096,.T.);
#4508=FACE_BOUND('',#4097,.T.);
#4509=FACE_BOUND('',#4098,.T.);
#4510=FACE_BOUND('',#4099,.T.);
#4511=FACE_BOUND('',#4100,.T.);
#4512=FACE_BOUND('',#4101,.T.);
#4513=FACE_BOUND('',#4102,.T.);
#4514=FACE_BOUND('',#4103,.T.);
#4515=FACE_BOUND('',#4104,.T.);
#4516=FACE_BOUND('',#4105,.T.);
#4517=FACE_BOUND('',#4106,.T.);
#4518=FACE_BOUND('',#4107,.T.);
#4519=FACE_BOUND('',#4108,.T.);
#4520=FACE_BOUND('',#4109,.T.);
#4521=FACE_BOUND('',#4110,.T.);
#4522=FACE_BOUND('',#4111,.T.);
#4523=FACE_BOUND('',#4112,.T.);
#4524=FACE_BOUND('',#4113,.T.);
#4525=FACE_BOUND('',#4114,.T.);
#4526=FACE_BOUND('',#4115,.T.);
#4527=FACE_BOUND('',#4116,.T.);
#4528=FACE_BOUND('',#4117,.T.);
#4529=FACE_BOUND('',#4118,.T.);
#4530=FACE_BOUND('',#4119,.T.);
#4531=FACE_BOUND('',#4120,.T.);
#4532=FACE_BOUND('',#4121,.T.);
#4533=FACE_BOUND('',#4122,.T.);
#4534=FACE_BOUND('',#4123,.T.);
#4535=FACE_BOUND('',#4124,.T.);
#4536=FACE_BOUND('',#4125,.T.);
#4537=FACE_BOUND('',#4126,.T.);
#4538=FACE_BOUND('',#4127,.T.);
#4539=FACE_BOUND('',#4128,.T.);
#4540=FACE_BOUND('',#4129,.T.);
#4541=FACE_BOUND('',#4130,.T.);
#4542=FACE_BOUND('',#4131,.T.);
#4543=FACE_BOUND('',#4132,.T.);
#4544=FACE_BOUND('',#4133,.T.);
#4545=FACE_BOUND('',#4134,.T.);
#4546=FACE_BOUND('',#4135,.T.);
#4547=FACE_BOUND('',#4136,.T.);
#4548=FACE_BOUND('',#4137,.T.);
#4549=FACE_BOUND('',#4138,.T.);
#4550=FACE_BOUND('',#4139,.T.);
#4551=FACE_BOUND('',#4140,.T.);
#4552=FACE_BOUND('',#4141,.T.);
#4553=FACE_BOUND('',#4142,.T.);
#4554=FACE_BOUND('',#4143,.T.);
#4555=FACE_BOUND('',#4144,.T.);
#4556=FACE_BOUND('',#4145,.T.);
#4557=FACE_BOUND('',#4146,.T.);
#4558=FACE_BOUND('',#4147,.T.);
#4559=FACE_BOUND('',#4148,.T.);
#4560=FACE_BOUND('',#4149,.T.);
#4561=FACE_BOUND('',#4150,.T.);
#4562=FACE_BOUND('',#4151,.T.);
#4563=FACE_BOUND('',#4152,.T.);
#4564=FACE_BOUND('',#4153,.T.);
#4565=FACE_BOUND('',#4154,.T.);
#4566=FACE_BOUND('',#4155,.T.);
#4567=FACE_BOUND('',#4156,.T.);
#4568=FACE_BOUND('',#4157,.T.);
#4569=FACE_BOUND('',#4158,.T.);
#4570=FACE_BOUND('',#4159,.T.);
#4571=FACE_BOUND('',#4160,.T.);
#4572=FACE_BOUND('',#4161,.T.);
#4573=FACE_BOUND('',#4162,.T.);
#4574=FACE_BOUND('',#4163,.T.);
#4575=FACE_BOUND('',#4164,.T.);
#4576=FACE_BOUND('',#4165,.T.);
#4577=FACE_BOUND('',#4166,.T.);
#4578=FACE_BOUND('',#4167,.T.);
#4579=FACE_BOUND('',#4168,.T.);
#4580=FACE_BOUND('',#4169,.T.);
#4581=FACE_BOUND('',#4170,.T.);
#4582=FACE_BOUND('',#4171,.T.);
#4583=FACE_BOUND('',#4172,.T.);
#4584=FACE_BOUND('',#4173,.T.);
#4585=FACE_BOUND('',#4174,.T.);
#4586=FACE_BOUND('',#4175,.T.);
#4587=FACE_BOUND('',#4176,.T.);
#4588=FACE_BOUND('',#4177,.T.);
#4589=FACE_BOUND('',#4178,.T.);
#4590=FACE_BOUND('',#4179,.T.);
#4591=FACE_BOUND('',#4180,.T.);
#4592=FACE_BOUND('',#4181,.T.);
#4593=FACE_BOUND('',#4182,.T.);
#4594=FACE_BOUND('',#4183,.T.);
#4595=FACE_BOUND('',#4184,.T.);
#4596=FACE_BOUND('',#4185,.T.);
#4597=FACE_BOUND('',#4186,.T.);
#4598=FACE_BOUND('',#4187,.T.);
#4599=FACE_BOUND('',#4188,.T.);
#4600=FACE_BOUND('',#4189,.T.);
#4601=FACE_BOUND('',#4190,.T.);
#4602=FACE_BOUND('',#4191,.T.);
#4603=FACE_BOUND('',#4192,.T.);
#4604=FACE_BOUND('',#4193,.T.);
#4605=FACE_BOUND('',#4194,.T.);
#4606=FACE_BOUND('',#4195,.T.);
#4607=FACE_BOUND('',#4196,.T.);
#4608=FACE_BOUND('',#4197,.T.);
#4609=FACE_BOUND('',#4198,.T.);
#4610=FACE_BOUND('',#4199,.T.);
#4611=FACE_BOUND('',#4200,.T.);
#4612=FACE_BOUND('',#4201,.T.);
#4613=FACE_BOUND('',#4202,.T.);
#4614=FACE_BOUND('',#4203,.T.);
#4615=FACE_BOUND('',#4204,.T.);
#4616=FACE_BOUND('',#4205,.T.);
#4617=FACE_BOUND('',#4206,.T.);
#4618=FACE_BOUND('',#4207,.T.);
#4619=FACE_BOUND('',#4208,.T.);
#4620=FACE_BOUND('',#4209,.T.);
#4621=FACE_BOUND('',#4210,.T.);
#4622=FACE_BOUND('',#4211,.T.);
#4623=FACE_BOUND('',#4212,.T.);
#4624=FACE_BOUND('',#4213,.T.);
#4625=FACE_BOUND('',#4214,.T.);
#4626=FACE_BOUND('',#4215,.T.);
#4627=FACE_BOUND('',#4216,.T.);
#4628=FACE_BOUND('',#4217,.T.);
#4629=FACE_BOUND('',#4218,.T.);
#4630=FACE_BOUND('',#4219,.T.);
#4631=FACE_BOUND('',#4220,.T.);
#4632=FACE_BOUND('',#4221,.T.);
#4633=FACE_BOUND('',#4222,.T.);
#4634=FACE_BOUND('',#4223,.T.);
#4635=FACE_BOUND('',#4224,.T.);
#4636=FACE_BOUND('',#4225,.T.);
#4637=FACE_BOUND('',#4226,.T.);
#4638=FACE_BOUND('',#4227,.T.);
#4639=FACE_BOUND('',#4228,.T.);
#4640=FACE_BOUND('',#4229,.T.);
#4641=FACE_BOUND('',#4230,.T.);
#4642=FACE_BOUND('',#4231,.T.);
#4643=FACE_BOUND('',#4232,.T.);
#4644=FACE_BOUND('',#4233,.T.);
#4645=FACE_BOUND('',#4234,.T.);
#4646=FACE_BOUND('',#4235,.T.);
#4647=FACE_BOUND('',#4236,.T.);
#4648=FACE_BOUND('',#4237,.T.);
#4649=FACE_BOUND('',#4238,.T.);
#4650=FACE_BOUND('',#4239,.T.);
#4651=FACE_BOUND('',#4240,.T.);
#4652=FACE_BOUND('',#4241,.T.);
#4653=FACE_BOUND('',#4242,.T.);
#4654=FACE_BOUND('',#4243,.T.);
#4655=FACE_BOUND('',#4244,.T.);
#4656=FACE_BOUND('',#4245,.T.);
#4657=FACE_BOUND('',#4246,.T.);
#4658=FACE_BOUND('',#4247,.T.);
#4659=FACE_BOUND('',#4248,.T.);
#4660=FACE_BOUND('',#4249,.T.);
#4661=FACE_BOUND('',#4250,.T.);
#4662=FACE_BOUND('',#4251,.T.);
#4663=FACE_BOUND('',#4252,.T.);
#4664=FACE_BOUND('',#4253,.T.);
#4665=FACE_BOUND('',#4254,.T.);
#4666=FACE_BOUND('',#4255,.T.);
#4667=FACE_BOUND('',#4256,.T.);
#4668=FACE_BOUND('',#4257,.T.);
#4669=FACE_BOUND('',#4258,.T.);
#4670=CYLINDRICAL_SURFACE('',#5149,0.001625);
#4671=CYLINDRICAL_SURFACE('',#5154,0.000825);
#4672=CYLINDRICAL_SURFACE('',#5172,0.00075);
#4673=CYLINDRICAL_SURFACE('',#5174,0.00075);
#4674=CYLINDRICAL_SURFACE('',#5175,0.00128071874340123);
#4675=CYLINDRICAL_SURFACE('',#5179,0.00095);
#4676=CYLINDRICAL_SURFACE('',#5181,0.00115);
#4677=CYLINDRICAL_SURFACE('',#5208,0.0006);
#4678=CYLINDRICAL_SURFACE('',#5210,0.0006);
#4679=CYLINDRICAL_SURFACE('',#5216,0.0007);
#4680=CYLINDRICAL_SURFACE('',#5238,0.008);
#4681=CYLINDRICAL_SURFACE('',#5245,0.0069984247921692);
#4682=CYLINDRICAL_SURFACE('',#5248,0.00700511117599517);
#4683=CYLINDRICAL_SURFACE('',#5253,0.00700511117599573);
#4684=CYLINDRICAL_SURFACE('',#5295,0.00075);
#4685=CYLINDRICAL_SURFACE('',#5298,0.00205);
#4686=CYLINDRICAL_SURFACE('',#5302,0.00075);
#4687=CYLINDRICAL_SURFACE('',#5309,0.0007);
#4688=CYLINDRICAL_SURFACE('',#5311,0.0007);
#4689=CYLINDRICAL_SURFACE('',#5326,0.0007);
#4690=CYLINDRICAL_SURFACE('',#5327,0.0007);
#4691=CYLINDRICAL_SURFACE('',#5328,0.0007);
#4692=CYLINDRICAL_SURFACE('',#5329,0.0007);
#4693=CYLINDRICAL_SURFACE('',#5381,0.0003);
#4694=CYLINDRICAL_SURFACE('',#5382,0.0003);
#4695=CYLINDRICAL_SURFACE('',#5383,0.0003);
#4696=CYLINDRICAL_SURFACE('',#5384,0.00346896088612476);
#4697=CYLINDRICAL_SURFACE('',#5386,0.001625);
#4698=CYLINDRICAL_SURFACE('',#5391,0.000825);
#4699=CYLINDRICAL_SURFACE('',#5409,0.00075);
#4700=CYLINDRICAL_SURFACE('',#5411,0.00075);
#4701=CYLINDRICAL_SURFACE('',#5412,0.00128071874340123);
#4702=CYLINDRICAL_SURFACE('',#5416,0.00095);
#4703=CYLINDRICAL_SURFACE('',#5418,0.00115);
#4704=CYLINDRICAL_SURFACE('',#5444,0.0003);
#4705=CYLINDRICAL_SURFACE('',#5445,0.0003);
#4706=CYLINDRICAL_SURFACE('',#5446,0.0003);
#4707=CYLINDRICAL_SURFACE('',#5447,0.001);
#4708=CYLINDRICAL_SURFACE('',#5448,0.001);
#4709=CYLINDRICAL_SURFACE('',#5450,0.0012);
#4710=CYLINDRICAL_SURFACE('',#5453,0.007);
#4711=CYLINDRICAL_SURFACE('',#5458,0.006);
#4712=CYLINDRICAL_SURFACE('',#5461,0.006);
#4713=CYLINDRICAL_SURFACE('',#5464,0.006);
#4714=CYLINDRICAL_SURFACE('',#5467,0.006);
#4715=CYLINDRICAL_SURFACE('',#5470,0.006);
#4716=CYLINDRICAL_SURFACE('',#5473,0.006);
#4717=CYLINDRICAL_SURFACE('',#5488,0.0003);
#4718=CYLINDRICAL_SURFACE('',#5489,0.0003);
#4719=CYLINDRICAL_SURFACE('',#5490,0.00065);
#4720=CYLINDRICAL_SURFACE('',#5491,0.00175);
#4721=CYLINDRICAL_SURFACE('',#5516,0.00075);
#4722=CYLINDRICAL_SURFACE('',#5517,0.00075);
#4723=CYLINDRICAL_SURFACE('',#5518,0.00075);
#4724=CYLINDRICAL_SURFACE('',#5519,0.00075);
#4725=CYLINDRICAL_SURFACE('',#5521,0.006);
#4726=CYLINDRICAL_SURFACE('',#5525,0.006);
#4727=CYLINDRICAL_SURFACE('',#5533,0.002);
#4728=CYLINDRICAL_SURFACE('',#5537,0.0004);
#4729=CYLINDRICAL_SURFACE('',#5540,0.0025);
#4730=CYLINDRICAL_SURFACE('',#5544,0.0004);
#4731=ADVANCED_FACE('',(#4259,#4260,#4261),#4670,.T.);
#4732=ADVANCED_FACE('',(#4262,#4263),#4671,.F.);
#4733=ADVANCED_FACE('',(#4264,#4265),#115,.T.);
#4734=ADVANCED_FACE('',(#4266,#4267),#116,.F.);
#4735=ADVANCED_FACE('',(#4268,#4269),#117,.F.);
#4736=ADVANCED_FACE('',(#4270),#118,.F.);
#4737=ADVANCED_FACE('',(#4271,#4272),#119,.T.);
#4738=ADVANCED_FACE('',(#4273),#120,.T.);
#4739=ADVANCED_FACE('',(#4274),#121,.F.);
#4740=ADVANCED_FACE('',(#4275),#122,.F.);
#4741=ADVANCED_FACE('',(#4276),#4672,.F.);
#4742=ADVANCED_FACE('',(#4277),#123,.T.);
#4743=ADVANCED_FACE('',(#4278),#4673,.F.);
#4744=ADVANCED_FACE('',(#4279,#4280),#4674,.T.);
#4745=ADVANCED_FACE('',(#4281,#4282),#124,.T.);
#4746=ADVANCED_FACE('',(#4283,#4284),#4675,.T.);
#4747=ADVANCED_FACE('',(#4285,#4286),#4676,.T.);
#4748=ADVANCED_FACE('',(#4287),#125,.T.);
#4749=ADVANCED_FACE('',(#4288,#4289),#126,.F.);
#4750=ADVANCED_FACE('',(#4290,#4291),#103,.T.);
#4751=ADVANCED_FACE('',(#4292,#4293),#104,.F.);
#4752=ADVANCED_FACE('',(#4294,#4295),#105,.F.);
#4753=ADVANCED_FACE('',(#4296),#92,.T.);
#4754=ADVANCED_FACE('',(#4297),#93,.T.);
#4755=ADVANCED_FACE('',(#4298),#127,.F.);
#4756=ADVANCED_FACE('',(#4299),#128,.T.);
#4757=ADVANCED_FACE('',(#4300),#129,.T.);
#4758=ADVANCED_FACE('',(#4301),#130,.T.);
#4759=ADVANCED_FACE('',(#4302),#131,.T.);
#4760=ADVANCED_FACE('',(#4303),#132,.T.);
#4761=ADVANCED_FACE('',(#4304),#133,.T.);
#4762=ADVANCED_FACE('',(#4305,#4306,#4307,#4308),#134,.F.);
#4763=ADVANCED_FACE('',(#4309),#135,.T.);
#4764=ADVANCED_FACE('',(#4310),#136,.F.);
#4765=ADVANCED_FACE('',(#4311),#137,.F.);
#4766=ADVANCED_FACE('',(#4312),#138,.T.);
#4767=ADVANCED_FACE('',(#4313),#139,.T.);
#4768=ADVANCED_FACE('',(#4314,#4315),#4677,.T.);
#4769=ADVANCED_FACE('',(#4316,#4317),#4678,.T.);
#4770=ADVANCED_FACE('',(#4318),#140,.T.);
#4771=ADVANCED_FACE('',(#4319),#141,.F.);
#4772=ADVANCED_FACE('',(#4320),#142,.F.);
#4773=ADVANCED_FACE('',(#4321),#143,.T.);
#4774=ADVANCED_FACE('',(#4322,#4323),#4679,.F.);
#4775=ADVANCED_FACE('',(#4324),#144,.T.);
#4776=ADVANCED_FACE('',(#4325,#4326),#145,.F.);
#4777=ADVANCED_FACE('',(#4327),#146,.T.);
#4778=ADVANCED_FACE('',(#4328,#4329),#147,.F.);
#4779=ADVANCED_FACE('',(#4330,#4331),#106,.T.);
#4780=ADVANCED_FACE('',(#4332,#4333),#107,.T.);
#4781=ADVANCED_FACE('',(#4334,#4335),#148,.T.);
#4782=ADVANCED_FACE('',(#4336),#149,.F.);
#4783=ADVANCED_FACE('',(#4337),#150,.T.);
#4784=ADVANCED_FACE('',(#4338),#151,.T.);
#4785=ADVANCED_FACE('',(#4339),#152,.T.);
#4786=ADVANCED_FACE('',(#4340),#153,.T.);
#4787=ADVANCED_FACE('',(#4341),#154,.T.);
#4788=ADVANCED_FACE('',(#4342),#155,.T.);
#4789=ADVANCED_FACE('',(#4343),#156,.T.);
#4790=ADVANCED_FACE('',(#4344,#4345),#4680,.T.);
#4791=ADVANCED_FACE('',(#4346,#4347),#157,.T.);
#4792=ADVANCED_FACE('',(#4348,#4349),#158,.F.);
#4793=ADVANCED_FACE('',(#4350,#4351),#94,.F.);
#4794=ADVANCED_FACE('',(#4352,#4353),#95,.F.);
#4795=ADVANCED_FACE('',(#4354),#159,.F.);
#4796=ADVANCED_FACE('',(#4355),#160,.F.);
#4797=ADVANCED_FACE('',(#4356),#96,.F.);
#4798=ADVANCED_FACE('',(#4357),#161,.F.);
#4799=ADVANCED_FACE('',(#4358),#162,.F.);
#4800=ADVANCED_FACE('',(#4359),#4681,.F.);
#4801=ADVANCED_FACE('',(#4360),#163,.F.);
#4802=ADVANCED_FACE('',(#4361),#164,.F.);
#4803=ADVANCED_FACE('',(#4362),#4682,.F.);
#4804=ADVANCED_FACE('',(#4363),#165,.F.);
#4805=ADVANCED_FACE('',(#4364),#166,.F.);
#4806=ADVANCED_FACE('',(#4365),#97,.F.);
#4807=ADVANCED_FACE('',(#4366),#167,.F.);
#4808=ADVANCED_FACE('',(#4367),#168,.F.);
#4809=ADVANCED_FACE('',(#4368),#4683,.F.);
#4810=ADVANCED_FACE('',(#4369),#169,.F.);
#4811=ADVANCED_FACE('',(#4370),#170,.F.);
#4812=ADVANCED_FACE('',(#4371),#98,.F.);
#4813=ADVANCED_FACE('',(#4372,#4373),#171,.T.);
#4814=ADVANCED_FACE('',(#4374),#172,.F.);
#4815=ADVANCED_FACE('',(#4375,#4376),#173,.F.);
#4816=ADVANCED_FACE('',(#4377),#174,.T.);
#4817=ADVANCED_FACE('',(#4378),#175,.T.);
#4818=ADVANCED_FACE('',(#4379,#4380),#176,.T.);
#4819=ADVANCED_FACE('',(#4381,#4382),#177,.T.);
#4820=ADVANCED_FACE('',(#4383),#178,.T.);
#4821=ADVANCED_FACE('',(#4384),#179,.F.);
#4822=ADVANCED_FACE('',(#4385),#180,.F.);
#4823=ADVANCED_FACE('',(#4386,#4387,#4388,#4389,#4390,#4391),#181,.T.);
#4824=ADVANCED_FACE('',(#4392),#182,.T.);
#4825=ADVANCED_FACE('',(#4393,#4394,#4395,#4396,#4397),#183,.F.);
#4826=ADVANCED_FACE('',(#4398),#184,.T.);
#4827=ADVANCED_FACE('',(#4399),#185,.F.);
#4828=ADVANCED_FACE('',(#4400),#186,.T.);
#4829=ADVANCED_FACE('',(#4401),#187,.T.);
#4830=ADVANCED_FACE('',(#4402),#188,.F.);
#4831=ADVANCED_FACE('',(#4403),#189,.F.);
#4832=ADVANCED_FACE('',(#4404),#190,.T.);
#4833=ADVANCED_FACE('',(#4405),#191,.F.);
#4834=ADVANCED_FACE('',(#4406),#192,.F.);
#4835=ADVANCED_FACE('',(#4407),#193,.T.);
#4836=ADVANCED_FACE('',(#4408),#194,.T.);
#4837=ADVANCED_FACE('',(#4409),#195,.F.);
#4838=ADVANCED_FACE('',(#4410),#196,.T.);
#4839=ADVANCED_FACE('',(#4411),#197,.F.);
#4840=ADVANCED_FACE('',(#4412,#4413),#198,.T.);
#4841=ADVANCED_FACE('',(#4414),#199,.T.);
#4842=ADVANCED_FACE('',(#4415,#4416),#4684,.F.);
#4843=ADVANCED_FACE('',(#4417,#4418),#4685,.F.);
#4844=ADVANCED_FACE('',(#4419),#200,.F.);
#4845=ADVANCED_FACE('',(#4420,#4421),#4686,.F.);
#4846=ADVANCED_FACE('',(#4422,#4423,#4424,#4425),#201,.F.);
#4847=ADVANCED_FACE('',(#4426,#4427,#4428,#4429),#202,.T.);
#4848=ADVANCED_FACE('',(#4430,#4431),#4687,.F.);
#4849=ADVANCED_FACE('',(#4432,#4433),#4688,.F.);
#4850=ADVANCED_FACE('',(#4434,#4435),#108,.F.);
#4851=ADVANCED_FACE('',(#4436,#4437),#109,.F.);
#4852=ADVANCED_FACE('',(#4438),#203,.T.);
#4853=ADVANCED_FACE('',(#4439,#4440),#204,.F.);
#4854=ADVANCED_FACE('',(#4441),#205,.F.);
#4855=ADVANCED_FACE('',(#4442),#206,.F.);
#4856=ADVANCED_FACE('',(#4443,#4444),#207,.T.);
#4857=ADVANCED_FACE('',(#4445,#4446),#208,.F.);
#4858=ADVANCED_FACE('',(#4447,#4448),#209,.F.);
#4859=ADVANCED_FACE('',(#4449,#4450),#4689,.F.);
#4860=ADVANCED_FACE('',(#4451,#4452),#4690,.F.);
#4861=ADVANCED_FACE('',(#4453,#4454),#4691,.F.);
#4862=ADVANCED_FACE('',(#4455,#4456),#4692,.F.);
#4863=ADVANCED_FACE('',(#4457,#4458),#110,.F.);
#4864=ADVANCED_FACE('',(#4459,#4460),#111,.F.);
#4865=ADVANCED_FACE('',(#4461),#210,.F.);
#4866=ADVANCED_FACE('',(#4462),#211,.T.);
#4867=ADVANCED_FACE('',(#4463),#212,.F.);
#4868=ADVANCED_FACE('',(#4464),#213,.F.);
#4869=ADVANCED_FACE('',(#4465),#214,.F.);
#4870=ADVANCED_FACE('',(#4466),#215,.T.);
#4871=ADVANCED_FACE('',(#4467),#216,.F.);
#4872=ADVANCED_FACE('',(#4468),#217,.T.);
#4873=ADVANCED_FACE('',(#4469),#218,.T.);
#4874=ADVANCED_FACE('',(#4470),#219,.T.);
#4875=ADVANCED_FACE('',(#4471),#220,.F.);
#4876=ADVANCED_FACE('',(#4472),#221,.F.);
#4877=ADVANCED_FACE('',(#4473),#222,.T.);
#4878=ADVANCED_FACE('',(#4474),#223,.F.);
#4879=ADVANCED_FACE('',(#4475),#224,.F.);
#4880=ADVANCED_FACE('',(#4476),#225,.T.);
#4881=ADVANCED_FACE('',(#4477),#226,.T.);
#4882=ADVANCED_FACE('',(#4478,#4479),#227,.T.);
#4883=ADVANCED_FACE('',(#4480),#228,.F.);
#4884=ADVANCED_FACE('',(#4481),#229,.T.);
#4885=ADVANCED_FACE('',(#4482),#230,.F.);
#4886=ADVANCED_FACE('',(#4483),#231,.T.);
#4887=ADVANCED_FACE('',(#4484),#232,.T.);
#4888=ADVANCED_FACE('',(#4485),#233,.F.);
#4889=ADVANCED_FACE('',(#4486),#234,.F.);
#4890=ADVANCED_FACE('',(#4487,#4488),#235,.F.);
#4891=ADVANCED_FACE('',(#4489,#4490),#236,.T.);
#4892=ADVANCED_FACE('',(#4491),#237,.F.);
#4893=ADVANCED_FACE('',(#4492,#4493),#238,.T.);
#4894=ADVANCED_FACE('',(#4494),#239,.T.);
#4895=ADVANCED_FACE('',(#4495,#4496),#240,.T.);
#4896=ADVANCED_FACE('',(#4497),#241,.T.);
#4897=ADVANCED_FACE('',(#4498),#242,.T.);
#4898=ADVANCED_FACE('',(#4499),#243,.F.);
#4899=ADVANCED_FACE('',(#4500),#244,.F.);
#4900=ADVANCED_FACE('',(#4501),#245,.F.);
#4901=ADVANCED_FACE('',(#4502),#246,.F.);
#4902=ADVANCED_FACE('',(#4503),#247,.F.);
#4903=ADVANCED_FACE('',(#4504),#248,.F.);
#4904=ADVANCED_FACE('',(#4505),#249,.T.);
#4905=ADVANCED_FACE('',(#4506,#4507),#4693,.T.);
#4906=ADVANCED_FACE('',(#4508,#4509),#4694,.T.);
#4907=ADVANCED_FACE('',(#4510),#4695,.T.);
#4908=ADVANCED_FACE('',(#4511,#4512),#4696,.T.);
#4909=ADVANCED_FACE('',(#4513,#4514,#4515),#4697,.T.);
#4910=ADVANCED_FACE('',(#4516,#4517),#4698,.F.);
#4911=ADVANCED_FACE('',(#4518,#4519),#250,.T.);
#4912=ADVANCED_FACE('',(#4520,#4521),#251,.F.);
#4913=ADVANCED_FACE('',(#4522,#4523),#252,.F.);
#4914=ADVANCED_FACE('',(#4524),#253,.F.);
#4915=ADVANCED_FACE('',(#4525,#4526),#254,.T.);
#4916=ADVANCED_FACE('',(#4527),#255,.T.);
#4917=ADVANCED_FACE('',(#4528),#256,.F.);
#4918=ADVANCED_FACE('',(#4529),#257,.F.);
#4919=ADVANCED_FACE('',(#4530),#4699,.F.);
#4920=ADVANCED_FACE('',(#4531),#258,.T.);
#4921=ADVANCED_FACE('',(#4532),#4700,.F.);
#4922=ADVANCED_FACE('',(#4533,#4534),#4701,.T.);
#4923=ADVANCED_FACE('',(#4535,#4536),#259,.T.);
#4924=ADVANCED_FACE('',(#4537,#4538),#4702,.T.);
#4925=ADVANCED_FACE('',(#4539,#4540),#4703,.T.);
#4926=ADVANCED_FACE('',(#4541),#260,.T.);
#4927=ADVANCED_FACE('',(#4542,#4543),#261,.F.);
#4928=ADVANCED_FACE('',(#4544,#4545),#112,.T.);
#4929=ADVANCED_FACE('',(#4546,#4547),#113,.F.);
#4930=ADVANCED_FACE('',(#4548,#4549),#114,.F.);
#4931=ADVANCED_FACE('',(#4550),#99,.T.);
#4932=ADVANCED_FACE('',(#4551),#100,.T.);
#4933=ADVANCED_FACE('',(#4552),#262,.F.);
#4934=ADVANCED_FACE('',(#4553,#4554,#4555,#4556),#263,.T.);
#4935=ADVANCED_FACE('',(#4557),#264,.T.);
#4936=ADVANCED_FACE('',(#4558),#265,.T.);
#4937=ADVANCED_FACE('',(#4559),#266,.T.);
#4938=ADVANCED_FACE('',(#4560,#4561,#4562,#4563),#267,.T.);
#4939=ADVANCED_FACE('',(#4564,#4565),#4704,.F.);
#4940=ADVANCED_FACE('',(#4566,#4567),#4705,.F.);
#4941=ADVANCED_FACE('',(#4568,#4569),#4706,.F.);
#4942=ADVANCED_FACE('',(#4570),#4707,.T.);
#4943=ADVANCED_FACE('',(#4571),#4708,.T.);
#4944=ADVANCED_FACE('',(#4572,#4573),#4709,.F.);
#4945=ADVANCED_FACE('',(#4574,#4575),#4710,.T.);
#4946=ADVANCED_FACE('',(#4576,#4577),#268,.T.);
#4947=ADVANCED_FACE('',(#4578,#4579),#269,.F.);
#4948=ADVANCED_FACE('',(#4580,#4581),#101,.F.);
#4949=ADVANCED_FACE('',(#4582,#4583),#102,.F.);
#4950=ADVANCED_FACE('',(#4584),#270,.F.);
#4951=ADVANCED_FACE('',(#4585),#271,.F.);
#4952=ADVANCED_FACE('',(#4586),#4711,.F.);
#4953=ADVANCED_FACE('',(#4587),#272,.F.);
#4954=ADVANCED_FACE('',(#4588),#273,.F.);
#4955=ADVANCED_FACE('',(#4589),#4712,.F.);
#4956=ADVANCED_FACE('',(#4590),#274,.F.);
#4957=ADVANCED_FACE('',(#4591),#275,.F.);
#4958=ADVANCED_FACE('',(#4592),#4713,.F.);
#4959=ADVANCED_FACE('',(#4593),#276,.F.);
#4960=ADVANCED_FACE('',(#4594),#277,.F.);
#4961=ADVANCED_FACE('',(#4595),#4714,.F.);
#4962=ADVANCED_FACE('',(#4596),#278,.F.);
#4963=ADVANCED_FACE('',(#4597),#279,.F.);
#4964=ADVANCED_FACE('',(#4598),#4715,.F.);
#4965=ADVANCED_FACE('',(#4599),#280,.F.);
#4966=ADVANCED_FACE('',(#4600),#281,.F.);
#4967=ADVANCED_FACE('',(#4601),#4716,.F.);
#4968=ADVANCED_FACE('',(#4602),#282,.F.);
#4969=ADVANCED_FACE('',(#4603,#4604),#283,.T.);
#4970=ADVANCED_FACE('',(#4605,#4606),#284,.F.);
#4971=ADVANCED_FACE('',(#4607,#4608),#285,.T.);
#4972=ADVANCED_FACE('',(#4609),#286,.T.);
#4973=ADVANCED_FACE('',(#4610,#4611),#4717,.T.);
#4974=ADVANCED_FACE('',(#4612,#4613),#4718,.T.);
#4975=ADVANCED_FACE('',(#4614,#4615),#4719,.T.);
#4976=ADVANCED_FACE('',(#4616,#4617),#4720,.T.);
#4977=ADVANCED_FACE('',(#4618),#287,.T.);
#4978=ADVANCED_FACE('',(#4619),#288,.T.);
#4979=ADVANCED_FACE('',(#4620),#289,.T.);
#4980=ADVANCED_FACE('',(#4621),#290,.T.);
#4981=ADVANCED_FACE('',(#4622),#291,.T.);
#4982=ADVANCED_FACE('',(#4623,#4624,#4625,#4626,#4627),#292,.F.);
#4983=ADVANCED_FACE('',(#4628),#293,.T.);
#4984=ADVANCED_FACE('',(#4629),#294,.T.);
#4985=ADVANCED_FACE('',(#4630),#295,.F.);
#4986=ADVANCED_FACE('',(#4631),#296,.T.);
#4987=ADVANCED_FACE('',(#4632,#4633,#4634,#4635,#4636),#297,.T.);
#4988=ADVANCED_FACE('',(#4637),#298,.T.);
#4989=ADVANCED_FACE('',(#4638),#299,.T.);
#4990=ADVANCED_FACE('',(#4639),#300,.T.);
#4991=ADVANCED_FACE('',(#4640,#4641),#4721,.F.);
#4992=ADVANCED_FACE('',(#4642,#4643),#4722,.F.);
#4993=ADVANCED_FACE('',(#4644,#4645),#4723,.F.);
#4994=ADVANCED_FACE('',(#4646,#4647),#4724,.F.);
#4995=ADVANCED_FACE('',(#4648),#4725,.T.);
#4996=ADVANCED_FACE('',(#4649),#301,.F.);
#4997=ADVANCED_FACE('',(#4650),#4726,.T.);
#4998=ADVANCED_FACE('',(#4651),#302,.T.);
#4999=ADVANCED_FACE('',(#4652,#4653),#303,.T.);
#5000=ADVANCED_FACE('',(#4654,#4655),#304,.F.);
#5001=ADVANCED_FACE('',(#4656,#4657),#4727,.T.);
#5002=ADVANCED_FACE('',(#4658,#4659),#305,.T.);
#5003=ADVANCED_FACE('',(#4660,#4661),#4728,.T.);
#5004=ADVANCED_FACE('',(#4662),#306,.T.);
#5005=ADVANCED_FACE('',(#4663,#4664),#4729,.T.);
#5006=ADVANCED_FACE('',(#4665,#4666),#307,.T.);
#5007=ADVANCED_FACE('',(#4667,#4668),#4730,.T.);
#5008=ADVANCED_FACE('',(#4669),#308,.T.);
#5009=CLOSED_SHELL('',(#4731,#4732,#4733,#4734,#4735,#4736,#4737,#4738,
#4739,#4740,#4741,#4742,#4743,#4744,#4745,#4746,#4747,#4748,#4749,#4750,
#4751,#4752,#4753,#4754));
#5010=CLOSED_SHELL('',(#4755,#4756,#4757,#4758,#4759,#4760));
#5011=CLOSED_SHELL('',(#4761,#4762,#4763,#4764,#4765,#4766,#4767,#4768,
#4769,#4770,#4771,#4772,#4773,#4774,#4775,#4776,#4777,#4778,#4779,#4780,
#4781,#4782,#4783));
#5012=CLOSED_SHELL('',(#4784,#4785,#4786,#4787,#4788,#4789,#4790,#4791,
#4792,#4793,#4794,#4795,#4796,#4797,#4798,#4799,#4800,#4801,#4802,#4803,
#4804,#4805,#4806,#4807,#4808,#4809,#4810,#4811,#4812));
#5013=CLOSED_SHELL('',(#4813,#4814,#4815,#4816,#4817,#4818,#4819,#4820,
#4821,#4822,#4823,#4824,#4825,#4826,#4827,#4828,#4829,#4830,#4831,#4832,
#4833,#4834,#4835,#4836,#4837,#4838,#4839,#4840,#4841,#4842,#4843,#4844,
#4845,#4846,#4847,#4848,#4849,#4850,#4851,#4852,#4853,#4854,#4855,#4856,
#4857,#4858,#4859,#4860,#4861,#4862,#4863,#4864,#4865,#4866,#4867,#4868,
#4869,#4870,#4871,#4872,#4873,#4874,#4875,#4876,#4877,#4878,#4879,#4880,
#4881,#4882,#4883,#4884,#4885,#4886,#4887,#4888,#4889));
#5014=CLOSED_SHELL('',(#4890,#4891,#4892,#4893,#4894,#4895,#4896,#4897,
#4898,#4899,#4900,#4901,#4902,#4903,#4904,#4905,#4906,#4907,#4908));
#5015=CLOSED_SHELL('',(#4909,#4910,#4911,#4912,#4913,#4914,#4915,#4916,
#4917,#4918,#4919,#4920,#4921,#4922,#4923,#4924,#4925,#4926,#4927,#4928,
#4929,#4930,#4931,#4932));
#5016=CLOSED_SHELL('',(#4933,#4934,#4935,#4936,#4937,#4938,#4939,#4940,
#4941,#4942,#4943));
#5017=CLOSED_SHELL('',(#4944,#4945,#4946,#4947,#4948,#4949,#4950,#4951,
#4952,#4953,#4954,#4955,#4956,#4957,#4958,#4959,#4960,#4961,#4962,#4963,
#4964,#4965,#4966,#4967));
#5018=CLOSED_SHELL('',(#4968,#4969,#4970,#4971,#4972,#4973,#4974,#4975,
#4976));
#5019=CLOSED_SHELL('',(#4977,#4978,#4979,#4980,#4981,#4982,#4983,#4984,
#4985,#4986,#4987,#4988,#4989,#4990,#4991,#4992,#4993,#4994));
#5020=CLOSED_SHELL('',(#4995,#4996,#4997,#4998,#4999,#5000,#5001,#5002,
#5003,#5004,#5005,#5006,#5007,#5008));
#5021=STYLED_ITEM('',(#5033),#5110);
#5022=STYLED_ITEM('',(#5034),#5111);
#5023=STYLED_ITEM('',(#5035),#5112);
#5024=STYLED_ITEM('',(#5036),#5113);
#5025=STYLED_ITEM('',(#5037),#5114);
#5026=STYLED_ITEM('',(#5038),#5115);
#5027=STYLED_ITEM('',(#5039),#5116);
#5028=STYLED_ITEM('',(#5040),#5117);
#5029=STYLED_ITEM('',(#5041),#5118);
#5030=STYLED_ITEM('',(#5042),#5119);
#5031=STYLED_ITEM('',(#5043),#5120);
#5032=STYLED_ITEM('',(#5044),#5121);
#5033=PRESENTATION_STYLE_ASSIGNMENT((#5045));
#5034=PRESENTATION_STYLE_ASSIGNMENT((#5046));
#5035=PRESENTATION_STYLE_ASSIGNMENT((#5047));
#5036=PRESENTATION_STYLE_ASSIGNMENT((#5048));
#5037=PRESENTATION_STYLE_ASSIGNMENT((#5049));
#5038=PRESENTATION_STYLE_ASSIGNMENT((#5050));
#5039=PRESENTATION_STYLE_ASSIGNMENT((#5051));
#5040=PRESENTATION_STYLE_ASSIGNMENT((#5052));
#5041=PRESENTATION_STYLE_ASSIGNMENT((#5053));
#5042=PRESENTATION_STYLE_ASSIGNMENT((#5054));
#5043=PRESENTATION_STYLE_ASSIGNMENT((#5055));
#5044=PRESENTATION_STYLE_ASSIGNMENT((#5056));
#5045=SURFACE_STYLE_USAGE(.BOTH.,#5057);
#5046=SURFACE_STYLE_USAGE(.BOTH.,#5058);
#5047=SURFACE_STYLE_USAGE(.BOTH.,#5059);
#5048=SURFACE_STYLE_USAGE(.BOTH.,#5060);
#5049=SURFACE_STYLE_USAGE(.BOTH.,#5061);
#5050=SURFACE_STYLE_USAGE(.BOTH.,#5062);
#5051=SURFACE_STYLE_USAGE(.BOTH.,#5063);
#5052=SURFACE_STYLE_USAGE(.BOTH.,#5064);
#5053=SURFACE_STYLE_USAGE(.BOTH.,#5065);
#5054=SURFACE_STYLE_USAGE(.BOTH.,#5066);
#5055=SURFACE_STYLE_USAGE(.BOTH.,#5067);
#5056=SURFACE_STYLE_USAGE(.BOTH.,#5068);
#5057=SURFACE_SIDE_STYLE('',(#5069));
#5058=SURFACE_SIDE_STYLE('',(#5070));
#5059=SURFACE_SIDE_STYLE('',(#5071));
#5060=SURFACE_SIDE_STYLE('',(#5072));
#5061=SURFACE_SIDE_STYLE('',(#5073));
#5062=SURFACE_SIDE_STYLE('',(#5074));
#5063=SURFACE_SIDE_STYLE('',(#5075));
#5064=SURFACE_SIDE_STYLE('',(#5076));
#5065=SURFACE_SIDE_STYLE('',(#5077));
#5066=SURFACE_SIDE_STYLE('',(#5078));
#5067=SURFACE_SIDE_STYLE('',(#5079));
#5068=SURFACE_SIDE_STYLE('',(#5080));
#5069=SURFACE_STYLE_FILL_AREA(#5081);
#5070=SURFACE_STYLE_FILL_AREA(#5082);
#5071=SURFACE_STYLE_FILL_AREA(#5083);
#5072=SURFACE_STYLE_FILL_AREA(#5084);
#5073=SURFACE_STYLE_FILL_AREA(#5085);
#5074=SURFACE_STYLE_FILL_AREA(#5086);
#5075=SURFACE_STYLE_FILL_AREA(#5087);
#5076=SURFACE_STYLE_FILL_AREA(#5088);
#5077=SURFACE_STYLE_FILL_AREA(#5089);
#5078=SURFACE_STYLE_FILL_AREA(#5090);
#5079=SURFACE_STYLE_FILL_AREA(#5091);
#5080=SURFACE_STYLE_FILL_AREA(#5092);
#5081=FILL_AREA_STYLE('',(#5093));
#5082=FILL_AREA_STYLE('',(#5094));
#5083=FILL_AREA_STYLE('',(#5095));
#5084=FILL_AREA_STYLE('',(#5096));
#5085=FILL_AREA_STYLE('',(#5097));
#5086=FILL_AREA_STYLE('',(#5098));
#5087=FILL_AREA_STYLE('',(#5099));
#5088=FILL_AREA_STYLE('',(#5100));
#5089=FILL_AREA_STYLE('',(#5101));
#5090=FILL_AREA_STYLE('',(#5102));
#5091=FILL_AREA_STYLE('',(#5103));
#5092=FILL_AREA_STYLE('',(#5104));
#5093=FILL_AREA_STYLE_COLOUR('',#5105);
#5094=FILL_AREA_STYLE_COLOUR('',#5105);
#5095=FILL_AREA_STYLE_COLOUR('',#5105);
#5096=FILL_AREA_STYLE_COLOUR('',#5105);
#5097=FILL_AREA_STYLE_COLOUR('',#5105);
#5098=FILL_AREA_STYLE_COLOUR('',#5106);
#5099=FILL_AREA_STYLE_COLOUR('',#5105);
#5100=FILL_AREA_STYLE_COLOUR('',#5107);
#5101=FILL_AREA_STYLE_COLOUR('',#5105);
#5102=FILL_AREA_STYLE_COLOUR('',#5108);
#5103=FILL_AREA_STYLE_COLOUR('',#5109);
#5104=FILL_AREA_STYLE_COLOUR('',#5105);
#5105=COLOUR_RGB('',0.615686274509804,0.811764705882353,0.929411764705882);
#5106=COLOUR_RGB('',0.972549019607843,0.529411764705882,0.00392156862745098);
#5107=COLOUR_RGB('',0.980392156862745,0.713725490196078,0.00392156862745098);
#5108=COLOUR_RGB('',0.498039215686275,0.498039215686275,0.498039215686275);
#5109=COLOUR_RGB('',0.768627450980392,0.886274509803922,0.952941176470588);
#5110=MANIFOLD_SOLID_BREP('Part 1',#5009);
#5111=MANIFOLD_SOLID_BREP('5',#5010);
#5112=MANIFOLD_SOLID_BREP('Part 1',#5011);
#5113=MANIFOLD_SOLID_BREP('Part 1',#5012);
#5114=MANIFOLD_SOLID_BREP('Part 1',#5013);
#5115=MANIFOLD_SOLID_BREP('2',#5014);
#5116=MANIFOLD_SOLID_BREP('Part 2',#5015);
#5117=MANIFOLD_SOLID_BREP('4',#5016);
#5118=MANIFOLD_SOLID_BREP('Part 1',#5017);
#5119=MANIFOLD_SOLID_BREP('3',#5018);
#5120=MANIFOLD_SOLID_BREP('1',#5019);
#5121=MANIFOLD_SOLID_BREP('Part 1',#5020);
#5122=SHAPE_DEFINITION_REPRESENTATION(#8959,#5135);
#5123=SHAPE_DEFINITION_REPRESENTATION(#8960,#5136);
#5124=SHAPE_DEFINITION_REPRESENTATION(#8962,#5137);
#5125=SHAPE_DEFINITION_REPRESENTATION(#8964,#5138);
#5126=SHAPE_DEFINITION_REPRESENTATION(#8966,#5139);
#5127=SHAPE_DEFINITION_REPRESENTATION(#8969,#5140);
#5128=SHAPE_DEFINITION_REPRESENTATION(#8971,#5141);
#5129=SHAPE_DEFINITION_REPRESENTATION(#8973,#5142);
#5130=SHAPE_DEFINITION_REPRESENTATION(#8975,#5143);
#5131=SHAPE_DEFINITION_REPRESENTATION(#8977,#5144);
#5132=SHAPE_DEFINITION_REPRESENTATION(#8979,#5145);
#5133=SHAPE_DEFINITION_REPRESENTATION(#8982,#5146);
#5134=SHAPE_DEFINITION_REPRESENTATION(#8984,#5147);
#5135=SHAPE_REPRESENTATION('Assembly 1 Copy 1',(#5148,#5190,#5197,#5231,
#5256,#5257,#5357,#5385,#5427,#5449,#5474,#5492,#5493,#5520,#5547),#8930);
#5136=SHAPE_REPRESENTATION('Part 1',(#5148),#8931);
#5137=SHAPE_REPRESENTATION('5',(#5148),#8932);
#5138=SHAPE_REPRESENTATION('Part 1',(#5148),#8933);
#5139=SHAPE_REPRESENTATION('Part 1',(#5148),#8934);
#5140=SHAPE_REPRESENTATION('Part 1',(#5148),#8935);
#5141=SHAPE_REPRESENTATION('2',(#5148),#8936);
#5142=SHAPE_REPRESENTATION('Part 2',(#5148),#8937);
#5143=SHAPE_REPRESENTATION('4',(#5148),#8938);
#5144=SHAPE_REPRESENTATION('Part 1',(#5148),#8939);
#5145=SHAPE_REPRESENTATION('3',(#5148),#8940);
#5146=SHAPE_REPRESENTATION('1',(#5148),#8941);
#5147=SHAPE_REPRESENTATION('Part 1',(#5148),#8942);
#5148=AXIS2_PLACEMENT_3D('',#6794,#5548,#5549);
#5149=AXIS2_PLACEMENT_3D('',#6795,#5550,#5551);
#5150=AXIS2_PLACEMENT_3D('',#6796,#5552,#5553);
#5151=AXIS2_PLACEMENT_3D('',#6798,#5554,#5555);
#5152=AXIS2_PLACEMENT_3D('',#6817,#5558,#5559);
#5153=AXIS2_PLACEMENT_3D('',#6821,#5561,#5562);
#5154=AXIS2_PLACEMENT_3D('',#6822,#5563,#5564);
#5155=AXIS2_PLACEMENT_3D('',#6823,#5565,#5566);
#5156=AXIS2_PLACEMENT_3D('',#6825,#5567,#5568);
#5157=AXIS2_PLACEMENT_3D('',#6827,#5569,#5570);
#5158=AXIS2_PLACEMENT_3D('',#6828,#5571,#5572);
#5159=AXIS2_PLACEMENT_3D('',#6830,#5573,#5574);
#5160=AXIS2_PLACEMENT_3D('',#6831,#5575,#5576);
#5161=AXIS2_PLACEMENT_3D('',#6833,#5577,#5578);
#5162=AXIS2_PLACEMENT_3D('',#6834,#5579,#5580);
#5163=AXIS2_PLACEMENT_3D('',#6839,#5582,#5583);
#5164=AXIS2_PLACEMENT_3D('',#6863,#5588,#5589);
#5165=AXIS2_PLACEMENT_3D('',#6875,#5591,#5592);
#5166=AXIS2_PLACEMENT_3D('',#6879,#5594,#5595);
#5167=AXIS2_PLACEMENT_3D('',#6883,#5597,#5598);
#5168=AXIS2_PLACEMENT_3D('',#6902,#5601,#5602);
#5169=AXIS2_PLACEMENT_3D('',#6907,#5603,#5604);
#5170=AXIS2_PLACEMENT_3D('',#6908,#5605,#5606);
#5171=AXIS2_PLACEMENT_3D('',#6913,#5607,#5608);
#5172=AXIS2_PLACEMENT_3D('',#6916,#5611,#5612);
#5173=AXIS2_PLACEMENT_3D('',#6918,#5614,#5615);
#5174=AXIS2_PLACEMENT_3D('',#6920,#5617,#5618);
#5175=AXIS2_PLACEMENT_3D('',#6921,#5619,#5620);
#5176=AXIS2_PLACEMENT_3D('',#6922,#5621,#5622);
#5177=AXIS2_PLACEMENT_3D('',#6924,#5623,#5624);
#5178=AXIS2_PLACEMENT_3D('',#6925,#5625,#5626);
#5179=AXIS2_PLACEMENT_3D('',#6927,#5627,#5628);
#5180=AXIS2_PLACEMENT_3D('',#6928,#5629,#5630);
#5181=AXIS2_PLACEMENT_3D('',#6930,#5631,#5632);
#5182=AXIS2_PLACEMENT_3D('',#6931,#5633,#5634);
#5183=AXIS2_PLACEMENT_3D('',#6933,#5635,#5636);
#5184=AXIS2_PLACEMENT_3D('',#6935,#5637,#5638);
#5185=AXIS2_PLACEMENT_3D('',#6936,#5639,#5640);
#5186=AXIS2_PLACEMENT_3D('',#6938,#5641,#5642);
#5187=AXIS2_PLACEMENT_3D('',#6939,#5643,#5644);
#5188=AXIS2_PLACEMENT_3D('',#6940,#5645,#5646);
#5189=AXIS2_PLACEMENT_3D('',#6941,#5647,#5648);
#5190=AXIS2_PLACEMENT_3D('',#6962,#5649,#5650);
#5191=AXIS2_PLACEMENT_3D('',#6963,#5651,#5652);
#5192=AXIS2_PLACEMENT_3D('',#6972,#5657,#5658);
#5193=AXIS2_PLACEMENT_3D('',#6981,#5663,#5664);
#5194=AXIS2_PLACEMENT_3D('',#6984,#5667,#5668);
#5195=AXIS2_PLACEMENT_3D('',#6986,#5670,#5671);
#5196=AXIS2_PLACEMENT_3D('',#6988,#5673,#5674);
#5197=AXIS2_PLACEMENT_3D('',#6989,#5675,#5676);
#5198=AXIS2_PLACEMENT_3D('',#6990,#5677,#5678);
#5199=AXIS2_PLACEMENT_3D('',#7003,#5685,#5686);
#5200=AXIS2_PLACEMENT_3D('',#7004,#5687,#5688);
#5201=AXIS2_PLACEMENT_3D('',#7006,#5689,#5690);
#5202=AXIS2_PLACEMENT_3D('',#7024,#5699,#5700);
#5203=AXIS2_PLACEMENT_3D('',#7026,#5701,#5702);
#5204=AXIS2_PLACEMENT_3D('',#7032,#5706,#5707);
#5205=AXIS2_PLACEMENT_3D('',#7043,#5714,#5715);
#5206=AXIS2_PLACEMENT_3D('',#7046,#5718,#5719);
#5207=AXIS2_PLACEMENT_3D('',#7057,#5726,#5727);
#5208=AXIS2_PLACEMENT_3D('',#7061,#5731,#5732);
#5209=AXIS2_PLACEMENT_3D('',#7062,#5733,#5734);
#5210=AXIS2_PLACEMENT_3D('',#7064,#5735,#5736);
#5211=AXIS2_PLACEMENT_3D('',#7065,#5737,#5738);
#5212=AXIS2_PLACEMENT_3D('',#7067,#5739,#5740);
#5213=AXIS2_PLACEMENT_3D('',#7068,#5741,#5742);
#5214=AXIS2_PLACEMENT_3D('',#7069,#5743,#5744);
#5215=AXIS2_PLACEMENT_3D('',#7070,#5745,#5746);
#5216=AXIS2_PLACEMENT_3D('',#7071,#5747,#5748);
#5217=AXIS2_PLACEMENT_3D('',#7072,#5749,#5750);
#5218=AXIS2_PLACEMENT_3D('',#7074,#5751,#5752);
#5219=AXIS2_PLACEMENT_3D('',#7075,#5753,#5754);
#5220=AXIS2_PLACEMENT_3D('',#7077,#5755,#5756);
#5221=AXIS2_PLACEMENT_3D('',#7078,#5757,#5758);
#5222=AXIS2_PLACEMENT_3D('',#7080,#5759,#5760);
#5223=AXIS2_PLACEMENT_3D('',#7081,#5761,#5762);
#5224=AXIS2_PLACEMENT_3D('',#7083,#5763,#5764);
#5225=AXIS2_PLACEMENT_3D('',#7084,#5765,#5766);
#5226=AXIS2_PLACEMENT_3D('',#7086,#5767,#5768);
#5227=AXIS2_PLACEMENT_3D('',#7087,#5769,#5770);
#5228=AXIS2_PLACEMENT_3D('',#7088,#5771,#5772);
#5229=AXIS2_PLACEMENT_3D('',#7091,#5775,#5776);
#5230=AXIS2_PLACEMENT_3D('',#7092,#5777,#5778);
#5231=AXIS2_PLACEMENT_3D('',#7093,#5779,#5780);
#5232=AXIS2_PLACEMENT_3D('',#7094,#5781,#5782);
#5233=AXIS2_PLACEMENT_3D('',#7103,#5787,#5788);
#5234=AXIS2_PLACEMENT_3D('',#7109,#5792,#5793);
#5235=AXIS2_PLACEMENT_3D('',#7115,#5797,#5798);
#5236=AXIS2_PLACEMENT_3D('',#7121,#5802,#5803);
#5237=AXIS2_PLACEMENT_3D('',#7127,#5807,#5808);
#5238=AXIS2_PLACEMENT_3D('',#7130,#5811,#5812);
#5239=AXIS2_PLACEMENT_3D('',#7155,#5813,#5814);
#5240=AXIS2_PLACEMENT_3D('',#7210,#5827,#5828);
#5241=AXIS2_PLACEMENT_3D('',#7473,#5841,#5842);
#5242=AXIS2_PLACEMENT_3D('',#7476,#5845,#5846);
#5243=AXIS2_PLACEMENT_3D('',#7488,#5848,#5849);
#5244=AXIS2_PLACEMENT_3D('',#7491,#5852,#5853);
#5245=AXIS2_PLACEMENT_3D('',#7493,#5855,#5856);
#5246=AXIS2_PLACEMENT_3D('',#7494,#5857,#5858);
#5247=AXIS2_PLACEMENT_3D('',#7497,#5861,#5862);
#5248=AXIS2_PLACEMENT_3D('',#7499,#5864,#5865);
#5249=AXIS2_PLACEMENT_3D('',#7500,#5866,#5867);
#5250=AXIS2_PLACEMENT_3D('',#7503,#5870,#5871);
#5251=AXIS2_PLACEMENT_3D('',#7515,#5873,#5874);
#5252=AXIS2_PLACEMENT_3D('',#7518,#5877,#5878);
#5253=AXIS2_PLACEMENT_3D('',#7520,#5880,#5881);
#5254=AXIS2_PLACEMENT_3D('',#7521,#5882,#5883);
#5255=AXIS2_PLACEMENT_3D('',#7524,#5886,#5887);
#5256=AXIS2_PLACEMENT_3D('',#7538,#5889,#5890);
#5257=AXIS2_PLACEMENT_3D('',#7539,#5891,#5892);
#5258=AXIS2_PLACEMENT_3D('',#7540,#5893,#5894);
#5259=AXIS2_PLACEMENT_3D('',#7557,#5903,#5904);
#5260=AXIS2_PLACEMENT_3D('',#7568,#5910,#5911);
#5261=AXIS2_PLACEMENT_3D('',#7569,#5912,#5913);
#5262=AXIS2_PLACEMENT_3D('',#7579,#5918,#5919);
#5263=AXIS2_PLACEMENT_3D('',#7585,#5923,#5924);
#5264=AXIS2_PLACEMENT_3D('',#7594,#5929,#5930);
#5265=AXIS2_PLACEMENT_3D('',#7595,#5931,#5932);
#5266=AXIS2_PLACEMENT_3D('',#7602,#5936,#5937);
#5267=AXIS2_PLACEMENT_3D('',#7603,#5938,#5939);
#5268=AXIS2_PLACEMENT_3D('',#7612,#5944,#5945);
#5269=AXIS2_PLACEMENT_3D('',#7620,#5950,#5951);
#5270=AXIS2_PLACEMENT_3D('',#7626,#5955,#5956);
#5271=AXIS2_PLACEMENT_3D('',#7635,#5961,#5962);
#5272=AXIS2_PLACEMENT_3D('',#7704,#5999,#6000);
#5273=AXIS2_PLACEMENT_3D('',#7706,#6001,#6002);
#5274=AXIS2_PLACEMENT_3D('',#7716,#6007,#6008);
#5275=AXIS2_PLACEMENT_3D('',#7722,#6012,#6013);
#5276=AXIS2_PLACEMENT_3D('',#7760,#6034,#6035);
#5277=AXIS2_PLACEMENT_3D('',#7762,#6036,#6037);
#5278=AXIS2_PLACEMENT_3D('',#7772,#6042,#6043);
#5279=AXIS2_PLACEMENT_3D('',#7775,#6046,#6047);
#5280=AXIS2_PLACEMENT_3D('',#7778,#6050,#6051);
#5281=AXIS2_PLACEMENT_3D('',#7781,#6054,#6055);
#5282=AXIS2_PLACEMENT_3D('',#7782,#6056,#6057);
#5283=AXIS2_PLACEMENT_3D('',#7783,#6058,#6059);
#5284=AXIS2_PLACEMENT_3D('',#7784,#6060,#6061);
#5285=AXIS2_PLACEMENT_3D('',#7785,#6062,#6063);
#5286=AXIS2_PLACEMENT_3D('',#7788,#6066,#6067);
#5287=AXIS2_PLACEMENT_3D('',#7791,#6070,#6071);
#5288=AXIS2_PLACEMENT_3D('',#7793,#6073,#6074);
#5289=AXIS2_PLACEMENT_3D('',#7795,#6076,#6077);
#5290=AXIS2_PLACEMENT_3D('',#7797,#6079,#6080);
#5291=AXIS2_PLACEMENT_3D('',#7800,#6083,#6084);
#5292=AXIS2_PLACEMENT_3D('',#7801,#6085,#6086);
#5293=AXIS2_PLACEMENT_3D('',#7805,#6089,#6090);
#5294=AXIS2_PLACEMENT_3D('',#7807,#6091,#6092);
#5295=AXIS2_PLACEMENT_3D('',#7811,#6095,#6096);
#5296=AXIS2_PLACEMENT_3D('',#7812,#6097,#6098);
#5297=AXIS2_PLACEMENT_3D('',#7814,#6099,#6100);
#5298=AXIS2_PLACEMENT_3D('',#7816,#6101,#6102);
#5299=AXIS2_PLACEMENT_3D('',#7817,#6103,#6104);
#5300=AXIS2_PLACEMENT_3D('',#7819,#6105,#6106);
#5301=AXIS2_PLACEMENT_3D('',#7821,#6107,#6108);
#5302=AXIS2_PLACEMENT_3D('',#7830,#6113,#6114);
#5303=AXIS2_PLACEMENT_3D('',#7831,#6115,#6116);
#5304=AXIS2_PLACEMENT_3D('',#7833,#6117,#6118);
#5305=AXIS2_PLACEMENT_3D('',#7835,#6119,#6120);
#5306=AXIS2_PLACEMENT_3D('',#7841,#6125,#6126);
#5307=AXIS2_PLACEMENT_3D('',#7842,#6127,#6128);
#5308=AXIS2_PLACEMENT_3D('',#7849,#6133,#6134);
#5309=AXIS2_PLACEMENT_3D('',#7851,#6135,#6136);
#5310=AXIS2_PLACEMENT_3D('',#7852,#6137,#6138);
#5311=AXIS2_PLACEMENT_3D('',#7854,#6139,#6140);
#5312=AXIS2_PLACEMENT_3D('',#7855,#6141,#6142);
#5313=AXIS2_PLACEMENT_3D('',#7857,#6143,#6144);
#5314=AXIS2_PLACEMENT_3D('',#7858,#6145,#6146);
#5315=AXIS2_PLACEMENT_3D('',#7859,#6147,#6148);
#5316=AXIS2_PLACEMENT_3D('',#7861,#6150,#6151);
#5317=AXIS2_PLACEMENT_3D('',#7862,#6152,#6153);
#5318=AXIS2_PLACEMENT_3D('',#7865,#6155,#6156);
#5319=AXIS2_PLACEMENT_3D('',#7874,#6161,#6162);
#5320=AXIS2_PLACEMENT_3D('',#7877,#6165,#6166);
#5321=AXIS2_PLACEMENT_3D('',#7879,#6168,#6169);
#5322=AXIS2_PLACEMENT_3D('',#7881,#6170,#6171);
#5323=AXIS2_PLACEMENT_3D('',#7882,#6172,#6173);
#5324=AXIS2_PLACEMENT_3D('',#7885,#6175,#6176);
#5325=AXIS2_PLACEMENT_3D('',#7886,#6177,#6178);
#5326=AXIS2_PLACEMENT_3D('',#7891,#6181,#6182);
#5327=AXIS2_PLACEMENT_3D('',#7892,#6183,#6184);
#5328=AXIS2_PLACEMENT_3D('',#7893,#6185,#6186);
#5329=AXIS2_PLACEMENT_3D('',#7894,#6187,#6188);
#5330=AXIS2_PLACEMENT_3D('',#7895,#6189,#6190);
#5331=AXIS2_PLACEMENT_3D('',#7896,#6191,#6192);
#5332=AXIS2_PLACEMENT_3D('',#7897,#6193,#6194);
#5333=AXIS2_PLACEMENT_3D('',#7899,#6196,#6197);
#5334=AXIS2_PLACEMENT_3D('',#7900,#6198,#6199);
#5335=AXIS2_PLACEMENT_3D('',#7902,#6201,#6202);
#5336=AXIS2_PLACEMENT_3D('',#7903,#6203,#6204);
#5337=AXIS2_PLACEMENT_3D('',#7905,#6206,#6207);
#5338=AXIS2_PLACEMENT_3D('',#7907,#6209,#6210);
#5339=AXIS2_PLACEMENT_3D('',#7908,#6211,#6212);
#5340=AXIS2_PLACEMENT_3D('',#7909,#6213,#6214);
#5341=AXIS2_PLACEMENT_3D('',#7910,#6215,#6216);
#5342=AXIS2_PLACEMENT_3D('',#7916,#6220,#6221);
#5343=AXIS2_PLACEMENT_3D('',#7920,#6224,#6225);
#5344=AXIS2_PLACEMENT_3D('',#7924,#6228,#6229);
#5345=AXIS2_PLACEMENT_3D('',#7930,#6233,#6234);
#5346=AXIS2_PLACEMENT_3D('',#7934,#6237,#6238);
#5347=AXIS2_PLACEMENT_3D('',#7938,#6241,#6242);
#5348=AXIS2_PLACEMENT_3D('',#7940,#6244,#6245);
#5349=AXIS2_PLACEMENT_3D('',#7942,#6247,#6248);
#5350=AXIS2_PLACEMENT_3D('',#7943,#6249,#6250);
#5351=AXIS2_PLACEMENT_3D('',#7946,#6253,#6254);
#5352=AXIS2_PLACEMENT_3D('',#7948,#6256,#6257);
#5353=AXIS2_PLACEMENT_3D('',#7950,#6259,#6260);
#5354=AXIS2_PLACEMENT_3D('',#7951,#6261,#6262);
#5355=AXIS2_PLACEMENT_3D('',#7952,#6263,#6264);
#5356=AXIS2_PLACEMENT_3D('',#7953,#6265,#6266);
#5357=AXIS2_PLACEMENT_3D('',#7954,#6267,#6268);
#5358=AXIS2_PLACEMENT_3D('',#7955,#6269,#6270);
#5359=AXIS2_PLACEMENT_3D('',#7956,#6271,#6272);
#5360=AXIS2_PLACEMENT_3D('',#7958,#6273,#6274);
#5361=AXIS2_PLACEMENT_3D('',#7960,#6275,#6276);
#5362=AXIS2_PLACEMENT_3D('',#7961,#6277,#6278);
#5363=AXIS2_PLACEMENT_3D('',#7963,#6279,#6280);
#5364=AXIS2_PLACEMENT_3D('',#7965,#6281,#6282);
#5365=AXIS2_PLACEMENT_3D('',#7974,#6287,#6288);
#5366=AXIS2_PLACEMENT_3D('',#7991,#6297,#6298);
#5367=AXIS2_PLACEMENT_3D('',#7994,#6301,#6302);
#5368=AXIS2_PLACEMENT_3D('',#7996,#6304,#6305);
#5369=AXIS2_PLACEMENT_3D('',#7998,#6306,#6307);
#5370=AXIS2_PLACEMENT_3D('',#8000,#6309,#6310);
#5371=AXIS2_PLACEMENT_3D('',#8001,#6311,#6312);
#5372=AXIS2_PLACEMENT_3D('',#8010,#6317,#6318);
#5373=AXIS2_PLACEMENT_3D('',#8016,#6322,#6323);
#5374=AXIS2_PLACEMENT_3D('',#8019,#6325,#6326);
#5375=AXIS2_PLACEMENT_3D('',#8021,#6328,#6329);
#5376=AXIS2_PLACEMENT_3D('',#8023,#6331,#6332);
#5377=AXIS2_PLACEMENT_3D('',#8027,#6335,#6336);
#5378=AXIS2_PLACEMENT_3D('',#8028,#6337,#6338);
#5379=AXIS2_PLACEMENT_3D('',#8029,#6339,#6340);
#5380=AXIS2_PLACEMENT_3D('',#8030,#6341,#6342);
#5381=AXIS2_PLACEMENT_3D('',#8032,#6343,#6344);
#5382=AXIS2_PLACEMENT_3D('',#8033,#6345,#6346);
#5383=AXIS2_PLACEMENT_3D('',#8034,#6347,#6348);
#5384=AXIS2_PLACEMENT_3D('',#8035,#6349,#6350);
#5385=AXIS2_PLACEMENT_3D('',#8036,#6351,#6352);
#5386=AXIS2_PLACEMENT_3D('',#8037,#6353,#6354);
#5387=AXIS2_PLACEMENT_3D('',#8038,#6355,#6356);
#5388=AXIS2_PLACEMENT_3D('',#8040,#6357,#6358);
#5389=AXIS2_PLACEMENT_3D('',#8045,#6360,#6361);
#5390=AXIS2_PLACEMENT_3D('',#8049,#6363,#6364);
#5391=AXIS2_PLACEMENT_3D('',#8064,#6366,#6367);
#5392=AXIS2_PLACEMENT_3D('',#8065,#6368,#6369);
#5393=AXIS2_PLACEMENT_3D('',#8067,#6370,#6371);
#5394=AXIS2_PLACEMENT_3D('',#8069,#6372,#6373);
#5395=AXIS2_PLACEMENT_3D('',#8070,#6374,#6375);
#5396=AXIS2_PLACEMENT_3D('',#8072,#6376,#6377);
#5397=AXIS2_PLACEMENT_3D('',#8073,#6378,#6379);
#5398=AXIS2_PLACEMENT_3D('',#8075,#6380,#6381);
#5399=AXIS2_PLACEMENT_3D('',#8076,#6382,#6383);
#5400=AXIS2_PLACEMENT_3D('',#8081,#6385,#6386);
#5401=AXIS2_PLACEMENT_3D('',#8105,#6391,#6392);
#5402=AXIS2_PLACEMENT_3D('',#8117,#6394,#6395);
#5403=AXIS2_PLACEMENT_3D('',#8121,#6397,#6398);
#5404=AXIS2_PLACEMENT_3D('',#8125,#6400,#6401);
#5405=AXIS2_PLACEMENT_3D('',#8144,#6404,#6405);
#5406=AXIS2_PLACEMENT_3D('',#8145,#6406,#6407);
#5407=AXIS2_PLACEMENT_3D('',#8150,#6408,#6409);
#5408=AXIS2_PLACEMENT_3D('',#8155,#6410,#6411);
#5409=AXIS2_PLACEMENT_3D('',#8158,#6414,#6415);
#5410=AXIS2_PLACEMENT_3D('',#8160,#6417,#6418);
#5411=AXIS2_PLACEMENT_3D('',#8162,#6420,#6421);
#5412=AXIS2_PLACEMENT_3D('',#8163,#6422,#6423);
#5413=AXIS2_PLACEMENT_3D('',#8164,#6424,#6425);
#5414=AXIS2_PLACEMENT_3D('',#8166,#6426,#6427);
#5415=AXIS2_PLACEMENT_3D('',#8167,#6428,#6429);
#5416=AXIS2_PLACEMENT_3D('',#8169,#6430,#6431);
#5417=AXIS2_PLACEMENT_3D('',#8170,#6432,#6433);
#5418=AXIS2_PLACEMENT_3D('',#8172,#6434,#6435);
#5419=AXIS2_PLACEMENT_3D('',#8173,#6436,#6437);
#5420=AXIS2_PLACEMENT_3D('',#8175,#6438,#6439);
#5421=AXIS2_PLACEMENT_3D('',#8177,#6440,#6441);
#5422=AXIS2_PLACEMENT_3D('',#8178,#6442,#6443);
#5423=AXIS2_PLACEMENT_3D('',#8180,#6444,#6445);
#5424=AXIS2_PLACEMENT_3D('',#8181,#6446,#6447);
#5425=AXIS2_PLACEMENT_3D('',#8182,#6448,#6449);
#5426=AXIS2_PLACEMENT_3D('',#8183,#6450,#6451);
#5427=AXIS2_PLACEMENT_3D('',#8204,#6452,#6453);
#5428=AXIS2_PLACEMENT_3D('',#8205,#6454,#6455);
#5429=AXIS2_PLACEMENT_3D('',#8214,#6460,#6461);
#5430=AXIS2_PLACEMENT_3D('',#8215,#6462,#6463);
#5431=AXIS2_PLACEMENT_3D('',#8221,#6466,#6467);
#5432=AXIS2_PLACEMENT_3D('',#8224,#6469,#6470);
#5433=AXIS2_PLACEMENT_3D('',#8226,#6471,#6472);
#5434=AXIS2_PLACEMENT_3D('',#8228,#6473,#6474);
#5435=AXIS2_PLACEMENT_3D('',#8230,#6475,#6476);
#5436=AXIS2_PLACEMENT_3D('',#8234,#6479,#6480);
#5437=AXIS2_PLACEMENT_3D('',#8238,#6483,#6484);
#5438=AXIS2_PLACEMENT_3D('',#8244,#6488,#6489);
#5439=AXIS2_PLACEMENT_3D('',#8245,#6490,#6491);
#5440=AXIS2_PLACEMENT_3D('',#8246,#6492,#6493);
#5441=AXIS2_PLACEMENT_3D('',#8247,#6494,#6495);
#5442=AXIS2_PLACEMENT_3D('',#8249,#6496,#6497);
#5443=AXIS2_PLACEMENT_3D('',#8251,#6498,#6499);
#5444=AXIS2_PLACEMENT_3D('',#8253,#6500,#6501);
#5445=AXIS2_PLACEMENT_3D('',#8254,#6502,#6503);
#5446=AXIS2_PLACEMENT_3D('',#8255,#6504,#6505);
#5447=AXIS2_PLACEMENT_3D('',#8256,#6506,#6507);
#5448=AXIS2_PLACEMENT_3D('',#8257,#6508,#6509);
#5449=AXIS2_PLACEMENT_3D('',#8258,#6510,#6511);
#5450=AXIS2_PLACEMENT_3D('',#8259,#6512,#6513);
#5451=AXIS2_PLACEMENT_3D('',#8260,#6514,#6515);
#5452=AXIS2_PLACEMENT_3D('',#8262,#6516,#6517);
#5453=AXIS2_PLACEMENT_3D('',#8264,#6518,#6519);
#5454=AXIS2_PLACEMENT_3D('',#8289,#6520,#6521);
#5455=AXIS2_PLACEMENT_3D('',#8344,#6534,#6535);
#5456=AXIS2_PLACEMENT_3D('',#8719,#6548,#6549);
#5457=AXIS2_PLACEMENT_3D('',#8722,#6552,#6553);
#5458=AXIS2_PLACEMENT_3D('',#8724,#6555,#6556);
#5459=AXIS2_PLACEMENT_3D('',#8725,#6557,#6558);
#5460=AXIS2_PLACEMENT_3D('',#8728,#6561,#6562);
#5461=AXIS2_PLACEMENT_3D('',#8730,#6564,#6565);
#5462=AXIS2_PLACEMENT_3D('',#8731,#6566,#6567);
#5463=AXIS2_PLACEMENT_3D('',#8734,#6570,#6571);
#5464=AXIS2_PLACEMENT_3D('',#8736,#6573,#6574);
#5465=AXIS2_PLACEMENT_3D('',#8737,#6575,#6576);
#5466=AXIS2_PLACEMENT_3D('',#8740,#6579,#6580);
#5467=AXIS2_PLACEMENT_3D('',#8742,#6582,#6583);
#5468=AXIS2_PLACEMENT_3D('',#8743,#6584,#6585);
#5469=AXIS2_PLACEMENT_3D('',#8746,#6588,#6589);
#5470=AXIS2_PLACEMENT_3D('',#8748,#6591,#6592);
#5471=AXIS2_PLACEMENT_3D('',#8749,#6593,#6594);
#5472=AXIS2_PLACEMENT_3D('',#8752,#6597,#6598);
#5473=AXIS2_PLACEMENT_3D('',#8754,#6600,#6601);
#5474=AXIS2_PLACEMENT_3D('',#8755,#6602,#6603);
#5475=AXIS2_PLACEMENT_3D('',#8756,#6604,#6605);
#5476=AXIS2_PLACEMENT_3D('',#8757,#6606,#6607);
#5477=AXIS2_PLACEMENT_3D('',#8759,#6608,#6609);
#5478=AXIS2_PLACEMENT_3D('',#8760,#6610,#6611);
#5479=AXIS2_PLACEMENT_3D('',#8762,#6612,#6613);
#5480=AXIS2_PLACEMENT_3D('',#8764,#6614,#6615);
#5481=AXIS2_PLACEMENT_3D('',#8765,#6616,#6617);
#5482=AXIS2_PLACEMENT_3D('',#8767,#6618,#6619);
#5483=AXIS2_PLACEMENT_3D('',#8769,#6620,#6621);
#5484=AXIS2_PLACEMENT_3D('',#8770,#6622,#6623);
#5485=AXIS2_PLACEMENT_3D('',#8772,#6624,#6625);
#5486=AXIS2_PLACEMENT_3D('',#8774,#6626,#6627);
#5487=AXIS2_PLACEMENT_3D('',#8775,#6628,#6629);
#5488=AXIS2_PLACEMENT_3D('',#8777,#6630,#6631);
#5489=AXIS2_PLACEMENT_3D('',#8778,#6632,#6633);
#5490=AXIS2_PLACEMENT_3D('',#8779,#6634,#6635);
#5491=AXIS2_PLACEMENT_3D('',#8780,#6636,#6637);
#5492=AXIS2_PLACEMENT_3D('',#8781,#6638,#6639);
#5493=AXIS2_PLACEMENT_3D('',#8782,#6640,#6641);
#5494=AXIS2_PLACEMENT_3D('',#8783,#6642,#6643);
#5495=AXIS2_PLACEMENT_3D('',#8792,#6648,#6649);
#5496=AXIS2_PLACEMENT_3D('',#8798,#6653,#6654);
#5497=AXIS2_PLACEMENT_3D('',#8804,#6658,#6659);
#5498=AXIS2_PLACEMENT_3D('',#8813,#6664,#6665);
#5499=AXIS2_PLACEMENT_3D('',#8819,#6669,#6670);
#5500=AXIS2_PLACEMENT_3D('',#8832,#6678,#6679);
#5501=AXIS2_PLACEMENT_3D('',#8834,#6680,#6681);
#5502=AXIS2_PLACEMENT_3D('',#8836,#6682,#6683);
#5503=AXIS2_PLACEMENT_3D('',#8838,#6684,#6685);
#5504=AXIS2_PLACEMENT_3D('',#8840,#6686,#6687);
#5505=AXIS2_PLACEMENT_3D('',#8844,#6690,#6691);
#5506=AXIS2_PLACEMENT_3D('',#8848,#6694,#6695);
#5507=AXIS2_PLACEMENT_3D('',#8850,#6697,#6698);
#5508=AXIS2_PLACEMENT_3D('',#8854,#6701,#6702);
#5509=AXIS2_PLACEMENT_3D('',#8860,#6706,#6707);
#5510=AXIS2_PLACEMENT_3D('',#8862,#6708,#6709);
#5511=AXIS2_PLACEMENT_3D('',#8864,#6710,#6711);
#5512=AXIS2_PLACEMENT_3D('',#8866,#6712,#6713);
#5513=AXIS2_PLACEMENT_3D('',#8868,#6714,#6715);
#5514=AXIS2_PLACEMENT_3D('',#8871,#6718,#6719);
#5515=AXIS2_PLACEMENT_3D('',#8872,#6720,#6721);
#5516=AXIS2_PLACEMENT_3D('',#8873,#6722,#6723);
#5517=AXIS2_PLACEMENT_3D('',#8874,#6724,#6725);
#5518=AXIS2_PLACEMENT_3D('',#8875,#6726,#6727);
#5519=AXIS2_PLACEMENT_3D('',#8876,#6728,#6729);
#5520=AXIS2_PLACEMENT_3D('',#8877,#6730,#6731);
#5521=AXIS2_PLACEMENT_3D('',#8878,#6732,#6733);
#5522=AXIS2_PLACEMENT_3D('',#8879,#6734,#6735);
#5523=AXIS2_PLACEMENT_3D('',#8884,#6737,#6738);
#5524=AXIS2_PLACEMENT_3D('',#8887,#6740,#6741);
#5525=AXIS2_PLACEMENT_3D('',#8893,#6745,#6746);
#5526=AXIS2_PLACEMENT_3D('',#8894,#6747,#6748);
#5527=AXIS2_PLACEMENT_3D('',#8898,#6750,#6751);
#5528=AXIS2_PLACEMENT_3D('',#8899,#6752,#6753);
#5529=AXIS2_PLACEMENT_3D('',#8902,#6756,#6757);
#5530=AXIS2_PLACEMENT_3D('',#8903,#6758,#6759);
#5531=AXIS2_PLACEMENT_3D('',#8905,#6760,#6761);
#5532=AXIS2_PLACEMENT_3D('',#8906,#6762,#6763);
#5533=AXIS2_PLACEMENT_3D('',#8908,#6764,#6765);
#5534=AXIS2_PLACEMENT_3D('',#8909,#6766,#6767);
#5535=AXIS2_PLACEMENT_3D('',#8911,#6768,#6769);
#5536=AXIS2_PLACEMENT_3D('',#8912,#6770,#6771);
#5537=AXIS2_PLACEMENT_3D('',#8914,#6772,#6773);
#5538=AXIS2_PLACEMENT_3D('',#8915,#6774,#6775);
#5539=AXIS2_PLACEMENT_3D('',#8917,#6776,#6777);
#5540=AXIS2_PLACEMENT_3D('',#8918,#6778,#6779);
#5541=AXIS2_PLACEMENT_3D('',#8919,#6780,#6781);
#5542=AXIS2_PLACEMENT_3D('',#8921,#6782,#6783);
#5543=AXIS2_PLACEMENT_3D('',#8922,#6784,#6785);
#5544=AXIS2_PLACEMENT_3D('',#8924,#6786,#6787);
#5545=AXIS2_PLACEMENT_3D('',#8925,#6788,#6789);
#5546=AXIS2_PLACEMENT_3D('',#8927,#6790,#6791);
#5547=AXIS2_PLACEMENT_3D('',#8928,#6792,#6793);
#5548=DIRECTION('',(0.,0.,1.));
#5549=DIRECTION('',(1.,0.,0.));
#5550=DIRECTION('',(0.,0.,-1.));
#5551=DIRECTION('',(-1.,0.,0.));
#5552=DIRECTION('',(0.,0.,1.));
#5553=DIRECTION('',(1.,0.,0.));
#5554=DIRECTION('',(0.,0.,1.));
#5555=DIRECTION('',(1.,0.,0.));
#5556=DIRECTION('',(0.,0.,-1.));
#5557=DIRECTION('',(0.,0.,-1.));
#5558=DIRECTION('',(0.,-4.33680868994202E-16,-1.));
#5559=DIRECTION('',(0.,1.,-4.33680868994202E-16));
#5560=DIRECTION('',(0.,0.,-1.));
#5561=DIRECTION('',(0.,-4.33680868994202E-16,-1.));
#5562=DIRECTION('',(0.,1.,-4.33680868994202E-16));
#5563=DIRECTION('',(0.,0.,-1.));
#5564=DIRECTION('',(-1.,0.,0.));
#5565=DIRECTION('',(0.,0.,1.));
#5566=DIRECTION('',(1.,0.,0.));
#5567=DIRECTION('',(0.,0.,1.));
#5568=DIRECTION('',(1.,0.,0.));
#5569=DIRECTION('',(0.,0.,1.));
#5570=DIRECTION('',(1.,0.,0.));
#5571=DIRECTION('',(0.,0.,1.));
#5572=DIRECTION('',(1.,0.,0.));
#5573=DIRECTION('',(0.,0.,1.));
#5574=DIRECTION('',(1.,0.,0.));
#5575=DIRECTION('',(0.,0.,1.));
#5576=DIRECTION('',(1.,0.,0.));
#5577=DIRECTION('',(0.,-4.33680868994202E-16,-1.));
#5578=DIRECTION('',(0.,1.,-4.33680868994202E-16));
#5579=DIRECTION('',(0.,4.33680868994202E-16,1.));
#5580=DIRECTION('',(0.,-1.,4.33680868994202E-16));
#5581=DIRECTION('',(2.71050543121376E-16,-1.,4.33680868994202E-16));
#5582=DIRECTION('',(0.,4.33680868994202E-16,1.));
#5583=DIRECTION('',(0.,-1.,4.33680868994202E-16));
#5584=DIRECTION('',(2.71050543121376E-16,-1.,4.33680868994202E-16));
#5585=DIRECTION('',(-1.,0.,0.));
#5586=DIRECTION('',(0.,-1.,4.33680868994202E-16));
#5587=DIRECTION('',(0.,-1.,4.33680868994202E-16));
#5588=DIRECTION('',(0.,1.,-3.94255335449274E-16));
#5589=DIRECTION('',(0.,3.94255335449274E-16,1.));
#5590=DIRECTION('',(-1.,0.,0.));
#5591=DIRECTION('',(0.,-4.33680868994202E-16,-1.));
#5592=DIRECTION('',(0.,1.,-4.33680868994202E-16));
#5593=DIRECTION('',(-2.71050543121376E-16,1.,-4.33680868994202E-16));
#5594=DIRECTION('',(0.,-4.33680868994202E-16,-1.));
#5595=DIRECTION('',(0.,1.,-4.33680868994202E-16));
#5596=DIRECTION('',(-2.71050543121376E-16,1.,-4.33680868994202E-16));
#5597=DIRECTION('',(0.,-4.33680868994202E-16,-1.));
#5598=DIRECTION('',(0.,1.,-4.33680868994202E-16));
#5599=DIRECTION('',(0.,-1.,4.33680868994202E-16));
#5600=DIRECTION('',(0.,-1.,4.33680868994202E-16));
#5601=DIRECTION('',(1.,0.,0.));
#5602=DIRECTION('',(0.,1.,0.));
#5603=DIRECTION('',(1.,0.,0.));
#5604=DIRECTION('',(0.,0.,-1.));
#5605=DIRECTION('',(1.,0.,0.));
#5606=DIRECTION('',(0.,1.,0.));
#5607=DIRECTION('',(-1.,-2.71050543121376E-16,1.17549435082229E-31));
#5608=DIRECTION('',(2.71050543121376E-16,-1.,0.));
#5609=DIRECTION('',(0.,4.33680868994202E-16,1.));
#5610=DIRECTION('',(0.,4.33680868994202E-16,1.));
#5611=DIRECTION('',(0.,4.33680868994202E-16,1.));
#5612=DIRECTION('',(0.,-1.,4.33680868994202E-16));
#5613=DIRECTION('',(0.,4.33680868994202E-16,1.));
#5614=DIRECTION('',(-1.,-2.71050543121376E-16,1.17549435082229E-31));
#5615=DIRECTION('',(2.71050543121376E-16,-1.,0.));
#5616=DIRECTION('',(0.,4.33680868994202E-16,1.));
#5617=DIRECTION('',(0.,4.33680868994202E-16,1.));
#5618=DIRECTION('',(0.,-1.,4.33680868994202E-16));
#5619=DIRECTION('',(-1.,0.,0.));
#5620=DIRECTION('',(0.,0.,1.));
#5621=DIRECTION('',(1.,0.,0.));
#5622=DIRECTION('',(0.,0.,-1.));
#5623=DIRECTION('',(1.,0.,0.));
#5624=DIRECTION('',(0.,1.,0.));
#5625=DIRECTION('',(1.,0.,0.));
#5626=DIRECTION('',(0.,0.,-1.));
#5627=DIRECTION('',(-1.,0.,0.));
#5628=DIRECTION('',(0.,0.,1.));
#5629=DIRECTION('',(1.,0.,0.));
#5630=DIRECTION('',(0.,0.,-1.));
#5631=DIRECTION('',(-1.,0.,0.));
#5632=DIRECTION('',(0.,0.,1.));
#5633=DIRECTION('',(1.,0.,0.));
#5634=DIRECTION('',(0.,0.,-1.));
#5635=DIRECTION('',(1.,0.,0.));
#5636=DIRECTION('',(0.,0.,-1.));
#5637=DIRECTION('',(1.,0.,0.));
#5638=DIRECTION('',(0.,1.,0.));
#5639=DIRECTION('',(1.,0.,0.));
#5640=DIRECTION('',(0.,0.,-1.));
#5641=DIRECTION('',(1.,0.,0.));
#5642=DIRECTION('',(0.,1.,0.));
#5643=DIRECTION('',(-1.,0.,0.));
#5644=DIRECTION('',(0.,0.,1.));
#5645=DIRECTION('',(0.,0.,1.));
#5646=DIRECTION('',(1.,0.,0.));
#5647=DIRECTION('',(0.,0.,-1.));
#5648=DIRECTION('',(-1.,0.,0.));
#5649=DIRECTION('',(-1.57359711468507E-18,1.14632650813167E-17,1.));
#5650=DIRECTION('',(-0.999938742238835,-0.0110685035039471,-1.44661952992962E-18));
#5651=DIRECTION('',(0.,0.,1.));
#5652=DIRECTION('',(1.,0.,0.));
#5653=DIRECTION('',(1.,0.,0.));
#5654=DIRECTION('',(0.,-1.,0.));
#5655=DIRECTION('',(-1.,0.,0.));
#5656=DIRECTION('',(0.,1.,0.));
#5657=DIRECTION('',(0.,0.,1.));
#5658=DIRECTION('',(1.,0.,0.));
#5659=DIRECTION('',(0.,1.,0.));
#5660=DIRECTION('',(-1.,0.,0.));
#5661=DIRECTION('',(0.,-1.,0.));
#5662=DIRECTION('',(1.,0.,0.));
#5663=DIRECTION('',(0.,-1.,0.));
#5664=DIRECTION('',(1.,0.,0.));
#5665=DIRECTION('',(0.,0.,1.));
#5666=DIRECTION('',(0.,0.,1.));
#5667=DIRECTION('',(1.,0.,0.));
#5668=DIRECTION('',(0.,1.,0.));
#5669=DIRECTION('',(0.,0.,1.));
#5670=DIRECTION('',(0.,1.,0.));
#5671=DIRECTION('',(-1.,0.,0.));
#5672=DIRECTION('',(0.,0.,1.));
#5673=DIRECTION('',(-1.,0.,0.));
#5674=DIRECTION('',(0.,-1.,0.));
#5675=DIRECTION('',(1.38777878078144E-16,-1.,-8.32667268468867E-17));
#5676=DIRECTION('',(1.,1.38777878078144E-16,2.77555756156287E-17));
#5677=DIRECTION('',(0.,0.,1.));
#5678=DIRECTION('',(1.,0.,0.));
#5679=DIRECTION('',(-1.,0.,0.));
#5680=DIRECTION('',(0.,1.,0.));
#5681=DIRECTION('',(-1.,0.,0.));
#5682=DIRECTION('',(0.707106781186548,0.707106781186547,0.));
#5683=DIRECTION('',(0.,-1.,0.));
#5684=DIRECTION('',(0.707106781186548,-0.707106781186547,0.));
#5685=DIRECTION('',(0.,0.,1.));
#5686=DIRECTION('',(1.,0.,0.));
#5687=DIRECTION('',(0.,0.,1.));
#5688=DIRECTION('',(1.,0.,0.));
#5689=DIRECTION('',(0.,0.,1.));
#5690=DIRECTION('',(-1.,0.,0.));
#5691=DIRECTION('',(-1.,0.,0.));
#5692=DIRECTION('',(-0.707106781186548,0.707106781186547,0.));
#5693=DIRECTION('',(0.,-1.,0.));
#5694=DIRECTION('',(-0.707106781186548,-0.707106781186547,0.));
#5695=DIRECTION('',(-1.,0.,0.));
#5696=DIRECTION('',(0.707106781186548,-0.707106781186547,0.));
#5697=DIRECTION('',(0.,-1.,0.));
#5698=DIRECTION('',(0.707106781186548,0.707106781186547,0.));
#5699=DIRECTION('',(0.,0.,-1.));
#5700=DIRECTION('',(-1.,0.,0.));
#5701=DIRECTION('',(1.,0.,0.));
#5702=DIRECTION('',(0.,0.,-1.));
#5703=DIRECTION('',(0.,-1.,0.));
#5704=DIRECTION('',(0.,0.,-1.));
#5705=DIRECTION('',(0.,0.,1.));
#5706=DIRECTION('',(0.,-1.,0.));
#5707=DIRECTION('',(0.,0.,-1.));
#5708=DIRECTION('',(-0.336336396998156,0.,-0.941741911594838));
#5709=DIRECTION('',(-1.,0.,0.));
#5710=DIRECTION('',(0.336336396998156,0.,-0.941741911594838));
#5711=DIRECTION('',(-1.,0.,0.));
#5712=DIRECTION('',(0.,0.,-1.));
#5713=DIRECTION('',(0.,0.,1.));
#5714=DIRECTION('',(1.,0.,0.));
#5715=DIRECTION('',(0.,0.,-1.));
#5716=DIRECTION('',(0.,0.,1.));
#5717=DIRECTION('',(0.,0.,-1.));
#5718=DIRECTION('',(0.,-1.,0.));
#5719=DIRECTION('',(0.,0.,-1.));
#5720=DIRECTION('',(-1.,0.,0.));
#5721=DIRECTION('',(0.336336396998156,0.,0.941741911594838));
#5722=DIRECTION('',(0.,0.,-1.));
#5723=DIRECTION('',(0.,0.,1.));
#5724=DIRECTION('',(-1.,0.,0.));
#5725=DIRECTION('',(-0.336336396998156,0.,0.941741911594838));
#5726=DIRECTION('',(0.,0.,1.));
#5727=DIRECTION('',(1.,0.,0.));
#5728=DIRECTION('',(0.,1.,0.));
#5729=DIRECTION('',(-0.707106781186548,-0.707106781186547,0.));
#5730=DIRECTION('',(-0.707106781186548,0.707106781186547,0.));
#5731=DIRECTION('',(0.,0.,1.));
#5732=DIRECTION('',(1.,0.,0.));
#5733=DIRECTION('',(0.,0.,1.));
#5734=DIRECTION('',(-1.,0.,0.));
#5735=DIRECTION('',(0.,0.,1.));
#5736=DIRECTION('',(1.,0.,0.));
#5737=DIRECTION('',(0.,0.,-1.));
#5738=DIRECTION('',(-1.,0.,0.));
#5739=DIRECTION('',(-0.707106781186547,-0.707106781186548,0.));
#5740=DIRECTION('',(0.,0.,1.));
#5741=DIRECTION('',(-0.707106781186547,0.707106781186548,0.));
#5742=DIRECTION('',(0.,0.,-1.));
#5743=DIRECTION('',(0.707106781186547,-0.707106781186548,0.));
#5744=DIRECTION('',(0.,0.,-1.));
#5745=DIRECTION('',(0.707106781186547,0.707106781186548,0.));
#5746=DIRECTION('',(0.,0.,1.));
#5747=DIRECTION('',(0.,0.,1.));
#5748=DIRECTION('',(1.,0.,0.));
#5749=DIRECTION('',(0.,0.,1.));
#5750=DIRECTION('',(1.,0.,0.));
#5751=DIRECTION('',(0.,0.,-1.));
#5752=DIRECTION('',(1.,0.,0.));
#5753=DIRECTION('',(0.,0.,-1.));
#5754=DIRECTION('',(-1.,0.,0.));
#5755=DIRECTION('',(0.,0.,-1.));
#5756=DIRECTION('',(1.,0.,0.));
#5757=DIRECTION('',(0.,0.,-1.));
#5758=DIRECTION('',(-1.,0.,0.));
#5759=DIRECTION('',(0.,0.,-1.));
#5760=DIRECTION('',(1.,0.,0.));
#5761=DIRECTION('',(0.,0.,-1.));
#5762=DIRECTION('',(-1.,0.,0.));
#5763=DIRECTION('',(0.,0.,-1.));
#5764=DIRECTION('',(1.,0.,0.));
#5765=DIRECTION('',(0.,0.,-1.));
#5766=DIRECTION('',(-1.,0.,0.));
#5767=DIRECTION('',(0.,0.,1.));
#5768=DIRECTION('',(1.,0.,0.));
#5769=DIRECTION('',(0.,0.,1.));
#5770=DIRECTION('',(1.,0.,0.));
#5771=DIRECTION('',(0.,0.,1.));
#5772=DIRECTION('',(1.,0.,0.));
#5773=DIRECTION('',(0.,-1.,0.));
#5774=DIRECTION('',(0.,1.,0.));
#5775=DIRECTION('',(0.941741911594838,0.,-0.336336396998156));
#5776=DIRECTION('',(0.,1.,0.));
#5777=DIRECTION('',(0.941741911594838,0.,0.336336396998156));
#5778=DIRECTION('',(0.,-1.,0.));
#5779=DIRECTION('',(5.61910053604665E-18,-4.33449928729711E-16,1.));
#5780=DIRECTION('',(1.,9.08381314406168E-16,-5.61910053604626E-18));
#5781=DIRECTION('',(-1.,0.,0.));
#5782=DIRECTION('',(0.,0.,1.));
#5783=DIRECTION('',(0.,1.,0.));
#5784=DIRECTION('',(0.,0.,1.));
#5785=DIRECTION('',(0.,1.,0.));
#5786=DIRECTION('',(0.,0.,1.));
#5787=DIRECTION('',(-0.5,0.,0.866025403784439));
#5788=DIRECTION('',(0.866025403784439,0.,0.5));
#5789=DIRECTION('',(0.866025403784439,0.,0.5));
#5790=DIRECTION('',(0.,1.,0.));
#5791=DIRECTION('',(0.866025403784439,0.,0.5));
#5792=DIRECTION('',(0.5,0.,0.866025403784439));
#5793=DIRECTION('',(0.866025403784439,0.,-0.5));
#5794=DIRECTION('',(0.866025403784439,0.,-0.5));
#5795=DIRECTION('',(0.,1.,0.));
#5796=DIRECTION('',(0.866025403784439,0.,-0.5));
#5797=DIRECTION('',(1.,0.,0.));
#5798=DIRECTION('',(0.,0.,-1.));
#5799=DIRECTION('',(0.,0.,-1.));
#5800=DIRECTION('',(0.,1.,0.));
#5801=DIRECTION('',(0.,0.,-1.));
#5802=DIRECTION('',(0.5,0.,-0.866025403784439));
#5803=DIRECTION('',(-0.866025403784439,0.,-0.5));
#5804=DIRECTION('',(-0.866025403784439,0.,-0.5));
#5805=DIRECTION('',(0.,1.,0.));
#5806=DIRECTION('',(-0.866025403784439,0.,-0.5));
#5807=DIRECTION('',(-0.5,0.,-0.866025403784439));
#5808=DIRECTION('',(-0.866025403784439,0.,0.5));
#5809=DIRECTION('',(-0.866025403784439,0.,0.5));
#5810=DIRECTION('',(-0.866025403784439,0.,0.5));
#5811=DIRECTION('',(0.,1.,0.));
#5812=DIRECTION('',(0.,0.,1.));
#5813=DIRECTION('',(0.,-1.,0.));
#5814=DIRECTION('',(1.,0.,0.));
#5815=DIRECTION('',(-0.37819476495233,0.,-0.9257260500616));
#5816=DIRECTION('',(0.612604893822206,0.,0.790389299057802));
#5817=DIRECTION('',(0.612604893822206,0.,-0.790389299057802));
#5818=DIRECTION('',(-0.37819476495233,0.,0.9257260500616));
#5819=DIRECTION('',(0.990799658774536,0.,0.135336751003798));
#5820=DIRECTION('',(-0.990799658774536,0.,0.135336751003798));
#5821=DIRECTION('',(0.37819476495233,0.,0.9257260500616));
#5822=DIRECTION('',(-0.612604893822206,0.,-0.790389299057802));
#5823=DIRECTION('',(-0.612604893822206,0.,0.790389299057802));
#5824=DIRECTION('',(0.37819476495233,0.,-0.9257260500616));
#5825=DIRECTION('',(-0.990799658774536,0.,-0.135336751003797));
#5826=DIRECTION('',(0.990799658774536,0.,-0.135336751003798));
#5827=DIRECTION('',(0.,-1.,0.));
#5828=DIRECTION('',(1.,0.,0.));
#5829=DIRECTION('',(-0.37819476495233,0.,-0.9257260500616));
#5830=DIRECTION('',(0.990799658774536,0.,-0.135336751003798));
#5831=DIRECTION('',(-0.990799658774536,0.,-0.135336751003797));
#5832=DIRECTION('',(0.37819476495233,0.,-0.9257260500616));
#5833=DIRECTION('',(-0.612604893822206,0.,0.790389299057802));
#5834=DIRECTION('',(-0.612604893822206,0.,-0.790389299057802));
#5835=DIRECTION('',(0.378194764952331,0.,0.9257260500616));
#5836=DIRECTION('',(-0.990799658774536,0.,0.135336751003798));
#5837=DIRECTION('',(0.990799658774536,0.,0.135336751003798));
#5838=DIRECTION('',(-0.37819476495233,0.,0.9257260500616));
#5839=DIRECTION('',(0.612604893822206,0.,-0.790389299057802));
#5840=DIRECTION('',(0.612604893822206,0.,0.790389299057802));
#5841=DIRECTION('',(0.135336751003798,0.,-0.990799658774536));
#5842=DIRECTION('',(-0.990799658774536,0.,-0.135336751003798));
#5843=DIRECTION('',(0.,-1.,0.));
#5844=DIRECTION('',(0.,-1.,0.));
#5845=DIRECTION('',(0.9257260500616,0.,0.37819476495233));
#5846=DIRECTION('',(0.37819476495233,0.,-0.9257260500616));
#5847=DIRECTION('',(0.,-1.,0.));
#5848=DIRECTION('',(0.790389299057802,0.,-0.612604893822206));
#5849=DIRECTION('',(-0.612604893822206,0.,-0.790389299057802));
#5850=DIRECTION('',(0.,-1.,0.));
#5851=DIRECTION('',(0.,-1.,0.));
#5852=DIRECTION('',(-0.790389299057802,0.,-0.612604893822206));
#5853=DIRECTION('',(-0.612604893822206,0.,0.790389299057802));
#5854=DIRECTION('',(0.,-1.,0.));
#5855=DIRECTION('',(0.,-1.,0.));
#5856=DIRECTION('',(0.00019965579720869,0.,0.999999980068781));
#5857=DIRECTION('',(0.135336751003798,0.,0.990799658774535));
#5858=DIRECTION('',(0.990799658774536,0.,-0.135336751003798));
#5859=DIRECTION('',(0.,-1.,0.));
#5860=DIRECTION('',(0.,-1.,0.));
#5861=DIRECTION('',(0.9257260500616,0.,-0.37819476495233));
#5862=DIRECTION('',(-0.378194764952331,0.,-0.9257260500616));
#5863=DIRECTION('',(0.,-1.,0.));
#5864=DIRECTION('',(0.,-1.,0.));
#5865=DIRECTION('',(-0.866061796795265,0.,-0.499936960157736));
#5866=DIRECTION('',(-0.9257260500616,0.,-0.37819476495233));
#5867=DIRECTION('',(-0.37819476495233,0.,0.9257260500616));
#5868=DIRECTION('',(0.,-1.,0.));
#5869=DIRECTION('',(0.,-1.,0.));
#5870=DIRECTION('',(-0.135336751003797,0.,0.990799658774536));
#5871=DIRECTION('',(0.990799658774536,0.,0.135336751003797));
#5872=DIRECTION('',(0.,-1.,0.));
#5873=DIRECTION('',(-0.9257260500616,0.,0.37819476495233));
#5874=DIRECTION('',(0.37819476495233,0.,0.9257260500616));
#5875=DIRECTION('',(0.,-1.,0.));
#5876=DIRECTION('',(0.,-1.,0.));
#5877=DIRECTION('',(-0.135336751003798,0.,-0.990799658774536));
#5878=DIRECTION('',(-0.990799658774536,0.,0.135336751003798));
#5879=DIRECTION('',(0.,-1.,0.));
#5880=DIRECTION('',(0.,-1.,0.));
#5881=DIRECTION('',(0.866061796795248,0.,0.499936960157764));
#5882=DIRECTION('',(-0.790389299057802,0.,0.612604893822206));
#5883=DIRECTION('',(0.612604893822206,0.,0.790389299057802));
#5884=DIRECTION('',(0.,-1.,0.));
#5885=DIRECTION('',(0.,-1.,0.));
#5886=DIRECTION('',(0.790389299057802,0.,0.612604893822206));
#5887=DIRECTION('',(0.612604893822206,0.,-0.790389299057802));
#5888=DIRECTION('',(0.,-1.,0.));
#5889=DIRECTION('',(0.,0.,1.));
#5890=DIRECTION('',(1.38777878078145E-16,-1.,0.));
#5891=DIRECTION('',(0.,0.,1.));
#5892=DIRECTION('',(1.38777878078145E-16,-1.,0.));
#5893=DIRECTION('',(0.,0.,1.));
#5894=DIRECTION('',(1.,0.,0.));
#5895=DIRECTION('',(0.,1.,0.));
#5896=DIRECTION('',(-1.,0.,0.));
#5897=DIRECTION('',(-1.58663732558854E-16,1.,0.));
#5898=DIRECTION('',(-1.,0.,0.));
#5899=DIRECTION('',(0.,1.,0.));
#5900=DIRECTION('',(-1.,0.,0.));
#5901=DIRECTION('',(4.51750905202294E-17,1.,0.));
#5902=DIRECTION('',(-1.,0.,0.));
#5903=DIRECTION('',(0.,1.,0.));
#5904=DIRECTION('',(-1.,0.,0.));
#5905=DIRECTION('',(-1.,0.,0.));
#5906=DIRECTION('',(0.,0.,-1.));
#5907=DIRECTION('',(1.,0.,0.));
#5908=DIRECTION('',(0.,0.,1.));
#5909=DIRECTION('',(0.,0.,1.));
#5910=DIRECTION('',(0.,-1.,0.));
#5911=DIRECTION('',(0.,0.,-1.));
#5912=DIRECTION('',(0.,-1.,0.));
#5913=DIRECTION('',(0.,0.,-1.));
#5914=DIRECTION('',(0.,0.,1.));
#5915=DIRECTION('',(-1.,0.,0.));
#5916=DIRECTION('',(0.,0.,-1.));
#5917=DIRECTION('',(-1.,0.,0.));
#5918=DIRECTION('',(0.,0.,1.));
#5919=DIRECTION('',(1.,0.,0.));
#5920=DIRECTION('',(-1.,0.,0.));
#5921=DIRECTION('',(-4.8186763221578E-16,1.,0.));
#5922=DIRECTION('',(0.,-1.,0.));
#5923=DIRECTION('',(0.,0.,1.));
#5924=DIRECTION('',(1.,0.,0.));
#5925=DIRECTION('',(-1.,0.,0.));
#5926=DIRECTION('',(-4.8186763221578E-16,1.,0.));
#5927=DIRECTION('',(-1.,0.,0.));
#5928=DIRECTION('',(0.,-1.,0.));
#5929=DIRECTION('',(0.,-1.,0.));
#5930=DIRECTION('',(0.,0.,-1.));
#5931=DIRECTION('',(0.,-1.,0.));
#5932=DIRECTION('',(0.,0.,-1.));
#5933=DIRECTION('',(-1.,0.,0.));
#5934=DIRECTION('',(0.,0.,1.));
#5935=DIRECTION('',(0.,0.,-1.));
#5936=DIRECTION('',(0.,-0.707106781186548,0.707106781186548));
#5937=DIRECTION('',(1.,0.,0.));
#5938=DIRECTION('',(0.,-0.707106781186548,0.707106781186548));
#5939=DIRECTION('',(0.,0.707106781186548,0.707106781186548));
#5940=DIRECTION('',(1.,0.,0.));
#5941=DIRECTION('',(-0.577350269189626,-0.577350269189626,-0.577350269189626));
#5942=DIRECTION('',(-3.40731870374083E-16,0.707106781186548,0.707106781186548));
#5943=DIRECTION('',(0.,-0.707106781186548,-0.707106781186548));
#5944=DIRECTION('',(1.,0.,0.));
#5945=DIRECTION('',(0.,0.,-1.));
#5946=DIRECTION('',(0.,-0.707106781186548,-0.707106781186548));
#5947=DIRECTION('',(0.,-1.,0.));
#5948=DIRECTION('',(0.,0.,-1.));
#5949=DIRECTION('',(0.,-1.,0.));
#5950=DIRECTION('',(1.,0.,0.));
#5951=DIRECTION('',(0.,0.,-1.));
#5952=DIRECTION('',(0.,-1.,0.));
#5953=DIRECTION('',(0.,-1.,0.));
#5954=DIRECTION('',(0.,0.,1.));
#5955=DIRECTION('',(-1.,0.,0.));
#5956=DIRECTION('',(0.,0.,1.));
#5957=DIRECTION('',(0.,0.,-1.));
#5958=DIRECTION('',(0.,-1.,0.));
#5959=DIRECTION('',(0.,0.,-1.));
#5960=DIRECTION('',(0.,-1.,0.));
#5961=DIRECTION('',(0.,0.,1.));
#5962=DIRECTION('',(1.,0.,0.));
#5963=DIRECTION('',(1.,0.,0.));
#5964=DIRECTION('',(-4.8186763221578E-16,-1.,0.));
#5965=DIRECTION('',(1.,0.,0.));
#5966=DIRECTION('',(0.,-1.,0.));
#5967=DIRECTION('',(4.8186763221578E-16,-1.,0.));
#5968=DIRECTION('',(0.,-1.,0.));
#5969=DIRECTION('',(-1.,0.,0.));
#5970=DIRECTION('',(4.8186763221578E-16,-1.,0.));
#5971=DIRECTION('',(0.707106781186548,0.707106781186548,0.));
#5972=DIRECTION('',(0.,-1.,0.));
#5973=DIRECTION('',(1.,0.,0.));
#5974=DIRECTION('',(0.,-1.,0.));
#5975=DIRECTION('',(1.,0.,0.));
#5976=DIRECTION('',(0.,1.,0.));
#5977=DIRECTION('',(-1.,0.,0.));
#5978=DIRECTION('',(0.,-1.,0.));
#5979=DIRECTION('',(-1.,0.,0.));
#5980=DIRECTION('',(0.,1.,0.));
#5981=DIRECTION('',(1.,0.,0.));
#5982=DIRECTION('',(0.,-1.,0.));
#5983=DIRECTION('',(-1.,0.,0.));
#5984=DIRECTION('',(0.,-1.,0.));
#5985=DIRECTION('',(1.,0.,0.));
#5986=DIRECTION('',(0.,-1.,0.));
#5987=DIRECTION('',(-0.707106781186548,0.707106781186548,0.));
#5988=DIRECTION('',(-4.8186763221578E-16,-1.,0.));
#5989=DIRECTION('',(1.,0.,0.));
#5990=DIRECTION('',(-0.707106781186547,-0.707106781186548,0.));
#5991=DIRECTION('',(0.,1.,0.));
#5992=DIRECTION('',(-0.707106781186547,0.707106781186548,0.));
#5993=DIRECTION('',(-1.,0.,0.));
#5994=DIRECTION('',(0.707106781186548,0.707106781186547,0.));
#5995=DIRECTION('',(0.,1.,0.));
#5996=DIRECTION('',(0.707106781186548,-0.707106781186547,0.));
#5997=DIRECTION('',(0.,-1.,0.));
#5998=DIRECTION('',(0.,-1.,0.));
#5999=DIRECTION('',(0.,0.,1.));
#6000=DIRECTION('',(1.,0.,0.));
#6001=DIRECTION('',(0.,0.,1.));
#6002=DIRECTION('',(1.,0.,0.));
#6003=DIRECTION('',(-1.,0.,0.));
#6004=DIRECTION('',(0.,1.,0.));
#6005=DIRECTION('',(-1.,0.,0.));
#6006=DIRECTION('',(0.,1.,0.));
#6007=DIRECTION('',(0.,1.,0.));
#6008=DIRECTION('',(-1.,0.,0.));
#6009=DIRECTION('',(1.,0.,0.));
#6010=DIRECTION('',(0.,0.,1.));
#6011=DIRECTION('',(0.,0.,1.));
#6012=DIRECTION('',(0.,0.,1.));
#6013=DIRECTION('',(1.,0.,0.));
#6014=DIRECTION('',(0.,-1.,0.));
#6015=DIRECTION('',(1.,0.,0.));
#6016=DIRECTION('',(0.,-1.,0.));
#6017=DIRECTION('',(0.,-1.,0.));
#6018=DIRECTION('',(-0.707106781186548,-0.707106781186548,0.));
#6019=DIRECTION('',(1.,0.,0.));
#6020=DIRECTION('',(-0.707106781186548,0.707106781186547,0.));
#6021=DIRECTION('',(0.,1.,0.));
#6022=DIRECTION('',(-0.707106781186548,-0.707106781186547,0.));
#6023=DIRECTION('',(-1.,0.,0.));
#6024=DIRECTION('',(0.707106781186547,-0.707106781186548,0.));
#6025=DIRECTION('',(0.,1.,0.));
#6026=DIRECTION('',(0.707106781186547,0.707106781186548,0.));
#6027=DIRECTION('',(0.707106781186548,-0.707106781186548,0.));
#6028=DIRECTION('',(0.,-1.,0.));
#6029=DIRECTION('',(1.,0.,0.));
#6030=DIRECTION('',(1.,0.,0.));
#6031=DIRECTION('',(0.,-1.,0.));
#6032=DIRECTION('',(1.,0.,0.));
#6033=DIRECTION('',(-4.51750905202294E-17,-1.,0.));
#6034=DIRECTION('',(0.,0.,1.));
#6035=DIRECTION('',(1.,0.,0.));
#6036=DIRECTION('',(0.,0.,1.));
#6037=DIRECTION('',(1.,0.,0.));
#6038=DIRECTION('',(0.,-1.,0.));
#6039=DIRECTION('',(-1.,0.,0.));
#6040=DIRECTION('',(0.,-1.,0.));
#6041=DIRECTION('',(1.,0.,0.));
#6042=DIRECTION('',(0.,-1.,0.));
#6043=DIRECTION('',(0.,0.,-1.));
#6044=DIRECTION('',(0.,0.,-1.));
#6045=DIRECTION('',(0.,0.,1.));
#6046=DIRECTION('',(-1.,0.,0.));
#6047=DIRECTION('',(0.,0.,1.));
#6048=DIRECTION('',(0.,0.,1.));
#6049=DIRECTION('',(0.,0.,-1.));
#6050=DIRECTION('',(-1.,0.,0.));
#6051=DIRECTION('',(0.,0.,1.));
#6052=DIRECTION('',(0.,0.,-1.));
#6053=DIRECTION('',(0.,0.,1.));
#6054=DIRECTION('',(-0.707106781186548,0.707106781186547,0.));
#6055=DIRECTION('',(0.,0.,1.));
#6056=DIRECTION('',(-0.707106781186547,-0.707106781186548,0.));
#6057=DIRECTION('',(0.,0.,-1.));
#6058=DIRECTION('',(0.707106781186548,0.707106781186547,0.));
#6059=DIRECTION('',(0.,0.,-1.));
#6060=DIRECTION('',(0.707106781186547,-0.707106781186548,0.));
#6061=DIRECTION('',(0.,0.,1.));
#6062=DIRECTION('',(0.,1.,0.));
#6063=DIRECTION('',(-1.,0.,0.));
#6064=DIRECTION('',(0.,0.,1.));
#6065=DIRECTION('',(0.,0.,-1.));
#6066=DIRECTION('',(1.,0.,0.));
#6067=DIRECTION('',(0.,0.,-1.));
#6068=DIRECTION('',(0.,0.,1.));
#6069=DIRECTION('',(0.,0.,1.));
#6070=DIRECTION('',(1.,0.,0.));
#6071=DIRECTION('',(0.,0.,-1.));
#6072=DIRECTION('',(0.,0.,-1.));
#6073=DIRECTION('',(0.,1.,0.));
#6074=DIRECTION('',(-1.,0.,0.));
#6075=DIRECTION('',(0.,0.,1.));
#6076=DIRECTION('',(1.,0.,0.));
#6077=DIRECTION('',(0.,0.,-1.));
#6078=DIRECTION('',(0.,0.,-1.));
#6079=DIRECTION('',(0.,1.,0.));
#6080=DIRECTION('',(0.,0.,1.));
#6081=DIRECTION('',(0.,0.,-1.));
#6082=DIRECTION('',(0.,0.,1.));
#6083=DIRECTION('',(1.,0.,0.));
#6084=DIRECTION('',(0.,0.,-1.));
#6085=DIRECTION('',(0.,1.,0.));
#6086=DIRECTION('',(0.,0.,1.));
#6087=DIRECTION('',(0.,0.,-1.));
#6088=DIRECTION('',(1.,0.,0.));
#6089=DIRECTION('',(0.,1.,0.));
#6090=DIRECTION('',(0.,0.,1.));
#6091=DIRECTION('',(0.,0.,1.));
#6092=DIRECTION('',(1.,0.,0.));
#6093=DIRECTION('',(4.8186763221578E-16,1.,0.));
#6094=DIRECTION('',(1.,0.,0.));
#6095=DIRECTION('',(1.,0.,0.));
#6096=DIRECTION('',(0.,0.,-1.));
#6097=DIRECTION('',(1.,0.,0.));
#6098=DIRECTION('',(0.,0.,-1.));
#6099=DIRECTION('',(1.,0.,0.));
#6100=DIRECTION('',(0.,0.,-1.));
#6101=DIRECTION('',(1.,0.,0.));
#6102=DIRECTION('',(0.,0.,-1.));
#6103=DIRECTION('',(1.,0.,0.));
#6104=DIRECTION('',(0.,0.,-1.));
#6105=DIRECTION('',(1.,0.,0.));
#6106=DIRECTION('',(0.,0.,-1.));
#6107=DIRECTION('',(0.,0.,-1.));
#6108=DIRECTION('',(-1.,0.,0.));
#6109=DIRECTION('',(0.,1.,0.));
#6110=DIRECTION('',(1.,0.,0.));
#6111=DIRECTION('',(0.,1.,0.));
#6112=DIRECTION('',(1.,0.,0.));
#6113=DIRECTION('',(1.,0.,0.));
#6114=DIRECTION('',(0.,0.,-1.));
#6115=DIRECTION('',(1.,0.,0.));
#6116=DIRECTION('',(0.,0.,-1.));
#6117=DIRECTION('',(1.,0.,0.));
#6118=DIRECTION('',(0.,0.,-1.));
#6119=DIRECTION('',(1.,0.,0.));
#6120=DIRECTION('',(0.,1.,0.));
#6121=DIRECTION('',(0.,0.,1.));
#6122=DIRECTION('',(0.,0.118212889785112,0.992988274194944));
#6123=DIRECTION('',(0.,-0.336336396998156,0.941741911594838));
#6124=DIRECTION('',(0.,0.,1.));
#6125=DIRECTION('',(1.,0.,0.));
#6126=DIRECTION('',(0.,1.,0.));
#6127=DIRECTION('',(1.,0.,0.));
#6128=DIRECTION('',(0.,0.,-1.));
#6129=DIRECTION('',(0.,0.,1.));
#6130=DIRECTION('',(0.,0.,1.));
#6131=DIRECTION('',(0.,0.336336396998156,-0.941741911594838));
#6132=DIRECTION('',(0.,-0.118212889785112,-0.992988274194944));
#6133=DIRECTION('',(1.,0.,0.));
#6134=DIRECTION('',(0.,0.,-1.));
#6135=DIRECTION('',(0.,0.,1.));
#6136=DIRECTION('',(1.,0.,0.));
#6137=DIRECTION('',(0.,0.,1.));
#6138=DIRECTION('',(1.,0.,0.));
#6139=DIRECTION('',(0.,0.,1.));
#6140=DIRECTION('',(1.,0.,0.));
#6141=DIRECTION('',(0.,0.,1.));
#6142=DIRECTION('',(1.,0.,0.));
#6143=DIRECTION('',(0.,0.,-1.));
#6144=DIRECTION('',(-1.,0.,0.));
#6145=DIRECTION('',(0.,0.,-1.));
#6146=DIRECTION('',(-1.,0.,0.));
#6147=DIRECTION('',(-1.,0.,0.));
#6148=DIRECTION('',(0.,0.,1.));
#6149=DIRECTION('',(0.,0.,-1.));
#6150=DIRECTION('',(0.,-1.,0.));
#6151=DIRECTION('',(0.,0.,-1.));
#6152=DIRECTION('',(0.,-1.,0.));
#6153=DIRECTION('',(0.,0.,1.));
#6154=DIRECTION('',(0.,0.,-1.));
#6155=DIRECTION('',(0.,0.,-1.));
#6156=DIRECTION('',(-1.,0.,0.));
#6157=DIRECTION('',(1.,0.,0.));
#6158=DIRECTION('',(-4.8186763221578E-16,-1.,0.));
#6159=DIRECTION('',(1.,0.,0.));
#6160=DIRECTION('',(0.,-1.,0.));
#6161=DIRECTION('',(-1.,0.,0.));
#6162=DIRECTION('',(0.,0.,1.));
#6163=DIRECTION('',(0.,0.,-1.));
#6164=DIRECTION('',(0.,0.,-1.));
#6165=DIRECTION('',(0.,1.,0.));
#6166=DIRECTION('',(0.,0.,1.));
#6167=DIRECTION('',(0.,0.,-1.));
#6168=DIRECTION('',(0.,1.,0.));
#6169=DIRECTION('',(0.,0.,1.));
#6170=DIRECTION('',(0.,1.,0.));
#6171=DIRECTION('',(0.,0.,1.));
#6172=DIRECTION('',(0.,1.,0.));
#6173=DIRECTION('',(0.,0.,1.));
#6174=DIRECTION('',(0.,0.,-1.));
#6175=DIRECTION('',(0.,0.707106781186548,-0.707106781186548));
#6176=DIRECTION('',(1.,0.,0.));
#6177=DIRECTION('',(0.,0.707106781186548,-0.707106781186548));
#6178=DIRECTION('',(0.,0.707106781186548,0.707106781186548));
#6179=DIRECTION('',(-3.40731870374083E-16,-0.707106781186548,-0.707106781186548));
#6180=DIRECTION('',(-0.577350269189626,0.577350269189626,0.577350269189626));
#6181=DIRECTION('',(0.,1.,0.));
#6182=DIRECTION('',(0.,0.,1.));
#6183=DIRECTION('',(0.,1.,0.));
#6184=DIRECTION('',(0.,0.,1.));
#6185=DIRECTION('',(0.,1.,0.));
#6186=DIRECTION('',(0.,0.,1.));
#6187=DIRECTION('',(0.,1.,0.));
#6188=DIRECTION('',(0.,0.,1.));
#6189=DIRECTION('',(1.,0.,0.));
#6190=DIRECTION('',(0.,0.,-1.));
#6191=DIRECTION('',(1.,0.,0.));
#6192=DIRECTION('',(0.,0.,-1.));
#6193=DIRECTION('',(0.,1.,0.));
#6194=DIRECTION('',(-1.,0.,0.));
#6195=DIRECTION('',(0.,0.,-1.));
#6196=DIRECTION('',(0.,1.,0.));
#6197=DIRECTION('',(-1.,0.,0.));
#6198=DIRECTION('',(0.,0.992988274194944,-0.118212889785112));
#6199=DIRECTION('',(-1.,0.,0.));
#6200=DIRECTION('',(1.,0.,0.));
#6201=DIRECTION('',(0.,1.,0.));
#6202=DIRECTION('',(0.,0.,1.));
#6203=DIRECTION('',(1.,-4.8186763221578E-16,0.));
#6204=DIRECTION('',(4.8186763221578E-16,1.,0.));
#6205=DIRECTION('',(0.,0.,-1.));
#6206=DIRECTION('',(1.,4.8186763221578E-16,0.));
#6207=DIRECTION('',(-4.8186763221578E-16,1.,0.));
#6208=DIRECTION('',(0.,0.,-1.));
#6209=DIRECTION('',(1.,-4.8186763221578E-16,0.));
#6210=DIRECTION('',(4.8186763221578E-16,1.,0.));
#6211=DIRECTION('',(1.,4.8186763221578E-16,0.));
#6212=DIRECTION('',(-4.8186763221578E-16,1.,0.));
#6213=DIRECTION('',(0.,0.941741911594837,0.336336396998156));
#6214=DIRECTION('',(1.,0.,0.));
#6215=DIRECTION('',(0.,-1.,0.));
#6216=DIRECTION('',(0.,0.,-1.));
#6217=DIRECTION('',(0.,0.,-1.));
#6218=DIRECTION('',(-1.,0.,0.));
#6219=DIRECTION('',(0.,0.,-1.));
#6220=DIRECTION('',(-1.,0.,0.));
#6221=DIRECTION('',(0.,0.,1.));
#6222=DIRECTION('',(0.,0.,-1.));
#6223=DIRECTION('',(0.,1.,0.));
#6224=DIRECTION('',(0.,-1.,0.));
#6225=DIRECTION('',(0.,0.,-1.));
#6226=DIRECTION('',(0.,0.,-1.));
#6227=DIRECTION('',(-1.,0.,0.));
#6228=DIRECTION('',(-1.,0.,0.));
#6229=DIRECTION('',(0.,0.,1.));
#6230=DIRECTION('',(0.,0.,-1.));
#6231=DIRECTION('',(0.,1.,0.));
#6232=DIRECTION('',(0.,0.,-1.));
#6233=DIRECTION('',(0.,-1.,0.));
#6234=DIRECTION('',(0.,0.,-1.));
#6235=DIRECTION('',(0.,0.,-1.));
#6236=DIRECTION('',(-1.,0.,0.));
#6237=DIRECTION('',(-1.,-1.58663732558854E-16,0.));
#6238=DIRECTION('',(1.58663732558854E-16,-1.,0.));
#6239=DIRECTION('',(0.,0.,-1.));
#6240=DIRECTION('',(-1.58663732558854E-16,1.,0.));
#6241=DIRECTION('',(0.,-1.,0.));
#6242=DIRECTION('',(0.,0.,-1.));
#6243=DIRECTION('',(-1.,0.,0.));
#6244=DIRECTION('',(-1.,0.,0.));
#6245=DIRECTION('',(0.,0.,1.));
#6246=DIRECTION('',(0.,1.,0.));
#6247=DIRECTION('',(0.,0.,1.));
#6248=DIRECTION('',(1.,0.,0.));
#6249=DIRECTION('',(1.,0.,0.));
#6250=DIRECTION('',(0.,0.,-1.));
#6251=DIRECTION('',(0.,0.,1.));
#6252=DIRECTION('',(0.,0.,1.));
#6253=DIRECTION('',(0.,1.,0.));
#6254=DIRECTION('',(0.,0.,1.));
#6255=DIRECTION('',(0.,0.,1.));
#6256=DIRECTION('',(0.,1.,0.));
#6257=DIRECTION('',(0.,0.,1.));
#6258=DIRECTION('',(0.,0.,1.));
#6259=DIRECTION('',(1.,-4.51750905202294E-17,0.));
#6260=DIRECTION('',(4.51750905202294E-17,1.,0.));
#6261=DIRECTION('',(0.707106781186548,-0.707106781186548,0.));
#6262=DIRECTION('',(0.,0.,-1.));
#6263=DIRECTION('',(0.707106781186548,0.707106781186548,0.));
#6264=DIRECTION('',(0.,0.,1.));
#6265=DIRECTION('',(-1.,0.,0.));
#6266=DIRECTION('',(0.,0.,1.));
#6267=DIRECTION('',(0.,0.,1.));
#6268=DIRECTION('',(1.,0.,0.));
#6269=DIRECTION('',(1.,3.88578058618805E-16,0.));
#6270=DIRECTION('',(-3.88578058618805E-16,1.,0.));
#6271=DIRECTION('',(1.,3.88578058618805E-16,0.));
#6272=DIRECTION('',(-3.88578058618805E-16,1.,0.));
#6273=DIRECTION('',(1.,3.88578058618805E-16,0.));
#6274=DIRECTION('',(-3.88578058618805E-16,1.,0.));
#6275=DIRECTION('',(1.,3.88578058618805E-16,0.));
#6276=DIRECTION('',(-3.88578058618805E-16,1.,0.));
#6277=DIRECTION('',(-1.,-3.88578058618805E-16,0.));
#6278=DIRECTION('',(-3.88578058618805E-16,1.,0.));
#6279=DIRECTION('',(-1.,-3.88578058618805E-16,0.));
#6280=DIRECTION('',(-3.88578058618805E-16,1.,0.));
#6281=DIRECTION('',(0.,0.,1.));
#6282=DIRECTION('',(1.,0.,0.));
#6283=DIRECTION('',(1.,0.,0.));
#6284=DIRECTION('',(0.,-1.,0.));
#6285=DIRECTION('',(-1.,0.,0.));
#6286=DIRECTION('',(0.,1.,0.));
#6287=DIRECTION('',(0.,0.,1.));
#6288=DIRECTION('',(1.,0.,0.));
#6289=DIRECTION('',(0.,1.,0.));
#6290=DIRECTION('',(-1.,0.,0.));
#6291=DIRECTION('',(0.,-1.,0.));
#6292=DIRECTION('',(1.,0.,0.));
#6293=DIRECTION('',(0.,1.,0.));
#6294=DIRECTION('',(1.,0.,0.));
#6295=DIRECTION('',(0.,-1.,0.));
#6296=DIRECTION('',(-1.,0.,0.));
#6297=DIRECTION('',(0.,-1.,0.));
#6298=DIRECTION('',(1.,0.,0.));
#6299=DIRECTION('',(0.,0.,1.));
#6300=DIRECTION('',(0.,0.,1.));
#6301=DIRECTION('',(1.,0.,0.));
#6302=DIRECTION('',(0.,1.,0.));
#6303=DIRECTION('',(0.,0.,1.));
#6304=DIRECTION('',(-1.,0.,0.));
#6305=DIRECTION('',(0.,1.,0.));
#6306=DIRECTION('',(0.,1.,0.));
#6307=DIRECTION('',(-1.,0.,0.));
#6308=DIRECTION('',(0.,0.,1.));
#6309=DIRECTION('',(-1.,0.,0.));
#6310=DIRECTION('',(0.,-1.,0.));
#6311=DIRECTION('',(0.,-3.43024899888577E-15,-1.));
#6312=DIRECTION('',(1.,0.,0.));
#6313=DIRECTION('',(-1.,-3.88578058618805E-16,0.));
#6314=DIRECTION('',(0.,-1.,3.43024899888577E-15));
#6315=DIRECTION('',(1.,0.,0.));
#6316=DIRECTION('',(0.,1.,-3.43024899888577E-15));
#6317=DIRECTION('',(0.,1.,-3.43024899888577E-15));
#6318=DIRECTION('',(1.,0.,0.));
#6319=DIRECTION('',(-1.,0.,0.));
#6320=DIRECTION('',(0.,-3.43024899888577E-15,-1.));
#6321=DIRECTION('',(0.,-3.43024899888577E-15,-1.));
#6322=DIRECTION('',(1.,0.,0.));
#6323=DIRECTION('',(0.,-1.,3.43024899888577E-15));
#6324=DIRECTION('',(0.,1.,-3.43024899888577E-15));
#6325=DIRECTION('',(1.,0.,0.));
#6326=DIRECTION('',(0.,1.,0.));
#6327=DIRECTION('',(0.,-3.43024899888577E-15,-1.));
#6328=DIRECTION('',(0.,-1.,3.43024899888577E-15));
#6329=DIRECTION('',(-1.,0.,0.));
#6330=DIRECTION('',(0.,-3.43024899888577E-15,-1.));
#6331=DIRECTION('',(0.,-3.43024899888577E-15,-1.));
#6332=DIRECTION('',(1.,0.,0.));
#6333=DIRECTION('',(1.,3.88578058618805E-16,0.));
#6334=DIRECTION('',(0.,-1.,3.43024899888577E-15));
#6335=DIRECTION('',(-1.,0.,0.));
#6336=DIRECTION('',(0.,1.,-3.43024899888577E-15));
#6337=DIRECTION('',(-1.,0.,0.));
#6338=DIRECTION('',(0.,1.,0.));
#6339=DIRECTION('',(1.,3.88578058618805E-16,0.));
#6340=DIRECTION('',(-3.88578058618805E-16,1.,0.));
#6341=DIRECTION('',(-1.,-3.88578058618805E-16,0.));
#6342=DIRECTION('',(-3.88578058618805E-16,1.,0.));
#6343=DIRECTION('',(1.,3.88578058618805E-16,0.));
#6344=DIRECTION('',(-3.88578058618805E-16,1.,0.));
#6345=DIRECTION('',(1.,3.88578058618805E-16,0.));
#6346=DIRECTION('',(-3.88578058618805E-16,1.,0.));
#6347=DIRECTION('',(1.,3.88578058618805E-16,0.));
#6348=DIRECTION('',(-3.88578058618805E-16,1.,0.));
#6349=DIRECTION('',(1.,3.88578058618805E-16,0.));
#6350=DIRECTION('',(-3.88578058618805E-16,1.,0.));
#6351=DIRECTION('',(1.38777878078144E-16,-1.,-8.32667268468867E-17));
#6352=DIRECTION('',(1.,1.38777878078144E-16,2.77555756156287E-17));
#6353=DIRECTION('',(0.,0.,-1.));
#6354=DIRECTION('',(1.,0.,0.));
#6355=DIRECTION('',(0.,0.,-1.));
#6356=DIRECTION('',(-1.,0.,0.));
#6357=DIRECTION('',(0.,0.,-1.));
#6358=DIRECTION('',(-1.,0.,0.));
#6359=DIRECTION('',(0.,0.,-1.));
#6360=DIRECTION('',(0.,4.33680868994202E-16,1.));
#6361=DIRECTION('',(0.,1.,-4.33680868994202E-16));
#6362=DIRECTION('',(0.,0.,-1.));
#6363=DIRECTION('',(0.,4.33680868994202E-16,1.));
#6364=DIRECTION('',(0.,1.,-4.33680868994202E-16));
#6365=DIRECTION('',(0.,0.,-1.));
#6366=DIRECTION('',(0.,0.,-1.));
#6367=DIRECTION('',(1.,0.,0.));
#6368=DIRECTION('',(0.,0.,-1.));
#6369=DIRECTION('',(-1.,0.,0.));
#6370=DIRECTION('',(0.,0.,-1.));
#6371=DIRECTION('',(-1.,0.,0.));
#6372=DIRECTION('',(0.,0.,1.));
#6373=DIRECTION('',(-1.,0.,0.));
#6374=DIRECTION('',(0.,0.,-1.));
#6375=DIRECTION('',(-1.,0.,0.));
#6376=DIRECTION('',(0.,0.,1.));
#6377=DIRECTION('',(-1.,0.,0.));
#6378=DIRECTION('',(0.,0.,-1.));
#6379=DIRECTION('',(-1.,0.,0.));
#6380=DIRECTION('',(0.,-4.33680868994202E-16,-1.));
#6381=DIRECTION('',(0.,1.,-4.33680868994202E-16));
#6382=DIRECTION('',(0.,-4.33680868994202E-16,-1.));
#6383=DIRECTION('',(0.,-1.,4.33680868994202E-16));
#6384=DIRECTION('',(-2.71050543121376E-16,-1.,4.33680868994202E-16));
#6385=DIRECTION('',(0.,-4.33680868994202E-16,-1.));
#6386=DIRECTION('',(0.,-1.,4.33680868994202E-16));
#6387=DIRECTION('',(-2.71050543121376E-16,-1.,4.33680868994202E-16));
#6388=DIRECTION('',(1.,0.,0.));
#6389=DIRECTION('',(0.,-1.,4.33680868994202E-16));
#6390=DIRECTION('',(0.,-1.,4.33680868994202E-16));
#6391=DIRECTION('',(0.,1.,-3.94255335449274E-16));
#6392=DIRECTION('',(0.,3.94255335449274E-16,1.));
#6393=DIRECTION('',(1.,0.,0.));
#6394=DIRECTION('',(0.,-4.33680868994202E-16,-1.));
#6395=DIRECTION('',(0.,1.,-4.33680868994202E-16));
#6396=DIRECTION('',(2.71050543121376E-16,1.,-4.33680868994202E-16));
#6397=DIRECTION('',(0.,4.33680868994202E-16,1.));
#6398=DIRECTION('',(0.,1.,-4.33680868994202E-16));
#6399=DIRECTION('',(2.71050543121376E-16,1.,-4.33680868994202E-16));
#6400=DIRECTION('',(0.,4.33680868994202E-16,1.));
#6401=DIRECTION('',(0.,1.,-4.33680868994202E-16));
#6402=DIRECTION('',(0.,-1.,4.33680868994202E-16));
#6403=DIRECTION('',(0.,-1.,4.33680868994202E-16));
#6404=DIRECTION('',(-1.,0.,0.));
#6405=DIRECTION('',(0.,1.,0.));
#6406=DIRECTION('',(1.,0.,0.));
#6407=DIRECTION('',(0.,0.,-1.));
#6408=DIRECTION('',(-1.,0.,0.));
#6409=DIRECTION('',(0.,1.,0.));
#6410=DIRECTION('',(1.,-2.71050543121376E-16,1.17549435082229E-31));
#6411=DIRECTION('',(-2.71050543121376E-16,-1.,0.));
#6412=DIRECTION('',(0.,4.33680868994202E-16,1.));
#6413=DIRECTION('',(0.,4.33680868994202E-16,1.));
#6414=DIRECTION('',(0.,4.33680868994202E-16,1.));
#6415=DIRECTION('',(0.,-1.,4.33680868994202E-16));
#6416=DIRECTION('',(0.,4.33680868994202E-16,1.));
#6417=DIRECTION('',(1.,-2.71050543121376E-16,1.17549435082229E-31));
#6418=DIRECTION('',(-2.71050543121376E-16,-1.,0.));
#6419=DIRECTION('',(0.,4.33680868994202E-16,1.));
#6420=DIRECTION('',(0.,4.33680868994202E-16,1.));
#6421=DIRECTION('',(0.,-1.,4.33680868994202E-16));
#6422=DIRECTION('',(1.,0.,0.));
#6423=DIRECTION('',(0.,0.,1.));
#6424=DIRECTION('',(1.,0.,0.));
#6425=DIRECTION('',(0.,0.,-1.));
#6426=DIRECTION('',(-1.,0.,0.));
#6427=DIRECTION('',(0.,1.,0.));
#6428=DIRECTION('',(1.,0.,0.));
#6429=DIRECTION('',(0.,0.,-1.));
#6430=DIRECTION('',(1.,0.,0.));
#6431=DIRECTION('',(0.,0.,1.));
#6432=DIRECTION('',(1.,0.,0.));
#6433=DIRECTION('',(0.,0.,-1.));
#6434=DIRECTION('',(1.,0.,0.));
#6435=DIRECTION('',(0.,0.,1.));
#6436=DIRECTION('',(1.,0.,0.));
#6437=DIRECTION('',(0.,0.,-1.));
#6438=DIRECTION('',(1.,0.,0.));
#6439=DIRECTION('',(0.,0.,-1.));
#6440=DIRECTION('',(-1.,0.,0.));
#6441=DIRECTION('',(0.,1.,0.));
#6442=DIRECTION('',(1.,0.,0.));
#6443=DIRECTION('',(0.,0.,-1.));
#6444=DIRECTION('',(-1.,0.,0.));
#6445=DIRECTION('',(0.,1.,0.));
#6446=DIRECTION('',(1.,0.,0.));
#6447=DIRECTION('',(0.,0.,1.));
#6448=DIRECTION('',(0.,0.,1.));
#6449=DIRECTION('',(-1.,0.,0.));
#6450=DIRECTION('',(0.,0.,-1.));
#6451=DIRECTION('',(1.,0.,0.));
#6452=DIRECTION('',(1.22821968199956E-18,-2.04681432654375E-19,1.));
#6453=DIRECTION('',(-0.999938742238836,-0.0110685035038382,1.22587892685712E-18));
#6454=DIRECTION('',(0.,0.,1.));
#6455=DIRECTION('',(1.,0.,0.));
#6456=DIRECTION('',(1.,0.,0.));
#6457=DIRECTION('',(0.,-1.,0.));
#6458=DIRECTION('',(-1.,0.,0.));
#6459=DIRECTION('',(0.,1.,0.));
#6460=DIRECTION('',(0.,-1.,0.));
#6461=DIRECTION('',(1.,0.,0.));
#6462=DIRECTION('',(0.,1.,0.));
#6463=DIRECTION('',(-0.707106781186546,0.,0.707106781186549));
#6464=DIRECTION('',(0.,0.,1.));
#6465=DIRECTION('',(0.,0.,1.));
#6466=DIRECTION('',(0.,1.,0.));
#6467=DIRECTION('',(0.707106781186548,0.,0.707106781186548));
#6468=DIRECTION('',(-1.,0.,0.));
#6469=DIRECTION('',(0.,1.,0.));
#6470=DIRECTION('',(1.,0.,0.));
#6471=DIRECTION('',(0.,1.,0.));
#6472=DIRECTION('',(1.,0.,0.));
#6473=DIRECTION('',(0.,1.,0.));
#6474=DIRECTION('',(1.,0.,0.));
#6475=DIRECTION('',(1.,0.,0.));
#6476=DIRECTION('',(0.,1.,0.));
#6477=DIRECTION('',(0.,1.,0.));
#6478=DIRECTION('',(0.,0.,1.));
#6479=DIRECTION('',(-1.,0.,0.));
#6480=DIRECTION('',(0.,-1.,0.));
#6481=DIRECTION('',(0.,-1.,0.));
#6482=DIRECTION('',(0.,0.,1.));
#6483=DIRECTION('',(0.,0.,1.));
#6484=DIRECTION('',(1.,0.,0.));
#6485=DIRECTION('',(0.,1.,0.));
#6486=DIRECTION('',(0.,-1.,0.));
#6487=DIRECTION('',(1.,0.,0.));
#6488=DIRECTION('',(0.,1.,0.));
#6489=DIRECTION('',(-1.,0.,0.));
#6490=DIRECTION('',(0.,-1.,0.));
#6491=DIRECTION('',(-0.707106781186546,0.,0.707106781186549));
#6492=DIRECTION('',(0.,-1.,0.));
#6493=DIRECTION('',(0.707106781186548,0.,0.707106781186548));
#6494=DIRECTION('',(0.,-1.,0.));
#6495=DIRECTION('',(1.,0.,0.));
#6496=DIRECTION('',(0.,-1.,0.));
#6497=DIRECTION('',(1.,0.,0.));
#6498=DIRECTION('',(0.,-1.,0.));
#6499=DIRECTION('',(1.,0.,0.));
#6500=DIRECTION('',(0.,-1.,3.3690166589284E-15));
#6501=DIRECTION('',(1.,0.,0.));
#6502=DIRECTION('',(0.,-1.,3.3690166589284E-15));
#6503=DIRECTION('',(1.,0.,0.));
#6504=DIRECTION('',(0.,-1.,3.3690166589284E-15));
#6505=DIRECTION('',(1.,0.,0.));
#6506=DIRECTION('',(0.,1.,0.));
#6507=DIRECTION('',(-0.707106781186546,0.,0.707106781186549));
#6508=DIRECTION('',(0.,-1.,0.));
#6509=DIRECTION('',(0.707106781186548,0.,0.707106781186548));
#6510=DIRECTION('',(1.38777878078144E-16,-1.,-8.32667268468867E-17));
#6511=DIRECTION('',(1.,1.38777878078144E-16,2.77555756156287E-17));
#6512=DIRECTION('',(0.,1.,0.));
#6513=DIRECTION('',(0.,0.,1.));
#6514=DIRECTION('',(0.,-1.,0.));
#6515=DIRECTION('',(0.,0.,-1.));
#6516=DIRECTION('',(0.,-1.,0.));
#6517=DIRECTION('',(0.,0.,-1.));
#6518=DIRECTION('',(0.,1.,0.));
#6519=DIRECTION('',(0.,0.,1.));
#6520=DIRECTION('',(0.,-1.,0.));
#6521=DIRECTION('',(1.,0.,0.));
#6522=DIRECTION('',(-0.423535065615782,0.,-0.905879709560731));
#6523=DIRECTION('',(0.572747308444571,0.,0.819731980997142));
#6524=DIRECTION('',(0.572747308444571,0.,-0.819731980997142));
#6525=DIRECTION('',(-0.423535065615782,0.,0.905879709560731));
#6526=DIRECTION('',(0.996282374060354,0.,0.0861477285635887));
#6527=DIRECTION('',(-0.996282374060354,0.,0.0861477285635892));
#6528=DIRECTION('',(0.423535065615783,0.,0.905879709560731));
#6529=DIRECTION('',(-0.572747308444571,0.,-0.819731980997142));
#6530=DIRECTION('',(-0.572747308444571,0.,0.819731980997143));
#6531=DIRECTION('',(0.423535065615782,0.,-0.905879709560731));
#6532=DIRECTION('',(-0.996282374060354,0.,-0.0861477285635884));
#6533=DIRECTION('',(0.996282374060354,0.,-0.0861477285635888));
#6534=DIRECTION('',(0.,-1.,0.));
#6535=DIRECTION('',(1.,0.,0.));
#6536=DIRECTION('',(-0.423535065615782,0.,-0.905879709560731));
#6537=DIRECTION('',(0.996282374060354,0.,-0.0861477285635888));
#6538=DIRECTION('',(-0.996282374060354,0.,-0.0861477285635884));
#6539=DIRECTION('',(0.423535065615782,0.,-0.905879709560732));
#6540=DIRECTION('',(-0.572747308444571,0.,0.819731980997143));
#6541=DIRECTION('',(-0.572747308444571,0.,-0.819731980997142));
#6542=DIRECTION('',(0.423535065615783,0.,0.905879709560731));
#6543=DIRECTION('',(-0.996282374060354,0.,0.0861477285635892));
#6544=DIRECTION('',(0.996282374060354,0.,0.0861477285635887));
#6545=DIRECTION('',(-0.423535065615782,0.,0.905879709560731));
#6546=DIRECTION('',(0.572747308444571,0.,-0.819731980997142));
#6547=DIRECTION('',(0.572747308444571,0.,0.819731980997142));
#6548=DIRECTION('',(0.0861477285635887,0.,-0.996282374060354));
#6549=DIRECTION('',(-0.996282374060354,0.,-0.0861477285635887));
#6550=DIRECTION('',(0.,-1.,0.));
#6551=DIRECTION('',(0.,-1.,0.));
#6552=DIRECTION('',(0.905879709560731,0.,0.423535065615782));
#6553=DIRECTION('',(0.423535065615782,0.,-0.905879709560731));
#6554=DIRECTION('',(0.,-1.,0.));
#6555=DIRECTION('',(0.,-1.,0.));
#6556=DIRECTION('',(0.,0.,-1.));
#6557=DIRECTION('',(0.819731980997142,0.,-0.572747308444571));
#6558=DIRECTION('',(-0.572747308444571,0.,-0.819731980997142));
#6559=DIRECTION('',(0.,-1.,0.));
#6560=DIRECTION('',(0.,-1.,0.));
#6561=DIRECTION('',(-0.819731980997142,0.,-0.572747308444571));
#6562=DIRECTION('',(-0.572747308444571,0.,0.819731980997142));
#6563=DIRECTION('',(0.,-1.,0.));
#6564=DIRECTION('',(0.,-1.,0.));
#6565=DIRECTION('',(0.,0.,-1.));
#6566=DIRECTION('',(-0.819731980997142,0.,0.572747308444571));
#6567=DIRECTION('',(0.572747308444571,0.,0.819731980997142));
#6568=DIRECTION('',(0.,-1.,0.));
#6569=DIRECTION('',(0.,-1.,0.));
#6570=DIRECTION('',(0.819731980997143,0.,0.572747308444571));
#6571=DIRECTION('',(0.572747308444571,0.,-0.819731980997143));
#6572=DIRECTION('',(0.,-1.,0.));
#6573=DIRECTION('',(0.,-1.,0.));
#6574=DIRECTION('',(0.,0.,-1.));
#6575=DIRECTION('',(0.0861477285635892,0.,0.996282374060354));
#6576=DIRECTION('',(0.996282374060354,0.,-0.0861477285635892));
#6577=DIRECTION('',(0.,-1.,0.));
#6578=DIRECTION('',(0.,-1.,0.));
#6579=DIRECTION('',(0.905879709560731,0.,-0.423535065615783));
#6580=DIRECTION('',(-0.423535065615783,0.,-0.905879709560731));
#6581=DIRECTION('',(0.,-1.,0.));
#6582=DIRECTION('',(0.,-1.,0.));
#6583=DIRECTION('',(0.,0.,-1.));
#6584=DIRECTION('',(-0.905879709560732,0.,-0.423535065615782));
#6585=DIRECTION('',(-0.423535065615782,0.,0.905879709560732));
#6586=DIRECTION('',(0.,-1.,0.));
#6587=DIRECTION('',(0.,-1.,0.));
#6588=DIRECTION('',(-0.0861477285635884,0.,0.996282374060354));
#6589=DIRECTION('',(0.996282374060354,0.,0.0861477285635884));
#6590=DIRECTION('',(0.,-1.,0.));
#6591=DIRECTION('',(0.,-1.,0.));
#6592=DIRECTION('',(0.,0.,-1.));
#6593=DIRECTION('',(-0.905879709560731,0.,0.423535065615782));
#6594=DIRECTION('',(0.423535065615782,0.,0.905879709560731));
#6595=DIRECTION('',(0.,-1.,0.));
#6596=DIRECTION('',(0.,-1.,0.));
#6597=DIRECTION('',(-0.0861477285635888,0.,-0.996282374060354));
#6598=DIRECTION('',(-0.996282374060354,0.,0.0861477285635888));
#6599=DIRECTION('',(0.,-1.,0.));
#6600=DIRECTION('',(0.,-1.,0.));
#6601=DIRECTION('',(0.,0.,-1.));
#6602=DIRECTION('',(3.87045959803387E-18,-2.38907055011561E-16,1.));
#6603=DIRECTION('',(-0.0110685035038381,0.999938742238836,2.38935260295867E-16));
#6604=DIRECTION('',(1.,3.88578058618805E-16,0.));
#6605=DIRECTION('',(-3.88578058618805E-16,1.,0.));
#6606=DIRECTION('',(1.,3.88578058618805E-16,0.));
#6607=DIRECTION('',(-3.88578058618805E-16,1.,0.));
#6608=DIRECTION('',(1.,3.88578058618805E-16,0.));
#6609=DIRECTION('',(-3.88578058618805E-16,1.,0.));
#6610=DIRECTION('',(-1.,-3.88578058618805E-16,0.));
#6611=DIRECTION('',(-3.88578058618805E-16,1.,0.));
#6612=DIRECTION('',(-1.,-3.88578058618805E-16,0.));
#6613=DIRECTION('',(-3.88578058618805E-16,1.,0.));
#6614=DIRECTION('',(1.,3.88578058618805E-16,0.));
#6615=DIRECTION('',(-3.88578058618805E-16,1.,0.));
#6616=DIRECTION('',(1.,3.88578058618805E-16,0.));
#6617=DIRECTION('',(-3.88578058618805E-16,1.,0.));
#6618=DIRECTION('',(1.,3.88578058618805E-16,0.));
#6619=DIRECTION('',(-3.88578058618805E-16,1.,0.));
#6620=DIRECTION('',(1.,3.88578058618805E-16,0.));
#6621=DIRECTION('',(-3.88578058618805E-16,1.,0.));
#6622=DIRECTION('',(-1.,-3.88578058618805E-16,0.));
#6623=DIRECTION('',(-3.88578058618805E-16,1.,0.));
#6624=DIRECTION('',(-1.,-3.88578058618805E-16,0.));
#6625=DIRECTION('',(-3.88578058618805E-16,1.,0.));
#6626=DIRECTION('',(1.,3.88578058618805E-16,0.));
#6627=DIRECTION('',(-3.88578058618805E-16,1.,0.));
#6628=DIRECTION('',(-1.,-3.88578058618805E-16,0.));
#6629=DIRECTION('',(-3.88578058618805E-16,1.,0.));
#6630=DIRECTION('',(1.,3.88578058618805E-16,0.));
#6631=DIRECTION('',(-3.88578058618805E-16,1.,0.));
#6632=DIRECTION('',(1.,3.88578058618805E-16,0.));
#6633=DIRECTION('',(-3.88578058618805E-16,1.,0.));
#6634=DIRECTION('',(1.,3.88578058618805E-16,0.));
#6635=DIRECTION('',(-3.88578058618805E-16,1.,0.));
#6636=DIRECTION('',(1.,3.88578058618805E-16,0.));
#6637=DIRECTION('',(-3.88578058618805E-16,1.,0.));
#6638=DIRECTION('',(1.38777878078144E-16,-1.,-8.32667268468867E-17));
#6639=DIRECTION('',(1.,1.38777878078144E-16,2.77555756156287E-17));
#6640=DIRECTION('',(-7.07538144722891E-18,5.08499499798265E-16,1.));
#6641=DIRECTION('',(-0.0110685035039446,0.999938742238835,-5.08546664141695E-16));
#6642=DIRECTION('',(0.,-1.,0.));
#6643=DIRECTION('',(1.,0.,0.));
#6644=DIRECTION('',(-5.60519385729927E-47,0.,-1.));
#6645=DIRECTION('',(1.,0.,0.));
#6646=DIRECTION('',(0.,0.,1.));
#6647=DIRECTION('',(-1.,0.,0.));
#6648=DIRECTION('',(1.,0.,0.));
#6649=DIRECTION('',(0.,1.,0.));
#6650=DIRECTION('',(0.,-1.,0.));
#6651=DIRECTION('',(0.,1.,0.));
#6652=DIRECTION('',(0.,0.,1.));
#6653=DIRECTION('',(0.,1.,0.));
#6654=DIRECTION('',(-1.,0.,0.));
#6655=DIRECTION('',(0.,0.,1.));
#6656=DIRECTION('',(1.,0.,0.));
#6657=DIRECTION('',(-1.,0.,0.));
#6658=DIRECTION('',(-1.,0.,0.));
#6659=DIRECTION('',(0.,-1.,0.));
#6660=DIRECTION('',(0.,1.,0.));
#6661=DIRECTION('',(0.,0.,1.));
#6662=DIRECTION('',(0.,-1.,0.));
#6663=DIRECTION('',(0.,0.,1.));
#6664=DIRECTION('',(0.,-1.,0.));
#6665=DIRECTION('',(1.,0.,0.));
#6666=DIRECTION('',(5.60519385729927E-47,0.,1.));
#6667=DIRECTION('',(-1.,0.,0.));
#6668=DIRECTION('',(1.,0.,0.));
#6669=DIRECTION('',(0.,0.,1.));
#6670=DIRECTION('',(1.,0.,0.));
#6671=DIRECTION('',(1.22464679914735E-16,1.,0.));
#6672=DIRECTION('',(1.22464679914735E-16,1.,0.));
#6673=DIRECTION('',(-1.,0.,0.));
#6674=DIRECTION('',(-1.22464679914735E-16,-1.,0.));
#6675=DIRECTION('',(-1.,0.,0.));
#6676=DIRECTION('',(-1.22464679914735E-16,-1.,0.));
#6677=DIRECTION('',(1.,-1.22464679914735E-16,0.));
#6678=DIRECTION('',(0.,0.,1.));
#6679=DIRECTION('',(1.,0.,0.));
#6680=DIRECTION('',(0.,0.,1.));
#6681=DIRECTION('',(1.,0.,0.));
#6682=DIRECTION('',(0.,0.,1.));
#6683=DIRECTION('',(-1.,0.,0.));
#6684=DIRECTION('',(0.,0.,1.));
#6685=DIRECTION('',(-1.,0.,0.));
#6686=DIRECTION('',(-1.,1.22464679914735E-16,5.60519385729927E-47));
#6687=DIRECTION('',(1.22464679914735E-16,1.,3.43024899888577E-15));
#6688=DIRECTION('',(-1.22464679914735E-16,-1.,0.));
#6689=DIRECTION('',(-4.20084345676386E-31,-3.43024899888577E-15,-1.));
#6690=DIRECTION('',(1.,-1.22464679914735E-16,-5.60519385729927E-47));
#6691=DIRECTION('',(-1.22464679914735E-16,-1.,-3.43024899888577E-15));
#6692=DIRECTION('',(-4.20084345676386E-31,-3.43024899888577E-15,-1.));
#6693=DIRECTION('',(1.22464679914735E-16,1.,0.));
#6694=DIRECTION('',(0.,1.,-3.43024899888577E-15));
#6695=DIRECTION('',(1.,0.,0.));
#6696=DIRECTION('',(1.,0.,0.));
#6697=DIRECTION('',(0.,1.,0.));
#6698=DIRECTION('',(-1.,0.,0.));
#6699=DIRECTION('',(0.,0.,-1.));
#6700=DIRECTION('',(1.,0.,0.));
#6701=DIRECTION('',(0.,0.,1.));
#6702=DIRECTION('',(1.,0.,0.));
#6703=DIRECTION('',(-1.22464679914735E-16,-1.,0.));
#6704=DIRECTION('',(-1.,1.22464679914735E-16,0.));
#6705=DIRECTION('',(1.22464679914735E-16,1.,0.));
#6706=DIRECTION('',(0.,0.,-1.));
#6707=DIRECTION('',(1.,0.,0.));
#6708=DIRECTION('',(0.,0.,-1.));
#6709=DIRECTION('',(1.,0.,0.));
#6710=DIRECTION('',(0.,0.,-1.));
#6711=DIRECTION('',(-1.,0.,0.));
#6712=DIRECTION('',(0.,0.,-1.));
#6713=DIRECTION('',(-1.,0.,0.));
#6714=DIRECTION('',(1.22464679914735E-16,1.,3.43024899888577E-15));
#6715=DIRECTION('',(1.,-1.22464679914735E-16,0.));
#6716=DIRECTION('',(4.20084345676387E-31,3.43024899888577E-15,-1.));
#6717=DIRECTION('',(4.20084345676387E-31,3.43024899888577E-15,-1.));
#6718=DIRECTION('',(-1.,1.22464679914735E-16,5.60519385729927E-47));
#6719=DIRECTION('',(1.22464679914735E-16,1.,3.43024899888577E-15));
#6720=DIRECTION('',(1.,-1.22464679914735E-16,-5.60519385729927E-47));
#6721=DIRECTION('',(-1.22464679914735E-16,-1.,-3.43024899888577E-15));
#6722=DIRECTION('',(0.,3.43024899888577E-15,1.));
#6723=DIRECTION('',(-1.,0.,0.));
#6724=DIRECTION('',(0.,3.43024899888577E-15,1.));
#6725=DIRECTION('',(-1.,0.,0.));
#6726=DIRECTION('',(0.,-3.43024899888577E-15,-1.));
#6727=DIRECTION('',(1.,0.,0.));
#6728=DIRECTION('',(0.,-3.43024899888577E-15,-1.));
#6729=DIRECTION('',(1.,0.,0.));
#6730=DIRECTION('',(1.38777878078144E-16,-1.,-8.32667268468867E-17));
#6731=DIRECTION('',(1.,1.38777878078144E-16,2.77555756156287E-17));
#6732=DIRECTION('',(0.,1.,0.));
#6733=DIRECTION('',(0.,0.,1.));
#6734=DIRECTION('',(0.,-1.,0.));
#6735=DIRECTION('',(0.,0.,-1.));
#6736=DIRECTION('',(0.,1.,0.));
#6737=DIRECTION('',(0.,-1.,0.));
#6738=DIRECTION('',(0.,0.,-1.));
#6739=DIRECTION('',(0.,1.,0.));
#6740=DIRECTION('',(0.,0.,1.));
#6741=DIRECTION('',(1.,0.,0.));
#6742=DIRECTION('',(1.,0.,0.));
#6743=DIRECTION('',(0.,1.,0.));
#6744=DIRECTION('',(1.,0.,0.));
#6745=DIRECTION('',(0.,1.,0.));
#6746=DIRECTION('',(0.,0.,1.));
#6747=DIRECTION('',(0.,1.,0.));
#6748=DIRECTION('',(0.,0.,-1.));
#6749=DIRECTION('',(0.,1.,0.));
#6750=DIRECTION('',(0.,1.,0.));
#6751=DIRECTION('',(0.,0.,-1.));
#6752=DIRECTION('',(0.,0.,1.));
#6753=DIRECTION('',(1.,0.,0.));
#6754=DIRECTION('',(1.,0.,0.));
#6755=DIRECTION('',(1.,0.,0.));
#6756=DIRECTION('',(0.,-1.,0.));
#6757=DIRECTION('',(1.,0.,0.));
#6758=DIRECTION('',(0.,-1.,0.));
#6759=DIRECTION('',(0.,0.,-1.));
#6760=DIRECTION('',(0.,-1.,0.));
#6761=DIRECTION('',(1.,0.,0.));
#6762=DIRECTION('',(0.,1.,0.));
#6763=DIRECTION('',(0.,0.,1.));
#6764=DIRECTION('',(0.,1.,0.));
#6765=DIRECTION('',(0.,0.,1.));
#6766=DIRECTION('',(0.,-1.,0.));
#6767=DIRECTION('',(0.,0.,-1.));
#6768=DIRECTION('',(0.,-1.,0.));
#6769=DIRECTION('',(1.,0.,0.));
#6770=DIRECTION('',(0.,-1.,0.));
#6771=DIRECTION('',(0.,0.,-1.));
#6772=DIRECTION('',(0.,1.,0.));
#6773=DIRECTION('',(0.,0.,1.));
#6774=DIRECTION('',(0.,-1.,0.));
#6775=DIRECTION('',(0.,0.,-1.));
#6776=DIRECTION('',(0.,-1.,0.));
#6777=DIRECTION('',(1.,0.,0.));
#6778=DIRECTION('',(0.,-1.,0.));
#6779=DIRECTION('',(0.,0.,-1.));
#6780=DIRECTION('',(0.,1.,0.));
#6781=DIRECTION('',(0.,0.,1.));
#6782=DIRECTION('',(0.,1.,0.));
#6783=DIRECTION('',(-1.,0.,0.));
#6784=DIRECTION('',(0.,1.,0.));
#6785=DIRECTION('',(0.,0.,1.));
#6786=DIRECTION('',(0.,-1.,0.));
#6787=DIRECTION('',(0.,0.,-1.));
#6788=DIRECTION('',(0.,1.,0.));
#6789=DIRECTION('',(0.,0.,1.));
#6790=DIRECTION('',(0.,1.,0.));
#6791=DIRECTION('',(-1.,0.,0.));
#6792=DIRECTION('',(0.,0.,1.));
#6793=DIRECTION('',(-1.38777878078144E-16,1.,0.));
#6794=CARTESIAN_POINT('',(0.,0.,0.));
#6795=CARTESIAN_POINT('',(0.,9.95025524307225E-20,0.005));
#6796=CARTESIAN_POINT('',(0.,9.95025524307225E-20,0.005));
#6797=CARTESIAN_POINT('',(0.001625,9.95025524307225E-20,0.005));
#6798=CARTESIAN_POINT('',(0.,9.95025524307225E-20,0.));
#6799=CARTESIAN_POINT('',(0.001625,9.95025524307225E-20,0.));
#6800=CARTESIAN_POINT('',(0.001425,-0.000781024967590666,0.005));
#6801=CARTESIAN_POINT('',(0.001425,-0.000781024967590666,0.0031));
#6802=CARTESIAN_POINT('',(0.001425,-0.000781024967590666,0.0030150076352911));
#6803=CARTESIAN_POINT('',(0.00142499999999999,-0.000781024967590809,0.000984992364708662));
#6804=CARTESIAN_POINT('',(0.00152456342246383,-0.00059936896055096,0.000845212256581445));
#6805=CARTESIAN_POINT('',(0.0016813649559939,-0.000135430190899057,0.000648540843046562));
#6806=CARTESIAN_POINT('',(0.00155053370247433,0.000636730941708128,0.000813335872136695));
#6807=CARTESIAN_POINT('',(0.00119993232970494,0.00113163517768157,0.00127939902782989));
#6808=CARTESIAN_POINT('',(0.00090037909316852,0.00135521658702583,0.0019999195723124));
#6809=CARTESIAN_POINT('',(0.00119970475497019,0.00113181088207355,0.00272002401152889));
#6810=CARTESIAN_POINT('',(0.00154884584405015,0.000638916947536771,0.00318450147382509));
#6811=CARTESIAN_POINT('',(0.00168224223892225,-0.000128746685657626,0.00335255631147716));
#6812=CARTESIAN_POINT('',(0.00152496397035999,-0.000598638150684693,0.00315535008475676));
#6813=CARTESIAN_POINT('',(0.00142499999999999,-0.000781024967590726,0.0030150076352912));
#6814=CARTESIAN_POINT('',(0.001425,-0.000781024967590666,0.000984992364708903));
#6815=CARTESIAN_POINT('',(0.001425,-0.000781024967590666,0.005));
#6816=CARTESIAN_POINT('',(0.001425,-0.000781024967590666,0.0009));
#6817=CARTESIAN_POINT('',(0.,9.95025524307225E-20,0.0009));
#6818=CARTESIAN_POINT('',(-0.001425,-0.000781024967590666,0.0009));
#6819=CARTESIAN_POINT('',(-0.001425,-0.000781024967590666,0.005));
#6820=CARTESIAN_POINT('',(-0.001425,-0.000781024967590666,0.0031));
#6821=CARTESIAN_POINT('',(0.,9.95025524307225E-20,0.0031));
#6822=CARTESIAN_POINT('',(0.,5.05166804648283E-20,0.005));
#6823=CARTESIAN_POINT('',(0.,5.05166804648283E-20,0.0005));
#6824=CARTESIAN_POINT('',(0.000825,5.05166804648283E-20,0.0005));
#6825=CARTESIAN_POINT('',(0.,5.05166804648283E-20,0.0045));
#6826=CARTESIAN_POINT('',(0.000825,5.05166804648283E-20,0.0045));
#6827=CARTESIAN_POINT('',(0.,0.,0.005));
#6828=CARTESIAN_POINT('',(0.,5.05166804648283E-20,0.005));
#6829=CARTESIAN_POINT('',(0.001325,5.05166804648283E-20,0.005));
#6830=CARTESIAN_POINT('',(0.,0.,0.));
#6831=CARTESIAN_POINT('',(0.,5.05166804648283E-20,0.));
#6832=CARTESIAN_POINT('',(0.001325,5.05166804648283E-20,0.));
#6833=CARTESIAN_POINT('',(0.001425,-0.0044,0.0031));
#6834=CARTESIAN_POINT('',(0.,-0.00565,0.0031));
#6835=CARTESIAN_POINT('',(-0.00075,-0.00565,0.0031));
#6836=CARTESIAN_POINT('',(0.00075,-0.00565,0.0031));
#6837=CARTESIAN_POINT('',(-0.00075,-0.00465,0.0031));
#6838=CARTESIAN_POINT('',(-0.00075,-0.00365,0.0031));
#6839=CARTESIAN_POINT('',(1.0842021724855E-19,-0.00365,0.0031));
#6840=CARTESIAN_POINT('',(0.00075,-0.00365,0.0031));
#6841=CARTESIAN_POINT('',(0.00075,-0.00465,0.0031));
#6842=CARTESIAN_POINT('',(0.001425,-0.0074,0.0031));
#6843=CARTESIAN_POINT('',(0.000425,-0.0074,0.0031));
#6844=CARTESIAN_POINT('',(-0.000425,-0.0074,0.0031));
#6845=CARTESIAN_POINT('',(0.000425,-0.0074,0.0031));
#6846=CARTESIAN_POINT('',(0.00055821434032856,-0.0074,0.0031));
#6847=CARTESIAN_POINT('',(0.000805676147191299,-0.00735240218392327,0.0031));
#6848=CARTESIAN_POINT('',(0.00114164942940896,-0.00711668395669531,0.0031));
#6849=CARTESIAN_POINT('',(0.0013773597036301,-0.00678122839100246,0.0031));
#6850=CARTESIAN_POINT('',(0.001425,-0.00653345222997029,0.0031));
#6851=CARTESIAN_POINT('',(0.001425,-0.0064,0.0031));
#6852=CARTESIAN_POINT('',(0.001425,-0.0064,0.0031));
#6853=CARTESIAN_POINT('',(0.001425,-0.0044,0.0031));
#6854=CARTESIAN_POINT('',(-0.001425,-0.0044,0.0031));
#6855=CARTESIAN_POINT('',(-0.001425,-0.0064,0.0031));
#6856=CARTESIAN_POINT('',(-0.001425,-0.0064,0.0031));
#6857=CARTESIAN_POINT('',(-0.001425,-0.0065332143403287,0.0031));
#6858=CARTESIAN_POINT('',(-0.00137740218392324,-0.00678067614719163,0.0031));
#6859=CARTESIAN_POINT('',(-0.0011416839566954,-0.00711664942940887,0.0031));
#6860=CARTESIAN_POINT('',(-0.000806228391002134,-0.00735235970363013,0.0031));
#6861=CARTESIAN_POINT('',(-0.00055845222997015,-0.0074,0.0031));
#6862=CARTESIAN_POINT('',(-0.000425,-0.0074,0.0031));
#6863=CARTESIAN_POINT('',(0.001425,-0.0074,0.002));
#6864=CARTESIAN_POINT('',(0.001425,-0.0074,0.0009));
#6865=CARTESIAN_POINT('',(0.000425,-0.0074,0.0009));
#6866=CARTESIAN_POINT('',(-0.000425,-0.0074,0.0009));
#6867=CARTESIAN_POINT('',(0.000425,-0.0074,0.0009));
#6868=CARTESIAN_POINT('',(0.000425,-0.0074,0.00163333333333333));
#6869=CARTESIAN_POINT('',(0.000425,-0.0074,0.00236666666666667));
#6870=CARTESIAN_POINT('',(0.000425,-0.0074,0.0031));
#6871=CARTESIAN_POINT('',(-0.000425,-0.0074,0.0031));
#6872=CARTESIAN_POINT('',(-0.000425,-0.0074,0.00236666666666667));
#6873=CARTESIAN_POINT('',(-0.000425,-0.0074,0.00163333333333333));
#6874=CARTESIAN_POINT('',(-0.000425,-0.0074,0.0009));
#6875=CARTESIAN_POINT('',(0.001425,-0.0044,0.0009));
#6876=CARTESIAN_POINT('',(-0.00075,-0.0044,0.0009));
#6877=CARTESIAN_POINT('',(-0.00075,-0.00565,0.0009));
#6878=CARTESIAN_POINT('',(-0.00075,-0.00365,0.0009));
#6879=CARTESIAN_POINT('',(0.,-0.00565,0.0009));
#6880=CARTESIAN_POINT('',(0.00075,-0.00565,0.0009));
#6881=CARTESIAN_POINT('',(0.00075,-0.0044,0.0009));
#6882=CARTESIAN_POINT('',(0.00075,-0.00365,0.0009));
#6883=CARTESIAN_POINT('',(1.0842021724855E-19,-0.00365,0.0009));
#6884=CARTESIAN_POINT('',(0.001425,-0.0044,0.0009));
#6885=CARTESIAN_POINT('',(0.001425,-0.0064,0.0009));
#6886=CARTESIAN_POINT('',(0.001425,-0.0064,0.000900000000000001));
#6887=CARTESIAN_POINT('',(0.001425,-0.00653321434032901,0.000900000000000001));
#6888=CARTESIAN_POINT('',(0.00137740218392319,-0.00678067614719235,0.000900000000000001));
#6889=CARTESIAN_POINT('',(0.00114168395669559,-0.00711664942940868,0.000900000000000001));
#6890=CARTESIAN_POINT('',(0.000806228391001414,-0.00735235970363018,0.000900000000000001));
#6891=CARTESIAN_POINT('',(0.00055845222996984,-0.0074,0.000900000000000001));
#6892=CARTESIAN_POINT('',(0.000425,-0.0074,0.000900000000000001));
#6893=CARTESIAN_POINT('',(-0.000425,-0.0074,0.000900000000000001));
#6894=CARTESIAN_POINT('',(-0.000558214340328982,-0.0074,0.000900000000000001));
#6895=CARTESIAN_POINT('',(-0.000805676147192279,-0.00735240218392319,0.000900000000000001));
#6896=CARTESIAN_POINT('',(-0.00114164942940869,-0.00711668395669557,0.000900000000000001));
#6897=CARTESIAN_POINT('',(-0.00137735970363018,-0.00678122839100148,0.000900000000000001));
#6898=CARTESIAN_POINT('',(-0.001425,-0.00653345222996987,0.000900000000000001));
#6899=CARTESIAN_POINT('',(-0.001425,-0.0064,0.000900000000000001));
#6900=CARTESIAN_POINT('',(-0.001425,-0.0064,0.0009));
#6901=CARTESIAN_POINT('',(-0.001425,-0.0044,0.0009));
#6902=CARTESIAN_POINT('',(0.001425,-0.0037,0.0025));
#6903=CARTESIAN_POINT('',(0.001425,-0.0064,0.0031));
#6904=CARTESIAN_POINT('',(0.001425,-0.0064,0.00236666666666667));
#6905=CARTESIAN_POINT('',(0.001425,-0.0064,0.00163333333333333));
#6906=CARTESIAN_POINT('',(0.001425,-0.0064,0.0009));
#6907=CARTESIAN_POINT('',(0.001425,0.,0.002));
#6908=CARTESIAN_POINT('',(-0.001425,-0.0037,0.0025));
#6909=CARTESIAN_POINT('',(-0.001425,-0.0064,0.0009));
#6910=CARTESIAN_POINT('',(-0.001425,-0.0064,0.00163333333333333));
#6911=CARTESIAN_POINT('',(-0.001425,-0.0064,0.00236666666666667));
#6912=CARTESIAN_POINT('',(-0.001425,-0.0064,0.0031));
#6913=CARTESIAN_POINT('',(-0.00075,-0.00465,-0.00772726051271763));
#6914=CARTESIAN_POINT('',(-0.00075,-0.00365,-0.00772726051271763));
#6915=CARTESIAN_POINT('',(-0.00075,-0.00565,-0.00772726051271763));
#6916=CARTESIAN_POINT('',(0.,-0.00565,-0.00772726051271763));
#6917=CARTESIAN_POINT('',(0.00075,-0.00565,-0.00772726051271763));
#6918=CARTESIAN_POINT('',(0.00075,-0.00465,-0.00772726051271763));
#6919=CARTESIAN_POINT('',(0.00075,-0.00365,-0.00772726051271763));
#6920=CARTESIAN_POINT('',(1.0842021724855E-19,-0.00365,-0.00772726051271763));
#6921=CARTESIAN_POINT('',(0.0029,0.,0.002));
#6922=CARTESIAN_POINT('',(0.0029,0.,0.002));
#6923=CARTESIAN_POINT('',(0.0029,0.,0.000719281256598772));
#6924=CARTESIAN_POINT('',(0.0029,0.,0.002));
#6925=CARTESIAN_POINT('',(0.0029,0.,0.002));
#6926=CARTESIAN_POINT('',(0.0029,0.,0.00105));
#6927=CARTESIAN_POINT('',(0.0081,0.,0.002));
#6928=CARTESIAN_POINT('',(0.0081,0.,0.002));
#6929=CARTESIAN_POINT('',(0.0081,0.,0.00105));
#6930=CARTESIAN_POINT('',(0.0088,0.,0.002));
#6931=CARTESIAN_POINT('',(0.0082,0.,0.002));
#6932=CARTESIAN_POINT('',(0.0082,0.,0.00085));
#6933=CARTESIAN_POINT('',(0.0081,0.,0.002));
#6934=CARTESIAN_POINT('',(0.0081,0.,0.00085));
#6935=CARTESIAN_POINT('',(0.0088,0.,0.002));
#6936=CARTESIAN_POINT('',(0.0088,0.,0.002));
#6937=CARTESIAN_POINT('',(0.0088,0.,0.00119641016151378));
#6938=CARTESIAN_POINT('',(0.0081,0.,0.002));
#6939=CARTESIAN_POINT('',(0.0088,0.,0.002));
#6940=CARTESIAN_POINT('',(0.,5.05166804648283E-20,0.0045));
#6941=CARTESIAN_POINT('',(0.,5.05166804648283E-20,0.));
#6942=CARTESIAN_POINT('',(0.000425,-0.0074,0.000899999999999999));
#6943=CARTESIAN_POINT('',(0.000425,-0.0074,0.0031));
#6944=CARTESIAN_POINT('',(0.000647222222222223,-0.0074,0.0009));
#6945=CARTESIAN_POINT('',(0.000647222222222223,-0.0074,0.0031));
#6946=CARTESIAN_POINT('',(0.00121388888888889,-0.00718888888888889,0.000900000000000004));
#6947=CARTESIAN_POINT('',(0.0012138888888889,-0.00718888888888889,0.00310000000000001));
#6948=CARTESIAN_POINT('',(0.001425,-0.00662222222222223,0.000900000000000002));
#6949=CARTESIAN_POINT('',(0.001425,-0.00662222222222223,0.0031));
#6950=CARTESIAN_POINT('',(0.001425,-0.0064,0.0009));
#6951=CARTESIAN_POINT('',(0.001425,-0.0064,0.0031));
#6952=CARTESIAN_POINT('',(-0.000425,-0.0074,0.0031));
#6953=CARTESIAN_POINT('',(-0.000425,-0.0074,0.000899999999999999));
#6954=CARTESIAN_POINT('',(-0.000647222222222223,-0.0074,0.0031));
#6955=CARTESIAN_POINT('',(-0.000647222222222223,-0.0074,0.0009));
#6956=CARTESIAN_POINT('',(-0.0012138888888889,-0.00718888888888889,0.00310000000000001));
#6957=CARTESIAN_POINT('',(-0.0012138888888889,-0.00718888888888889,0.000900000000000005));
#6958=CARTESIAN_POINT('',(-0.001425,-0.00662222222222223,0.00310000000000001));
#6959=CARTESIAN_POINT('',(-0.001425,-0.00662222222222223,0.000900000000000003));
#6960=CARTESIAN_POINT('',(-0.001425,-0.0064,0.0031));
#6961=CARTESIAN_POINT('',(-0.001425,-0.0064,0.000899999999999999));
#6962=CARTESIAN_POINT('',(-0.00210001402162017,0.00129251516831573,0.00530094888806343));
#6963=CARTESIAN_POINT('',(-0.0236157818820295,-0.0156539109704938,0.00158));
#6964=CARTESIAN_POINT('',(-0.025,-0.0166746621132584,0.00158));
#6965=CARTESIAN_POINT('',(-0.025,-0.0166746621132584,0.00158));
#6966=CARTESIAN_POINT('',(-0.0222315637640589,-0.0166746621132584,0.00158));
#6967=CARTESIAN_POINT('',(-0.025,-0.0146331598277293,0.00158));
#6968=CARTESIAN_POINT('',(-0.025,-0.0146331598277293,0.00158));
#6969=CARTESIAN_POINT('',(-0.0222315637640589,-0.0146331598277293,0.00158));
#6970=CARTESIAN_POINT('',(-0.0222315637640589,-0.0146331598277293,0.00158));
#6971=CARTESIAN_POINT('',(-0.0222315637640589,-0.0166746621132584,0.00158));
#6972=CARTESIAN_POINT('',(-0.0236157818820295,-0.0156539109704938,0.00276679060143958));
#6973=CARTESIAN_POINT('',(-0.025,-0.0146331598277293,0.00276679060143958));
#6974=CARTESIAN_POINT('',(-0.025,-0.0166746621132584,0.00276679060143958));
#6975=CARTESIAN_POINT('',(-0.025,-0.0146331598277293,0.00276679060143958));
#6976=CARTESIAN_POINT('',(-0.025,-0.0166746621132584,0.00276679060143958));
#6977=CARTESIAN_POINT('',(-0.0222315637640589,-0.0166746621132584,0.00276679060143958));
#6978=CARTESIAN_POINT('',(-0.0222315637640589,-0.0166746621132584,0.00276679060143958));
#6979=CARTESIAN_POINT('',(-0.0222315637640589,-0.0146331598277293,0.00276679060143958));
#6980=CARTESIAN_POINT('',(-0.0222315637640589,-0.0146331598277293,0.00276679060143958));
#6981=CARTESIAN_POINT('',(-0.0236157818820295,-0.0166746621132584,0.00158));
#6982=CARTESIAN_POINT('',(-0.025,-0.0166746621132584,0.00158));
#6983=CARTESIAN_POINT('',(-0.0222315637640589,-0.0166746621132584,0.00158));
#6984=CARTESIAN_POINT('',(-0.0222315637640589,-0.0156539109704938,0.00158));
#6985=CARTESIAN_POINT('',(-0.0222315637640589,-0.0146331598277293,0.00158));
#6986=CARTESIAN_POINT('',(-0.0236157818820295,-0.0146331598277293,0.00158));
#6987=CARTESIAN_POINT('',(-0.025,-0.0146331598277293,0.00158));
#6988=CARTESIAN_POINT('',(-0.025,-0.0156539109704938,0.00158));
#6989=CARTESIAN_POINT('',(0.0209974859783798,0.0165331895099903,0.0243988183427272));
#6990=CARTESIAN_POINT('',(0.,0.,0.0015));
#6991=CARTESIAN_POINT('',(0.,-0.0015,0.0015));
#6992=CARTESIAN_POINT('',(-0.003,-0.0015,0.0015));
#6993=CARTESIAN_POINT('',(-0.008,-0.0015,0.0015));
#6994=CARTESIAN_POINT('',(-0.003,0.,0.0015));
#6995=CARTESIAN_POINT('',(-0.003,0.0015,0.0015));
#6996=CARTESIAN_POINT('',(0.,0.0015,0.0015));
#6997=CARTESIAN_POINT('',(-0.008,0.0015,0.0015));
#6998=CARTESIAN_POINT('',(-0.00475,0.00475,0.0015));
#6999=CARTESIAN_POINT('',(-0.009,0.0005,0.0015));
#7000=CARTESIAN_POINT('',(-0.009,0.,0.0015));
#7001=CARTESIAN_POINT('',(-0.009,-0.0005,0.0015));
#7002=CARTESIAN_POINT('',(-0.00475,-0.00475,0.0015));
#7003=CARTESIAN_POINT('',(0.,0.,0.));
#7004=CARTESIAN_POINT('',(0.,4.28626379701573E-20,0.));
#7005=CARTESIAN_POINT('',(0.0007,4.28626379701573E-20,0.));
#7006=CARTESIAN_POINT('',(0.0075,3.96941465019781E-19,0.));
#7007=CARTESIAN_POINT('',(0.0069,3.96941465019781E-19,0.));
#7008=CARTESIAN_POINT('',(0.,-0.0015,0.));
#7009=CARTESIAN_POINT('',(0.008,-0.0015,0.));
#7010=CARTESIAN_POINT('',(-0.008,-0.0015,0.));
#7011=CARTESIAN_POINT('',(-0.008,-0.0015,0.));
#7012=CARTESIAN_POINT('',(-0.009,-0.0005,0.));
#7013=CARTESIAN_POINT('',(-0.009,0.,0.));
#7014=CARTESIAN_POINT('',(-0.009,0.0005,0.));
#7015=CARTESIAN_POINT('',(-0.009,0.0005,0.));
#7016=CARTESIAN_POINT('',(-0.008,0.0015,0.));
#7017=CARTESIAN_POINT('',(0.,0.0015,0.));
#7018=CARTESIAN_POINT('',(0.008,0.0015,0.));
#7019=CARTESIAN_POINT('',(0.008,0.0015,0.));
#7020=CARTESIAN_POINT('',(0.009,0.0005,0.));
#7021=CARTESIAN_POINT('',(0.009,-1.0842021724855E-19,0.));
#7022=CARTESIAN_POINT('',(0.009,-0.0005,0.));
#7023=CARTESIAN_POINT('',(0.009,-0.0005,0.));
#7024=CARTESIAN_POINT('',(-0.0075,3.96941465019781E-19,0.));
#7025=CARTESIAN_POINT('',(-0.0081,3.96941465019781E-19,0.));
#7026=CARTESIAN_POINT('',(0.009,-1.0842021724855E-19,0.0015));
#7027=CARTESIAN_POINT('',(0.009,-1.0842021724855E-19,0.0015));
#7028=CARTESIAN_POINT('',(0.009,0.0005,0.0015));
#7029=CARTESIAN_POINT('',(0.009,-0.0005,0.0015));
#7030=CARTESIAN_POINT('',(0.009,-0.0005,0.0015));
#7031=CARTESIAN_POINT('',(0.009,0.0005,0.0015));
#7032=CARTESIAN_POINT('',(0.,0.0015,0.0015));
#7033=CARTESIAN_POINT('',(-0.003,0.0015,0.0015));
#7034=CARTESIAN_POINT('',(-0.0015,0.0015,0.0057));
#7035=CARTESIAN_POINT('',(0.,0.0015,0.0057));
#7036=CARTESIAN_POINT('',(0.0015,0.0015,0.0057));
#7037=CARTESIAN_POINT('',(0.0015,0.0015,0.0057));
#7038=CARTESIAN_POINT('',(0.003,0.0015,0.0015));
#7039=CARTESIAN_POINT('',(0.,0.0015,0.0015));
#7040=CARTESIAN_POINT('',(0.008,0.0015,0.0015));
#7041=CARTESIAN_POINT('',(0.008,0.0015,0.));
#7042=CARTESIAN_POINT('',(-0.008,0.0015,0.0015));
#7043=CARTESIAN_POINT('',(-0.009,0.,0.0015));
#7044=CARTESIAN_POINT('',(-0.009,-0.0005,0.0015));
#7045=CARTESIAN_POINT('',(-0.009,0.0005,0.0015));
#7046=CARTESIAN_POINT('',(0.,-0.0015,0.0015));
#7047=CARTESIAN_POINT('',(0.,-0.0015,0.0057));
#7048=CARTESIAN_POINT('',(0.0015,-0.0015,0.0057));
#7049=CARTESIAN_POINT('',(-0.0015,-0.0015,0.0057));
#7050=CARTESIAN_POINT('',(-0.0026606334841629,-0.0015,0.00245022624434389));
#7051=CARTESIAN_POINT('',(-0.008,-0.0015,0.));
#7052=CARTESIAN_POINT('',(0.008,-0.0015,0.0015));
#7053=CARTESIAN_POINT('',(0.008,-0.0015,0.0015));
#7054=CARTESIAN_POINT('',(0.,-0.0015,0.0015));
#7055=CARTESIAN_POINT('',(0.003,-0.0015,0.0015));
#7056=CARTESIAN_POINT('',(0.0026606334841629,-0.0015,0.00245022624434389));
#7057=CARTESIAN_POINT('',(0.,0.,0.0015));
#7058=CARTESIAN_POINT('',(0.003,0.,0.0015));
#7059=CARTESIAN_POINT('',(0.00475,-0.00475,0.0015));
#7060=CARTESIAN_POINT('',(0.00475,0.00475,0.0015));
#7061=CARTESIAN_POINT('',(0.0075,3.96941465019781E-19,-0.0024));
#7062=CARTESIAN_POINT('',(0.0075,3.96941465019781E-19,-0.0024));
#7063=CARTESIAN_POINT('',(0.0069,3.96941465019781E-19,-0.0024));
#7064=CARTESIAN_POINT('',(-0.0075,3.96941465019781E-19,-0.0024));
#7065=CARTESIAN_POINT('',(-0.0075,3.96941465019781E-19,-0.0024));
#7066=CARTESIAN_POINT('',(-0.0081,3.96941465019781E-19,-0.0024));
#7067=CARTESIAN_POINT('',(-0.008,-0.0015,0.0015));
#7068=CARTESIAN_POINT('',(0.009,-0.0005,0.0015));
#7069=CARTESIAN_POINT('',(-0.009,0.0005,0.0015));
#7070=CARTESIAN_POINT('',(0.008,0.0015,0.0015));
#7071=CARTESIAN_POINT('',(0.,4.28626379701573E-20,-0.0171703858481008));
#7072=CARTESIAN_POINT('',(0.,4.28626379701573E-20,0.0057));
#7073=CARTESIAN_POINT('',(0.0007,4.28626379701573E-20,0.0057));
#7074=CARTESIAN_POINT('',(0.,8.67361737988404E-19,-0.0029));
#7075=CARTESIAN_POINT('',(-0.0075,3.47955593053887E-19,-0.0029));
#7076=CARTESIAN_POINT('',(-0.0078,3.47955593053887E-19,-0.0029));
#7077=CARTESIAN_POINT('',(0.,8.67361737988404E-19,-0.0024));
#7078=CARTESIAN_POINT('',(-0.0075,3.47955593053887E-19,-0.0024));
#7079=CARTESIAN_POINT('',(-0.0083,3.47955593053887E-19,-0.0024));
#7080=CARTESIAN_POINT('',(0.,8.67361737988404E-19,-0.0029));
#7081=CARTESIAN_POINT('',(0.0075,3.47955593053887E-19,-0.0029));
#7082=CARTESIAN_POINT('',(0.0072,3.47955593053887E-19,-0.0029));
#7083=CARTESIAN_POINT('',(0.,8.67361737988404E-19,-0.0024));
#7084=CARTESIAN_POINT('',(0.0075,3.47955593053887E-19,-0.0024));
#7085=CARTESIAN_POINT('',(0.0067,3.47955593053887E-19,-0.0024));
#7086=CARTESIAN_POINT('',(-0.0075,3.47955593053887E-19,-0.0029));
#7087=CARTESIAN_POINT('',(0.0075,3.47955593053887E-19,-0.0029));
#7088=CARTESIAN_POINT('',(0.,0.,0.0057));
#7089=CARTESIAN_POINT('',(-0.0015,0.,0.0057));
#7090=CARTESIAN_POINT('',(0.0015,0.0015,0.0057));
#7091=CARTESIAN_POINT('',(-0.003,0.,0.0015));
#7092=CARTESIAN_POINT('',(0.0015,0.,0.0057));
#7093=CARTESIAN_POINT('',(0.00534851743708673,0.00594223031972633,0.00840094888806343));
#7094=CARTESIAN_POINT('',(0.00065,-0.0047,0.));
#7095=CARTESIAN_POINT('',(0.00065,-0.0047,0.000375277674973257));
#7096=CARTESIAN_POINT('',(0.00065,-0.0047,0.000375277674973257));
#7097=CARTESIAN_POINT('',(0.00065,0.,0.000375277674973257));
#7098=CARTESIAN_POINT('',(0.00065,0.,0.));
#7099=CARTESIAN_POINT('',(0.00065,0.,-0.000375277674973257));
#7100=CARTESIAN_POINT('',(0.00065,-0.0047,-0.000375277674973257));
#7101=CARTESIAN_POINT('',(0.00065,-0.0047,-0.000375277674973257));
#7102=CARTESIAN_POINT('',(0.00065,-0.0047,0.));
#7103=CARTESIAN_POINT('',(0.000325,-0.0047,-0.000562916512459885));
#7104=CARTESIAN_POINT('',(0.000325,0.,-0.000562916512459885));
#7105=CARTESIAN_POINT('',(-1.37874781034238E-19,0.,-0.000750555349946514));
#7106=CARTESIAN_POINT('',(-1.37874781034238E-19,-0.0047,-0.000750555349946514));
#7107=CARTESIAN_POINT('',(-1.37874781034238E-19,-0.0047,-0.000750555349946514));
#7108=CARTESIAN_POINT('',(0.000325,-0.0047,-0.000562916512459885));
#7109=CARTESIAN_POINT('',(-0.000325,-0.0047,-0.000562916512459885));
#7110=CARTESIAN_POINT('',(-0.000325,0.,-0.000562916512459885));
#7111=CARTESIAN_POINT('',(-0.00065,0.,-0.000375277674973257));
#7112=CARTESIAN_POINT('',(-0.00065,-0.0047,-0.000375277674973257));
#7113=CARTESIAN_POINT('',(-0.00065,-0.0047,-0.000375277674973257));
#7114=CARTESIAN_POINT('',(-0.000325,-0.0047,-0.000562916512459885));
#7115=CARTESIAN_POINT('',(-0.00065,-0.0047,5.42101086242752E-20));
#7116=CARTESIAN_POINT('',(-0.00065,0.,5.42101086242752E-20));
#7117=CARTESIAN_POINT('',(-0.00065,0.,0.000375277674973257));
#7118=CARTESIAN_POINT('',(-0.00065,-0.0047,0.000375277674973257));
#7119=CARTESIAN_POINT('',(-0.00065,-0.0047,0.000375277674973257));
#7120=CARTESIAN_POINT('',(-0.00065,-0.0047,5.42101086242752E-20));
#7121=CARTESIAN_POINT('',(-0.000325,-0.0047,0.000562916512459885));
#7122=CARTESIAN_POINT('',(-0.000325,0.,0.000562916512459885));
#7123=CARTESIAN_POINT('',(2.12615026497989E-19,0.,0.000750555349946514));
#7124=CARTESIAN_POINT('',(2.12615026497989E-19,-0.0047,0.000750555349946514));
#7125=CARTESIAN_POINT('',(2.12615026497989E-19,-0.0047,0.000750555349946514));
#7126=CARTESIAN_POINT('',(-0.000325,-0.0047,0.000562916512459885));
#7127=CARTESIAN_POINT('',(0.000325,-0.0047,0.000562916512459885));
#7128=CARTESIAN_POINT('',(0.000325,0.,0.000562916512459885));
#7129=CARTESIAN_POINT('',(0.000325,-0.0047,0.000562916512459885));
#7130=CARTESIAN_POINT('',(0.,-0.0047,4.89858719658941E-19));
#7131=CARTESIAN_POINT('',(0.0062688929991298,-0.0037,-0.0062688929991298));
#7132=CARTESIAN_POINT('',(-2.33103467084383E-17,-0.0037,-0.0088655535004351));
#7133=CARTESIAN_POINT('',(-0.0062688929991298,-0.0037,-0.00626889299912978));
#7134=CARTESIAN_POINT('',(-0.0088655535004351,-0.0037,1.57751416096641E-17));
#7135=CARTESIAN_POINT('',(-0.00626889299912979,-0.0037,0.0062688929991298));
#7136=CARTESIAN_POINT('',(5.72594272343907E-18,-0.0037,0.0088655535004351));
#7137=CARTESIAN_POINT('',(0.0062688929991298,-0.0037,0.00626889299912979));
#7138=CARTESIAN_POINT('',(0.0088655535004351,-0.0037,-4.98732999343332E-18));
#7139=CARTESIAN_POINT('',(0.0062688929991298,-0.0037,-0.0062688929991298));
#7140=CARTESIAN_POINT('',(-2.33103467084383E-17,-0.0037,-0.0088655535004351));
#7141=CARTESIAN_POINT('',(-0.0062688929991298,-0.0037,-0.00626889299912978));
#7142=CARTESIAN_POINT('',(9.79717439317882E-19,-0.0037,-0.008));
#7143=CARTESIAN_POINT('',(-0.00626889299912978,-0.001,-0.0062688929991298));
#7144=CARTESIAN_POINT('',(-2.8948198005363E-17,-0.001,-0.0088655535004351));
#7145=CARTESIAN_POINT('',(0.00626889299912979,-0.001,-0.0062688929991298));
#7146=CARTESIAN_POINT('',(0.0088655535004351,-0.001,-1.38235776991902E-17));
#7147=CARTESIAN_POINT('',(0.0062688929991298,-0.001,0.0062688929991298));
#7148=CARTESIAN_POINT('',(-2.28698895758661E-19,-0.001,0.0088655535004351));
#7149=CARTESIAN_POINT('',(-0.0062688929991298,-0.001,0.0062688929991298));
#7150=CARTESIAN_POINT('',(-0.00886555350043511,-0.001,-1.35525271560688E-17));
#7151=CARTESIAN_POINT('',(-0.00626889299912978,-0.001,-0.0062688929991298));
#7152=CARTESIAN_POINT('',(-2.8948198005363E-17,-0.001,-0.0088655535004351));
#7153=CARTESIAN_POINT('',(0.00626889299912979,-0.001,-0.0062688929991298));
#7154=CARTESIAN_POINT('',(9.79717439317882E-19,-0.001,-0.008));
#7155=CARTESIAN_POINT('',(0.,-0.0047,0.));
#7156=CARTESIAN_POINT('',(0.00325571129358798,-0.0047,0.00351377970029693));
#7157=CARTESIAN_POINT('',(0.00412906908131938,-0.0047,0.00565301113371694));
#7158=CARTESIAN_POINT('',(0.00238205080756888,-0.0047,0.00137527767497326));
#7159=CARTESIAN_POINT('',(0.00412954397031867,-0.0047,0.00565366028314697));
#7160=CARTESIAN_POINT('',(0.00372678786751655,-0.0047,0.00594829882670718));
#7161=CARTESIAN_POINT('',(0.00329372558259209,-0.0047,0.00619785444695012));
#7162=CARTESIAN_POINT('',(0.00283035711554531,-0.0047,0.0064023271438758));
#7163=CARTESIAN_POINT('',(0.00283034242246936,-0.0047,0.00640229384697022));
#7164=CARTESIAN_POINT('',(0.00141516683696522,-0.0047,0.00457641853778356));
#7165=CARTESIAN_POINT('',(-4.87890977618477E-19,-0.0047,0.00275055534994651));
#7166=CARTESIAN_POINT('',(-0.00141516683696522,-0.0047,0.00457641853778356));
#7167=CARTESIAN_POINT('',(-0.00283105102637939,-0.0047,0.00640199679107883));
#7168=CARTESIAN_POINT('',(-0.00283107179546885,-0.0047,0.00640204386186787));
#7169=CARTESIAN_POINT('',(-0.0032941140605014,-0.0047,0.00619773527853673));
#7170=CARTESIAN_POINT('',(-0.00372708755808984,-0.0047,0.00594815198229858));
#7171=CARTESIAN_POINT('',(-0.00412999228823413,-0.0047,0.00565329397315343));
#7172=CARTESIAN_POINT('',(-0.0041295265837469,-0.0047,0.00565265761756896));
#7173=CARTESIAN_POINT('',(-0.00325571129358798,-0.0047,0.00351377970029692));
#7174=CARTESIAN_POINT('',(-0.00238205080756888,-0.0047,0.00137527767497326));
#7175=CARTESIAN_POINT('',(-0.0046708781305532,-0.0047,0.00106263883748663));
#7176=CARTESIAN_POINT('',(-0.00696003391853639,-0.0047,0.000749412014730395));
#7177=CARTESIAN_POINT('',(-0.00696056650474787,-0.0047,0.000749468601431507));
#7178=CARTESIAN_POINT('',(-0.00701313110674513,-0.0047,0.000254737831042312));
#7179=CARTESIAN_POINT('',(-0.00701315912546423,-0.0047,-0.00025554938718005));
#7180=CARTESIAN_POINT('',(-0.00696056280060484,-0.0047,-0.000750017634215996));
#7181=CARTESIAN_POINT('',(-0.00696000269481713,-0.0047,-0.000749958056060793));
#7182=CARTESIAN_POINT('',(-0.0046708781305532,-0.0047,-0.00106263883748663));
#7183=CARTESIAN_POINT('',(-0.00238205080756888,-0.0047,-0.00137527767497326));
#7184=CARTESIAN_POINT('',(-0.00325571129358799,-0.0047,-0.00351377970029693));
#7185=CARTESIAN_POINT('',(-0.0041290690813194,-0.0047,-0.00565301113371696));
#7186=CARTESIAN_POINT('',(-0.00412954397031866,-0.0047,-0.00565366028314695));
#7187=CARTESIAN_POINT('',(-0.00372678786751611,-0.0047,-0.0059482988267076));
#7188=CARTESIAN_POINT('',(-0.00329372558259176,-0.0047,-0.00619785444695054));
#7189=CARTESIAN_POINT('',(-0.00283035711554561,-0.0047,-0.00640232714387575));
#7190=CARTESIAN_POINT('',(-0.00283034242246965,-0.0047,-0.00640229384697015));
#7191=CARTESIAN_POINT('',(-0.00141516683696522,-0.0047,-0.00457641853778356));
#7192=CARTESIAN_POINT('',(0.,-0.0047,-0.00275055534994651));
#7193=CARTESIAN_POINT('',(0.00141516683696522,-0.0047,-0.00457641853778356));
#7194=CARTESIAN_POINT('',(0.00283105102638576,-0.0047,-0.00640199679107618));
#7195=CARTESIAN_POINT('',(0.00283107179547523,-0.0047,-0.00640204386186525));
#7196=CARTESIAN_POINT('',(0.00329411406403228,-0.0047,-0.00619773527697899));
#7197=CARTESIAN_POINT('',(0.00372708756468791,-0.0047,-0.00594815197849562));
#7198=CARTESIAN_POINT('',(0.00412999229744212,-0.0047,-0.00565329396641514));
#7199=CARTESIAN_POINT('',(0.00412952659295748,-0.0047,-0.00565265761083639));
#7200=CARTESIAN_POINT('',(0.00325571129358798,-0.0047,-0.00351377970029693));
#7201=CARTESIAN_POINT('',(0.00238205080756888,-0.0047,-0.00137527767497326));
#7202=CARTESIAN_POINT('',(0.0046708781305532,-0.0047,-0.00106263883748663));
#7203=CARTESIAN_POINT('',(0.00696003391853634,-0.0047,-0.000749412014730574));
#7204=CARTESIAN_POINT('',(0.00696056650474777,-0.0047,-0.000749468601431682));
#7205=CARTESIAN_POINT('',(0.00701313110712294,-0.0047,-0.000254737827484569));
#7206=CARTESIAN_POINT('',(0.00701315912546453,-0.0047,0.000255549394439608));
#7207=CARTESIAN_POINT('',(0.0069605627994705,-0.0047,0.000750017644881618));
#7208=CARTESIAN_POINT('',(0.0069600026936731,-0.0047,0.000749958066724512));
#7209=CARTESIAN_POINT('',(0.00467087813055321,-0.0047,0.00106263883748663));
#7210=CARTESIAN_POINT('',(0.,0.,0.));
#7211=CARTESIAN_POINT('',(0.00283037029117053,0.,0.00640235334249783));
#7212=CARTESIAN_POINT('',(0.00329367426021023,0.,0.00619798844185964));
#7213=CARTESIAN_POINT('',(0.003726879411581,0.,0.00594830358152027));
#7214=CARTESIAN_POINT('',(0.00412998574528281,0.,0.00565329876147974));
#7215=CARTESIAN_POINT('',(0.00283035317533303,-5.41743733206701E-13,0.0064023145401623));
#7216=CARTESIAN_POINT('',(0.00412976270704815,0.,0.00565299399315416));
#7217=CARTESIAN_POINT('',(0.00155985179001515,0.,-0.000637259566203194));
#7218=CARTESIAN_POINT('',(0.00238205080756888,0.,0.00137527767497326));
#7219=CARTESIAN_POINT('',(0.000228042921870958,0.,0.00166950105939335));
#7220=CARTESIAN_POINT('',(0.00696027041789195,-9.39950645298731E-11,0.000749973888323112));
#7221=CARTESIAN_POINT('',(0.00696051411454417,0.,0.000749961523611443));
#7222=CARTESIAN_POINT('',(0.00701313122015647,0.,0.000255072286646441));
#7223=CARTESIAN_POINT('',(0.00701317659375458,0.,-0.000255387625208679));
#7224=CARTESIAN_POINT('',(0.00696056241621493,0.,-0.000750021247932806));
#7225=CARTESIAN_POINT('',(0.0069602561264012,0.,-0.00074998866788587));
#7226=CARTESIAN_POINT('',(0.000228042921870958,0.,-0.00166950105939335));
#7227=CARTESIAN_POINT('',(0.00238205080756888,0.,-0.00137527767497326));
#7228=CARTESIAN_POINT('',(0.00155985179001515,0.,0.000637259566203194));
#7229=CARTESIAN_POINT('',(0.00412974552593882,-1.93006547055557E-10,-0.00565299433548124));
#7230=CARTESIAN_POINT('',(0.00412994019096764,0.,-0.00565337040395507));
#7231=CARTESIAN_POINT('',(0.003727072678401,0.,-0.00594813457361872));
#7232=CARTESIAN_POINT('',(0.003293879221686,0.,-0.00619778642233545));
#7233=CARTESIAN_POINT('',(0.00283035982082261,0.,-0.00640232595010526));
#7234=CARTESIAN_POINT('',(0.00283035840719805,0.,-0.00640232274660515));
#7235=CARTESIAN_POINT('',(-0.00133180886814419,0.,-0.00103224149319015));
#7236=CARTESIAN_POINT('',(0.,0.,-0.00275055534994651));
#7237=CARTESIAN_POINT('',(0.00133180886814419,0.,-0.00103224149319015));
#7238=CARTESIAN_POINT('',(-0.00283035317533974,-5.41743733206701E-13,-0.00640231454015952));
#7239=CARTESIAN_POINT('',(-0.00283037029117717,0.,-0.00640235334249491));
#7240=CARTESIAN_POINT('',(-0.00329367426056237,0.,-0.00619798844170378));
#7241=CARTESIAN_POINT('',(-0.00372687941223348,0.,-0.00594830358114404));
#7242=CARTESIAN_POINT('',(-0.00412998574619049,0.,-0.00565329876081569));
#7243=CARTESIAN_POINT('',(-0.00412976270793527,0.,-0.0056529939924621));
#7244=CARTESIAN_POINT('',(-0.00155985179001515,0.,0.000637259566203195));
#7245=CARTESIAN_POINT('',(-0.00238205080756888,0.,-0.00137527767497326));
#7246=CARTESIAN_POINT('',(-0.000228042921870959,0.,-0.00166950105939335));
#7247=CARTESIAN_POINT('',(-0.00696027041789189,-9.39950617775574E-11,-0.000749973888323116));
#7248=CARTESIAN_POINT('',(-0.0069605141145443,0.,-0.000749961523611439));
#7249=CARTESIAN_POINT('',(-0.00701313122018582,0.,-0.000255072286372394));
#7250=CARTESIAN_POINT('',(-0.00701317659375449,0.,0.000255387625768706));
#7251=CARTESIAN_POINT('',(-0.00696056241612714,0.,0.000750021248756847));
#7252=CARTESIAN_POINT('',(-0.00696025612633628,0.,0.000749988668712317));
#7253=CARTESIAN_POINT('',(-0.000228042921870958,0.,0.00166950105939335));
#7254=CARTESIAN_POINT('',(-0.00238205080756888,0.,0.00137527767497326));
#7255=CARTESIAN_POINT('',(-0.00155985179001515,0.,-0.000637259566203194));
#7256=CARTESIAN_POINT('',(-0.00412974552209865,-1.93005997140897E-10,0.00565299433691936));
#7257=CARTESIAN_POINT('',(-0.00412994017394793,0.,0.00565337041640726));
#7258=CARTESIAN_POINT('',(-0.00372707271304931,0.,0.0059481345463716));
#7259=CARTESIAN_POINT('',(-0.00329387931590929,0.,0.00619778636715204));
#7260=CARTESIAN_POINT('',(-0.00283035998252787,0.,0.0064023258787486));
#7261=CARTESIAN_POINT('',(-0.00283035856373421,0.,0.00640232266353465));
#7262=CARTESIAN_POINT('',(0.00133180886814419,0.,0.00103224149319015));
#7263=CARTESIAN_POINT('',(-2.16840434497101E-19,0.,0.00275055534994651));
#7264=CARTESIAN_POINT('',(-0.00133180886814419,0.,0.00103224149319015));
#7265=CARTESIAN_POINT('',(-0.00274382898589583,-0.00470000000000001,0.00662414562309592));
#7266=CARTESIAN_POINT('',(-5.42101086242752E-18,-0.0047,0.00716992714236538));
#7267=CARTESIAN_POINT('',(0.00274382898589584,-0.0047,0.00662414562309592));
#7268=CARTESIAN_POINT('',(0.00506993488156074,-0.00469999999999999,0.00506989135407451));
#7269=CARTESIAN_POINT('',(0.00662418915058216,-0.0047,0.00274378545840962));
#7270=CARTESIAN_POINT('',(0.00716997066985164,-0.0047,-4.35274862227642E-8));
#7271=CARTESIAN_POINT('',(0.00662418915058217,-0.0047,-0.00274387251338207));
#7272=CARTESIAN_POINT('',(0.00506993488156076,-0.00470000000000001,-0.00506997840904696));
#7273=CARTESIAN_POINT('',(0.00274382898589587,-0.00470000000000001,-0.00662423267806839));
#7274=CARTESIAN_POINT('',(2.88130267671045E-17,-0.00470000000000002,-0.00717001419733786));
#7275=CARTESIAN_POINT('',(-0.00274382898589581,-0.00470000000000002,-0.0066242326780684));
#7276=CARTESIAN_POINT('',(-0.00506993488156071,-0.00470000000000002,-0.00506997840904698));
#7277=CARTESIAN_POINT('',(-0.00662418915058214,-0.00470000000000002,-0.00274387251338209));
#7278=CARTESIAN_POINT('',(-0.00716997066985161,-0.00470000000000002,-4.35274862544365E-8));
#7279=CARTESIAN_POINT('',(-0.00662418915058215,-0.00470000000000002,0.00274378545840959));
#7280=CARTESIAN_POINT('',(-0.00506993488156073,-0.00470000000000001,0.00506989135407449));
#7281=CARTESIAN_POINT('',(-0.00274382898589583,-0.00470000000000001,0.00662414562309592));
#7282=CARTESIAN_POINT('',(-5.42101086242752E-18,-0.0047,0.00716992714236538));
#7283=CARTESIAN_POINT('',(0.00274382898589584,-0.0047,0.00662414562309592));
#7284=CARTESIAN_POINT('',(-0.00300871783088795,-0.00470395801002641,0.00726364386519724));
#7285=CARTESIAN_POINT('',(-6.3425827090402E-18,-0.00470395801002641,0.00786211505171655));
#7286=CARTESIAN_POINT('',(0.00300871783088796,-0.00470395801002641,0.00726364386519724));
#7287=CARTESIAN_POINT('',(0.00555938564611828,-0.0047039580100264,0.00555934211863206));
#7288=CARTESIAN_POINT('',(0.00726368739268348,-0.0047039580100264,0.00300867430340174));
#7289=CARTESIAN_POINT('',(0.00786215857920281,-0.00470395801002641,-4.35274862270502E-8));
#7290=CARTESIAN_POINT('',(0.00726368739268349,-0.00470395801002641,-0.00300876135837418));
#7291=CARTESIAN_POINT('',(0.00555938564611831,-0.00470395801002642,-0.00555942917360452));
#7292=CARTESIAN_POINT('',(0.00300871783088799,-0.00470395801002642,-0.00726373092016971));
#7293=CARTESIAN_POINT('',(2.87483478606477E-17,-0.00470395801002643,-0.00786220210668903));
#7294=CARTESIAN_POINT('',(-0.00300871783088793,-0.00470395801002643,-0.00726373092016972));
#7295=CARTESIAN_POINT('',(-0.00555938564611826,-0.00470395801002643,-0.00555942917360454));
#7296=CARTESIAN_POINT('',(-0.00726368739268346,-0.00470395801002643,-0.00300876135837422));
#7297=CARTESIAN_POINT('',(-0.00786215857920278,-0.00470395801002643,-4.35274862544805E-8));
#7298=CARTESIAN_POINT('',(-0.00726368739268347,-0.00470395801002643,0.00300867430340171));
#7299=CARTESIAN_POINT('',(-0.00555938564611828,-0.00470395801002641,0.00555934211863204));
#7300=CARTESIAN_POINT('',(-0.00300871783088795,-0.00470395801002641,0.00726364386519724));
#7301=CARTESIAN_POINT('',(-6.3425827090402E-18,-0.00470395801002641,0.00786211505171655));
#7302=CARTESIAN_POINT('',(0.00300871783088796,-0.00470395801002641,0.00726364386519724));
#7303=CARTESIAN_POINT('',(-0.00314119170200261,-0.0043706786769696,0.00758346408150233));
#7304=CARTESIAN_POINT('',(-7.10152422978005E-18,-0.00437067867696959,0.00820828595934101));
#7305=CARTESIAN_POINT('',(0.00314119170200263,-0.00437067867696959,0.00758346408150234));
#7306=CARTESIAN_POINT('',(0.00580416544234904,-0.00437067867696959,0.00580412191486281));
#7307=CARTESIAN_POINT('',(0.00758350760898857,-0.00437067867696959,0.00314114817451641));
#7308=CARTESIAN_POINT('',(0.00820832948682725,-0.00437067867696959,-4.35274862174008E-8));
#7309=CARTESIAN_POINT('',(0.00758350760898859,-0.0043706786769696,-0.00314123522948885));
#7310=CARTESIAN_POINT('',(0.00580416544234906,-0.0043706786769696,-0.00580420896983526));
#7311=CARTESIAN_POINT('',(0.00314119170200265,-0.00437067867696961,-0.00758355113647479));
#7312=CARTESIAN_POINT('',(2.81391293395024E-17,-0.00437067867696962,-0.00820837301431348));
#7313=CARTESIAN_POINT('',(-0.0031411917020026,-0.00437067867696962,-0.00758355113647481));
#7314=CARTESIAN_POINT('',(-0.00580416544234901,-0.00437067867696962,-0.00580420896983529));
#7315=CARTESIAN_POINT('',(-0.00758350760898854,-0.00437067867696962,-0.00314123522948887));
#7316=CARTESIAN_POINT('',(-0.00820832948682724,-0.00437067867696962,-4.35274862514549E-8));
#7317=CARTESIAN_POINT('',(-0.00758350760898856,-0.00437067867696961,0.00314114817451638));
#7318=CARTESIAN_POINT('',(-0.00580416544234903,-0.00437067867696961,0.0058041219148628));
#7319=CARTESIAN_POINT('',(-0.00314119170200261,-0.0043706786769696,0.00758346408150233));
#7320=CARTESIAN_POINT('',(-7.10152422978005E-18,-0.00437067867696959,0.00820828595934101));
#7321=CARTESIAN_POINT('',(0.00314119170200263,-0.00437067867696959,0.00758346408150234));
#7322=CARTESIAN_POINT('',(-0.00314118699022363,-0.00370000000000001,0.00758345270626162));
#7323=CARTESIAN_POINT('',(-6.7762635780344E-18,-0.0037,0.00820827364686919));
#7324=CARTESIAN_POINT('',(0.00314118699022365,-0.0037,0.00758345270626162));
#7325=CARTESIAN_POINT('',(0.00580415673611673,-0.00369999999999999,0.0058041132086305));
#7326=CARTESIAN_POINT('',(0.00758349623374787,-0.0037,0.00314114346273742));
#7327=CARTESIAN_POINT('',(0.00820831717435544,-0.0037,-4.35274862228286E-8));
#7328=CARTESIAN_POINT('',(0.00758349623374788,-0.0037,-0.00314123051770988));
#7329=CARTESIAN_POINT('',(0.00580415673611675,-0.00370000000000001,-0.00580420026360295));
#7330=CARTESIAN_POINT('',(0.00314118699022368,-0.00370000000000002,-0.0075835397612341));
#7331=CARTESIAN_POINT('',(2.55610853028604E-17,-0.00370000000000002,-0.00820836070184166));
#7332=CARTESIAN_POINT('',(-0.00314118699022362,-0.00370000000000002,-0.00758353976123411));
#7333=CARTESIAN_POINT('',(-0.0058041567361167,-0.00370000000000003,-0.00580420026360297));
#7334=CARTESIAN_POINT('',(-0.00758349623374784,-0.00370000000000002,-0.0031412305177099));
#7335=CARTESIAN_POINT('',(-0.00820831717435542,-0.00370000000000002,-4.35274862533794E-8));
#7336=CARTESIAN_POINT('',(-0.00758349623374785,-0.00370000000000002,0.0031411434627374));
#7337=CARTESIAN_POINT('',(-0.00580415673611672,-0.00370000000000001,0.00580411320863048));
#7338=CARTESIAN_POINT('',(-0.00314118699022363,-0.00370000000000001,0.00758345270626162));
#7339=CARTESIAN_POINT('',(-6.7762635780344E-18,-0.0037,0.00820827364686919));
#7340=CARTESIAN_POINT('',(0.00314118699022365,-0.0037,0.00758345270626162));
#7341=CARTESIAN_POINT('',(-0.00283035687204705,-0.0047,-0.00640232724841242));
#7342=CARTESIAN_POINT('',(-0.00193926402090832,-0.00470000000000018,-0.00678781704321961));
#7343=CARTESIAN_POINT('',(-0.000486643194864213,-0.00469999999999996,-0.00709982899382153));
#7344=CARTESIAN_POINT('',(0.00145955081678125,-0.00470000000000002,-0.00690434593873233));
#7345=CARTESIAN_POINT('',(0.00238230236241468,-0.0047,-0.00658966940830041));
#7346=CARTESIAN_POINT('',(0.00283037070990456,-0.0047,-0.00640235315779294));
#7347=CARTESIAN_POINT('',(-0.00696083191972661,-0.00469999983742193,-0.000750047674402907));
#7348=CARTESIAN_POINT('',(-0.00675206501553908,-0.00469999978231575,-0.00268173613383697));
#7349=CARTESIAN_POINT('',(-0.0056980290835435,-0.00469999972720956,-0.00450696658951937));
#7350=CARTESIAN_POINT('',(-0.00412929642649132,-0.00469999967210338,-0.0056533006487241));
#7351=CARTESIAN_POINT('',(-0.00413001050389011,-0.0047,0.0056532806423332));
#7352=CARTESIAN_POINT('',(-0.00490714484650771,-0.0047,0.00507098619223401));
#7353=CARTESIAN_POINT('',(-0.00625377066115828,-0.0047,0.00360845470552151));
#7354=CARTESIAN_POINT('',(-0.0068378256132259,-0.0047,0.00171364299425497));
#7355=CARTESIAN_POINT('',(-0.00696050632278572,-0.0047,0.000750034805163289));
#7356=CARTESIAN_POINT('',(0.00283054890349651,-0.0046999999994407,0.00640276060336884));
#7357=CARTESIAN_POINT('',(0.00105362081370143,-0.00469999999905419,0.00718864594805088));
#7358=CARTESIAN_POINT('',(-0.0010544291604199,-0.00469999999866767,0.00718857560093171));
#7359=CARTESIAN_POINT('',(-0.00283130479515746,-0.00469999999828115,0.00640257166330494));
#7360=CARTESIAN_POINT('',(0.00696083191857412,-0.00469999983363816,0.000750047685067003));
#7361=CARTESIAN_POINT('',(0.00675206501181293,-0.00469999976595472,0.0026817361406267));
#7362=CARTESIAN_POINT('',(0.00569802908065672,-0.00469999969827128,0.00450696659162885));
#7363=CARTESIAN_POINT('',(0.00412929642649137,-0.00469999963058785,0.00565330064872416));
#7364=CARTESIAN_POINT('',(0.00413001050393437,-0.0047,-0.00565328064230121));
#7365=CARTESIAN_POINT('',(0.00490714484653831,-0.0047,-0.00507098619220272));
#7366=CARTESIAN_POINT('',(0.00625377066116332,-0.0047,-0.00360845470550027));
#7367=CARTESIAN_POINT('',(0.00683782561322425,-0.0047,-0.00171364299425738));
#7368=CARTESIAN_POINT('',(0.00696050632278416,-0.0047,-0.000750034805177233));
#7369=CARTESIAN_POINT('',(-0.00314118699022363,-0.000999999999999994,0.00758345270626162));
#7370=CARTESIAN_POINT('',(-6.7762635780344E-18,-0.001,0.00820827364686919));
#7371=CARTESIAN_POINT('',(0.00314118699022365,-0.001,0.00758345270626162));
#7372=CARTESIAN_POINT('',(0.00580415673611673,-0.00100000000000001,0.0058041132086305));
#7373=CARTESIAN_POINT('',(0.00758349623374787,-0.00100000000000001,0.00314114346273742));
#7374=CARTESIAN_POINT('',(0.00820831717435544,-0.001,-4.35274862235265E-8));
#7375=CARTESIAN_POINT('',(0.00758349623374788,-0.000999999999999999,-0.00314123051770988));
#7376=CARTESIAN_POINT('',(0.00580415673611675,-0.000999999999999993,-0.00580420026360295));
#7377=CARTESIAN_POINT('',(0.00314118699022367,-0.000999999999999985,-0.0075835397612341));
#7378=CARTESIAN_POINT('',(2.55610853028604E-17,-0.000999999999999979,-0.00820836070184166));
#7379=CARTESIAN_POINT('',(-0.00314118699022363,-0.000999999999999974,-0.00758353976123411));
#7380=CARTESIAN_POINT('',(-0.0058041567361167,-0.000999999999999972,-0.00580420026360297));
#7381=CARTESIAN_POINT('',(-0.00758349623374784,-0.000999999999999973,-0.0031412305177099));
#7382=CARTESIAN_POINT('',(-0.00820831717435542,-0.000999999999999975,-4.35274862528576E-8));
#7383=CARTESIAN_POINT('',(-0.00758349623374786,-0.000999999999999981,0.0031411434627374));
#7384=CARTESIAN_POINT('',(-0.00580415673611672,-0.000999999999999987,0.00580411320863048));
#7385=CARTESIAN_POINT('',(-0.00314118699022363,-0.000999999999999994,0.00758345270626162));
#7386=CARTESIAN_POINT('',(-6.7762635780344E-18,-0.001,0.00820827364686919));
#7387=CARTESIAN_POINT('',(0.00314118699022365,-0.001,0.00758345270626162));
#7388=CARTESIAN_POINT('',(-0.00314119170200261,-0.000329321323030399,0.00758346408150234));
#7389=CARTESIAN_POINT('',(-7.48099499014998E-18,-0.000329321323030404,0.00820828595934101));
#7390=CARTESIAN_POINT('',(0.00314119170200263,-0.000329321323030409,0.00758346408150234));
#7391=CARTESIAN_POINT('',(0.00580416544234904,-0.000329321323030411,0.00580412191486281));
#7392=CARTESIAN_POINT('',(0.00758350760898858,-0.000329321323030411,0.00314114817451641));
#7393=CARTESIAN_POINT('',(0.00820832948682725,-0.000329321323030408,-4.35274862170654E-8));
#7394=CARTESIAN_POINT('',(0.00758350760898859,-0.000329321323030403,-0.00314123522948885));
#7395=CARTESIAN_POINT('',(0.00580416544234906,-0.000329321323030396,-0.00580420896983526));
#7396=CARTESIAN_POINT('',(0.00314119170200266,-0.00032932132303039,-0.0075835511364748));
#7397=CARTESIAN_POINT('',(2.74418888750141E-17,-0.000329321323030383,-0.00820837301431347));
#7398=CARTESIAN_POINT('',(-0.0031411917020026,-0.000329321323030379,-0.00758355113647481));
#7399=CARTESIAN_POINT('',(-0.00580416544234902,-0.000329321323030376,-0.00580420896983528));
#7400=CARTESIAN_POINT('',(-0.00758350760898855,-0.000329321323030377,-0.00314123522948887));
#7401=CARTESIAN_POINT('',(-0.00820832948682724,-0.00032932132303038,-4.35274862512957E-8));
#7402=CARTESIAN_POINT('',(-0.00758350760898856,-0.000329321323030385,0.00314114817451638));
#7403=CARTESIAN_POINT('',(-0.00580416544234904,-0.000329321323030391,0.00580412191486279));
#7404=CARTESIAN_POINT('',(-0.00314119170200261,-0.000329321323030399,0.00758346408150234));
#7405=CARTESIAN_POINT('',(-7.48099499014998E-18,-0.000329321323030404,0.00820828595934101));
#7406=CARTESIAN_POINT('',(0.00314119170200263,-0.000329321323030409,0.00758346408150234));
#7407=CARTESIAN_POINT('',(-0.00300871783088795,3.95801002641433E-6,0.00726364386519724));
#7408=CARTESIAN_POINT('',(-5.20417042793042E-18,3.95801002640821E-6,0.00786211505171655));
#7409=CARTESIAN_POINT('',(0.00300871783088796,3.95801002640395E-6,0.00726364386519724));
#7410=CARTESIAN_POINT('',(0.00555938564611829,3.95801002640163E-6,0.00555934211863206));
#7411=CARTESIAN_POINT('',(0.00726368739268348,3.95801002640203E-6,0.00300867430340174));
#7412=CARTESIAN_POINT('',(0.00786215857920281,3.95801002640486E-6,-4.35274862268571E-8));
#7413=CARTESIAN_POINT('',(0.00726368739268349,3.95801002640971E-6,-0.00300876135837418));
#7414=CARTESIAN_POINT('',(0.00555938564611831,3.95801002641589E-6,-0.00555942917360452));
#7415=CARTESIAN_POINT('',(0.00300871783088799,3.95801002642279E-6,-0.00726373092016971));
#7416=CARTESIAN_POINT('',(2.90970210324511E-17,3.95801002642846E-6,-0.00786220210668904));
#7417=CARTESIAN_POINT('',(-0.00300871783088793,3.95801002643313E-6,-0.00726373092016972));
#7418=CARTESIAN_POINT('',(-0.00555938564611826,3.958010026435E-6,-0.00555942917360454));
#7419=CARTESIAN_POINT('',(-0.00726368739268346,3.9580100264348E-6,-0.00300876135837422));
#7420=CARTESIAN_POINT('',(-0.00786215857920278,3.9580100264321E-6,-4.35274862551514E-8));
#7421=CARTESIAN_POINT('',(-0.00726368739268347,3.95801002642697E-6,0.00300867430340171));
#7422=CARTESIAN_POINT('',(-0.00555938564611828,3.95801002642082E-6,0.00555934211863204));
#7423=CARTESIAN_POINT('',(-0.00300871783088795,3.95801002641433E-6,0.00726364386519724));
#7424=CARTESIAN_POINT('',(-5.20417042793042E-18,3.95801002640821E-6,0.00786211505171655));
#7425=CARTESIAN_POINT('',(0.00300871783088796,3.95801002640395E-6,0.00726364386519724));
#7426=CARTESIAN_POINT('',(-0.00274382898589583,5.19297719279459E-18,0.00662414562309592));
#7427=CARTESIAN_POINT('',(-5.42101086242752E-18,-2.45202721816648E-19,0.00716992714236538));
#7428=CARTESIAN_POINT('',(0.00274382898589584,-4.27461651055836E-18,0.00662414562309592));
#7429=CARTESIAN_POINT('',(0.00506993488156074,-6.28182245082152E-18,0.00506989135407451));
#7430=CARTESIAN_POINT('',(0.00662418915058216,-5.96124163356824E-18,0.00274378545840962));
#7431=CARTESIAN_POINT('',(0.00716997066985164,-3.36167958215297E-18,-4.35274862226778E-8));
#7432=CARTESIAN_POINT('',(0.00662418915058217,1.12110394618499E-18,-0.00274387251338207));
#7433=CARTESIAN_POINT('',(0.00506993488156076,6.80464579579005E-18,-0.00506997840904696));
#7434=CARTESIAN_POINT('',(0.00274382898589587,1.2823678241495E-17,-0.00662423267806839));
#7435=CARTESIAN_POINT('',(2.87258717090434E-17,1.82618581561063E-17,-0.00717001419733786));
#7436=CARTESIAN_POINT('',(-0.00274382898589581,2.2291271944848E-17,-0.0066242326780684));
#7437=CARTESIAN_POINT('',(-0.00506993488156071,2.42984778851112E-17,-0.00506997840904698));
#7438=CARTESIAN_POINT('',(-0.00662418915058214,2.39778970678579E-17,-0.00274387251338209));
#7439=CARTESIAN_POINT('',(-0.00716997066985161,2.13783350164426E-17,-4.35274862545246E-8));
#7440=CARTESIAN_POINT('',(-0.00662418915058215,1.68955514881047E-17,0.00274378545840959));
#7441=CARTESIAN_POINT('',(-0.00506993488156073,1.12120096384996E-17,0.00506989135407449));
#7442=CARTESIAN_POINT('',(-0.00274382898589583,5.19297719279459E-18,0.00662414562309592));
#7443=CARTESIAN_POINT('',(-5.42101086242752E-18,-2.45202721816648E-19,0.00716992714236538));
#7444=CARTESIAN_POINT('',(0.00274382898589584,-4.27461651055836E-18,0.00662414562309592));
#7445=CARTESIAN_POINT('',(0.00283036945962325,0.,-0.00640235368047661));
#7446=CARTESIAN_POINT('',(0.00238230118638144,0.,-0.00658966989994429));
#7447=CARTESIAN_POINT('',(0.0014595497048172,-4.888766159571E-18,-0.00690434612492156));
#7448=CARTESIAN_POINT('',(-0.000486643996882786,-3.3117448177739E-18,-0.00709982892591355));
#7449=CARTESIAN_POINT('',(-0.0019392645258503,0.,-0.00678781682478007));
#7450=CARTESIAN_POINT('',(-0.00283035722932856,0.,-0.00640232709385123));
#7451=CARTESIAN_POINT('',(0.00696050541939843,1.04083408558608E-17,-0.000750041900912908));
#7452=CARTESIAN_POINT('',(0.00683782499336493,-5.04880569699909E-17,-0.00171364786293308));
#7453=CARTESIAN_POINT('',(0.00625376892506117,2.52440284849954E-17,-0.00360845421626052));
#7454=CARTESIAN_POINT('',(0.00490714810436701,0.,-0.00507098375114679));
#7455=CARTESIAN_POINT('',(0.00413001555785766,0.,-0.00565327685547656));
#7456=CARTESIAN_POINT('',(0.00412975160845243,-3.63999570068829E-10,0.00565296800143626));
#7457=CARTESIAN_POINT('',(0.00569824309518166,-2.98139842674905E-10,0.00450661652376079));
#7458=CARTESIAN_POINT('',(0.00675208884212893,-2.32280115280981E-10,0.00268154267343622));
#7459=CARTESIAN_POINT('',(0.00696083304386648,-1.66420387887056E-10,0.000750037272834982));
#7460=CARTESIAN_POINT('',(-0.0028306055268262,-1.46685788515732E-12,0.00640288094015947));
#7461=CARTESIAN_POINT('',(-0.00105387672270494,-1.16444585455492E-12,0.00718858783887124));
#7462=CARTESIAN_POINT('',(0.00105385485296941,-8.6203382395252E-13,0.00718854283785471));
#7463=CARTESIAN_POINT('',(0.00283055010507997,-5.59621793350118E-13,0.00640276007194212));
#7464=CARTESIAN_POINT('',(-0.00696050541939999,0.,0.000750041900898964));
#7465=CARTESIAN_POINT('',(-0.00683782499336658,0.,0.00171364786293068));
#7466=CARTESIAN_POINT('',(-0.00625376892505612,5.12372541201026E-17,0.00360845421628176));
#7467=CARTESIAN_POINT('',(-0.00490714810433642,-1.02474508240205E-16,0.0050709837511781));
#7468=CARTESIAN_POINT('',(-0.00413001555781339,1.04083408558608E-17,0.00565327685550856));
#7469=CARTESIAN_POINT('',(-0.00412975160936048,-3.22800907531784E-10,-0.00565296800077251));
#7470=CARTESIAN_POINT('',(-0.00569824309560299,-2.69412590616265E-10,-0.00450661652306649));
#7471=CARTESIAN_POINT('',(-0.00675208884216923,-2.16024273700747E-10,-0.00268154267306347));
#7472=CARTESIAN_POINT('',(-0.00696083304386645,-1.62635956785229E-10,-0.000750037272834989));
#7473=CARTESIAN_POINT('',(-0.0046708781305532,0.019004891438082,0.00106263883748663));
#7474=CARTESIAN_POINT('',(-0.00696010853518202,0.019004891438082,0.000749992507735689));
#7475=CARTESIAN_POINT('',(-0.00238205080756888,0.019004891438082,0.00137527767497326));
#7476=CARTESIAN_POINT('',(-0.00325571129358798,0.019004891438082,0.00351377970029692));
#7477=CARTESIAN_POINT('',(-0.00412966108186233,0.019004891438082,0.00565280318262304));
#7478=CARTESIAN_POINT('',(-0.00413001583937463,0.,0.00565327664453918));
#7479=CARTESIAN_POINT('',(-0.00413001583937463,-0.0047,0.00565327664453918));
#7480=CARTESIAN_POINT('',(-0.00490714818874928,0.,0.00507098368792698));
#7481=CARTESIAN_POINT('',(-0.00490714818874928,-0.0047,0.00507098368792698));
#7482=CARTESIAN_POINT('',(-0.00625376855182541,0.,0.00360845448290731));
#7483=CARTESIAN_POINT('',(-0.00625376855182541,-0.0047,0.00360845448290731));
#7484=CARTESIAN_POINT('',(-0.0068378248822002,0.,0.00171364873607361));
#7485=CARTESIAN_POINT('',(-0.0068378248822002,-0.0047,0.00171364873607361));
#7486=CARTESIAN_POINT('',(-0.00696050527711442,0.,0.000750043018495495));
#7487=CARTESIAN_POINT('',(-0.00696050527711442,-0.0047,0.000750043018495495));
#7488=CARTESIAN_POINT('',(0.00141516683696522,0.019004891438082,0.00457641853778356));
#7489=CARTESIAN_POINT('',(-4.87890977618477E-19,0.019004891438082,0.00275055534994651));
#7490=CARTESIAN_POINT('',(0.0028306650287894,-5.41743733206701E-13,0.00640270924315655));
#7491=CARTESIAN_POINT('',(-0.00141516683696522,0.019004891438082,0.00457641853778356));
#7492=CARTESIAN_POINT('',(-0.00283074894507129,0.,0.00640281752143305));
#7493=CARTESIAN_POINT('',(-1.64363388510143E-7,0.0190048914380821,2.36905500794239E-6));
#7494=CARTESIAN_POINT('',(-0.0046708781305532,0.019004891438082,-0.00106263883748663));
#7495=CARTESIAN_POINT('',(-0.00238205080756888,0.019004891438082,-0.00137527767497326));
#7496=CARTESIAN_POINT('',(-0.00696085402465893,-9.39950617775574E-11,-0.000749843112699433));
#7497=CARTESIAN_POINT('',(-0.00325571129358799,0.019004891438082,-0.00351377970029693));
#7498=CARTESIAN_POINT('',(-0.00412967501840286,0.,-0.00565302397768593));
#7499=CARTESIAN_POINT('',(3.72374223102587E-6,0.019004891438082,2.64550315771994E-6));
#7500=CARTESIAN_POINT('',(0.00325571129358798,0.019004891438082,-0.00351377970029693));
#7501=CARTESIAN_POINT('',(0.00238205080756888,0.019004891438082,-0.00137527767497326));
#7502=CARTESIAN_POINT('',(0.0041296610819065,0.019004891438082,-0.00565280318259092));
#7503=CARTESIAN_POINT('',(0.0046708781305532,0.019004891438082,-0.00106263883748663));
#7504=CARTESIAN_POINT('',(0.00696010853518049,0.019004891438082,-0.000749992507749638));
#7505=CARTESIAN_POINT('',(0.0041300158394189,0.,-0.00565327664450719));
#7506=CARTESIAN_POINT('',(0.0041300158394189,-0.0047,-0.00565327664450719));
#7507=CARTESIAN_POINT('',(0.0049071481887799,0.,-0.0050709836878957));
#7508=CARTESIAN_POINT('',(0.0049071481887799,-0.0047,-0.0050709836878957));
#7509=CARTESIAN_POINT('',(0.00625376855183045,0.,-0.00360845448288606));
#7510=CARTESIAN_POINT('',(0.00625376855183045,-0.0047,-0.00360845448288606));
#7511=CARTESIAN_POINT('',(0.00683782488219857,0.,-0.00171364873607602));
#7512=CARTESIAN_POINT('',(0.00683782488219857,-0.0047,-0.00171364873607602));
#7513=CARTESIAN_POINT('',(0.00696050527711287,0.,-0.000750043018509437));
#7514=CARTESIAN_POINT('',(0.00696050527711287,-0.0047,-0.000750043018509437));
#7515=CARTESIAN_POINT('',(0.00325571129358798,0.019004891438082,0.00351377970029693));
#7516=CARTESIAN_POINT('',(0.00412967501814973,0.,0.00565302397761432));
#7517=CARTESIAN_POINT('',(0.00238205080756888,0.019004891438082,0.00137527767497326));
#7518=CARTESIAN_POINT('',(0.00467087813055321,0.019004891438082,0.00106263883748663));
#7519=CARTESIAN_POINT('',(0.00696085402465896,-9.39950645298731E-11,0.000749843112699433));
#7520=CARTESIAN_POINT('',(-3.72374223152595E-6,0.0190048914380822,-2.64550315794885E-6));
#7521=CARTESIAN_POINT('',(-0.00141516683696522,0.019004891438082,-0.00457641853778356));
#7522=CARTESIAN_POINT('',(0.,0.019004891438082,-0.00275055534994651));
#7523=CARTESIAN_POINT('',(-0.00283034690998268,0.019004891438082,-0.0064023037661089));
#7524=CARTESIAN_POINT('',(0.00141516683696522,0.019004891438082,-0.00457641853778356));
#7525=CARTESIAN_POINT('',(0.00283035450529897,0.019004891438082,-0.00640231642126546));
#7526=CARTESIAN_POINT('',(-0.00283035703753635,-8.74246363736356E-37,-0.00640232717682119));
#7527=CARTESIAN_POINT('',(-0.00283035703753635,-0.0047,-0.00640232717682119));
#7528=CARTESIAN_POINT('',(-0.00193926427827645,-1.37107588004039E-29,-0.00678781693188137));
#7529=CARTESIAN_POINT('',(-0.00193926427827645,-0.0047,-0.00678781693188137));
#7530=CARTESIAN_POINT('',(-0.00048664363062279,3.11608154554633E-30,-0.00709982895345735));
#7531=CARTESIAN_POINT('',(-0.00048664363062279,-0.0047,-0.00709982895345735));
#7532=CARTESIAN_POINT('',(0.00145955018628978,-6.23216309109266E-31,-0.00690434604322683));
#7533=CARTESIAN_POINT('',(0.00145955018628978,-0.0047,-0.00690434604322683));
#7534=CARTESIAN_POINT('',(0.00238230168779487,0.,-0.00658966969032709));
#7535=CARTESIAN_POINT('',(0.00238230168779487,-0.0047,-0.00658966969032709));
#7536=CARTESIAN_POINT('',(0.00283036998908533,0.,-0.00640235345913347));
#7537=CARTESIAN_POINT('',(0.00283036998908533,-0.0047,-0.00640235345913347));
#7538=CARTESIAN_POINT('',(-0.00389959810785951,0.0437925151683157,0.00850094888806343));
#7539=CARTESIAN_POINT('',(0.0195004018921405,0.0437925151683157,0.00850094888806343));
#7540=CARTESIAN_POINT('',(0.0005,0.0555,0.002));
#7541=CARTESIAN_POINT('',(0.00714420340191592,0.052,0.002));
#7542=CARTESIAN_POINT('',(0.00714420340191592,0.04995,0.002));
#7543=CARTESIAN_POINT('',(0.00714420340191592,0.05405,0.002));
#7544=CARTESIAN_POINT('',(0.00269420340191592,0.05405,0.002));
#7545=CARTESIAN_POINT('',(-0.00175579659808409,0.05405,0.002));
#7546=CARTESIAN_POINT('',(-0.00175579659808409,0.052,0.002));
#7547=CARTESIAN_POINT('',(-0.00175579659808409,0.04995,0.002));
#7548=CARTESIAN_POINT('',(0.00269420340191592,0.04995,0.002));
#7549=CARTESIAN_POINT('',(0.00569420340191592,0.052,0.002));
#7550=CARTESIAN_POINT('',(0.00569420340191592,0.0508,0.002));
#7551=CARTESIAN_POINT('',(0.00569420340191592,0.0532,0.002));
#7552=CARTESIAN_POINT('',(0.00269420340191592,0.0508,0.002));
#7553=CARTESIAN_POINT('',(-0.000305796598084085,0.0508,0.002));
#7554=CARTESIAN_POINT('',(-0.000305796598084085,0.052,0.002));
#7555=CARTESIAN_POINT('',(-0.000305796598084084,0.0532,0.002));
#7556=CARTESIAN_POINT('',(0.00269420340191592,0.0532,0.002));
#7557=CARTESIAN_POINT('',(-1.7347234759768E-18,0.00954067434167459,0.001));
#7558=CARTESIAN_POINT('',(-1.7347234759768E-18,0.00954067434167459,0.0025));
#7559=CARTESIAN_POINT('',(-0.006,0.00954067434167459,0.0025));
#7560=CARTESIAN_POINT('',(-0.009,0.00954067434167459,0.0025));
#7561=CARTESIAN_POINT('',(-0.009,0.00954067434167459,0.001));
#7562=CARTESIAN_POINT('',(-0.009,0.00954067434167459,0.));
#7563=CARTESIAN_POINT('',(-1.7347234759768E-18,0.00954067434167459,0.));
#7564=CARTESIAN_POINT('',(-0.006,0.00954067434167459,0.));
#7565=CARTESIAN_POINT('',(-0.006,0.00954067434167459,0.002));
#7566=CARTESIAN_POINT('',(-0.006,0.00954067434167459,0.002));
#7567=CARTESIAN_POINT('',(-0.006,0.00954067434167459,0.002));
#7568=CARTESIAN_POINT('',(0.0085,0.0140406743416746,0.0043));
#7569=CARTESIAN_POINT('',(0.00785,0.0140406743416746,0.00322342501021922));
#7570=CARTESIAN_POINT('',(0.00785,0.0140406743416746,0.00252342501021921));
#7571=CARTESIAN_POINT('',(0.00925,0.0140406743416746,0.0043));
#7572=CARTESIAN_POINT('',(0.00925,0.0140406743416746,0.002));
#7573=CARTESIAN_POINT('',(0.00925,0.0140406743416746,0.0043));
#7574=CARTESIAN_POINT('',(0.0085,0.0140406743416746,0.002));
#7575=CARTESIAN_POINT('',(0.006,0.0140406743416746,0.002));
#7576=CARTESIAN_POINT('',(0.006,0.0140406743416746,0.0043));
#7577=CARTESIAN_POINT('',(0.006,0.0140406743416746,0.0043));
#7578=CARTESIAN_POINT('',(0.0085,0.0140406743416746,0.0043));
#7579=CARTESIAN_POINT('',(0.,0.0159796628291627,0.0043));
#7580=CARTESIAN_POINT('',(0.,0.0113406743416746,0.0043));
#7581=CARTESIAN_POINT('',(0.006,0.0113406743416746,0.0043));
#7582=CARTESIAN_POINT('',(0.00925,0.0113406743416746,0.0043));
#7583=CARTESIAN_POINT('',(0.00925,0.0159796628291627,0.0043));
#7584=CARTESIAN_POINT('',(0.006,0.0130406743416746,0.0043));
#7585=CARTESIAN_POINT('',(0.0085,0.0167406743416746,0.0043));
#7586=CARTESIAN_POINT('',(0.0085,0.0152406743416746,0.0043));
#7587=CARTESIAN_POINT('',(0.00925,0.0152406743416746,0.0043));
#7588=CARTESIAN_POINT('',(0.006,0.0152406743416746,0.0043));
#7589=CARTESIAN_POINT('',(0.00925,0.0167406743416746,0.0043));
#7590=CARTESIAN_POINT('',(0.00925,0.0167406743416746,0.0043));
#7591=CARTESIAN_POINT('',(0.0085,0.0167406743416746,0.0043));
#7592=CARTESIAN_POINT('',(0.006,0.0167406743416746,0.0043));
#7593=CARTESIAN_POINT('',(0.006,0.0167406743416746,0.0043));
#7594=CARTESIAN_POINT('',(0.0085,0.0152406743416746,0.0043));
#7595=CARTESIAN_POINT('',(0.00785,0.0152406743416746,0.00322342501021922));
#7596=CARTESIAN_POINT('',(0.00785,0.0152406743416746,0.00252342501021921));
#7597=CARTESIAN_POINT('',(0.0085,0.0152406743416746,0.002));
#7598=CARTESIAN_POINT('',(0.00925,0.0152406743416746,0.002));
#7599=CARTESIAN_POINT('',(0.006,0.0152406743416746,0.002));
#7600=CARTESIAN_POINT('',(0.00925,0.0152406743416746,0.0043));
#7601=CARTESIAN_POINT('',(0.006,0.0152406743416746,0.0043));
#7602=CARTESIAN_POINT('',(0.,0.00904067434167459,0.002));
#7603=CARTESIAN_POINT('',(0.00785,0.0102640993518938,0.00322342501021922));
#7604=CARTESIAN_POINT('',(0.00785,0.0109640993518938,0.00392342501021922));
#7605=CARTESIAN_POINT('',(-1.7347234759768E-18,0.00954067434167459,0.0025));
#7606=CARTESIAN_POINT('',(0.009,0.00954067434167459,0.0025));
#7607=CARTESIAN_POINT('',(0.006,0.00954067434167459,0.0025));
#7608=CARTESIAN_POINT('',(0.0085,0.00904067434167459,0.002));
#7609=CARTESIAN_POINT('',(0.00925,0.0097906743416746,0.00275));
#7610=CARTESIAN_POINT('',(0.00925,0.0090406743416746,0.002));
#7611=CARTESIAN_POINT('',(0.006,0.0121906743416746,0.00515));
#7612=CARTESIAN_POINT('',(-0.006,0.0130406743416746,0.0043));
#7613=CARTESIAN_POINT('',(-0.006,0.0120406743416746,0.005));
#7614=CARTESIAN_POINT('',(-0.006,0.0113406743416746,0.0043));
#7615=CARTESIAN_POINT('',(-0.006,0.00954067434167459,0.002));
#7616=CARTESIAN_POINT('',(-0.006,0.0140406743416746,0.002));
#7617=CARTESIAN_POINT('',(-0.006,0.0140406743416746,0.0043));
#7618=CARTESIAN_POINT('',(-0.006,0.0140406743416746,0.0043));
#7619=CARTESIAN_POINT('',(-0.006,0.0130406743416746,0.0043));
#7620=CARTESIAN_POINT('',(-0.006,0.00954067434167459,0.002));
#7621=CARTESIAN_POINT('',(-0.006,0.00954067434167459,0.002));
#7622=CARTESIAN_POINT('',(-0.006,0.0045406743416746,0.002));
#7623=CARTESIAN_POINT('',(-0.006,0.00954067434167459,0.));
#7624=CARTESIAN_POINT('',(-0.006,0.0045406743416746,0.));
#7625=CARTESIAN_POINT('',(-0.006,0.0045406743416746,0.002));
#7626=CARTESIAN_POINT('',(0.006,0.00954067434167459,0.002));
#7627=CARTESIAN_POINT('',(0.006,0.00954067434167459,0.002));
#7628=CARTESIAN_POINT('',(0.006,0.00954067434167459,0.002));
#7629=CARTESIAN_POINT('',(0.006,0.00954067434167459,0.));
#7630=CARTESIAN_POINT('',(0.006,0.00954067434167459,0.002));
#7631=CARTESIAN_POINT('',(0.006,0.0045406743416746,0.002));
#7632=CARTESIAN_POINT('',(0.006,0.0045406743416746,0.002));
#7633=CARTESIAN_POINT('',(0.006,0.0045406743416746,0.));
#7634=CARTESIAN_POINT('',(0.006,0.00954067434167459,0.));
#7635=CARTESIAN_POINT('',(0.,0.,0.002));
#7636=CARTESIAN_POINT('',(-0.0085,0.0152406743416746,0.002));
#7637=CARTESIAN_POINT('',(-0.00925,0.0152406743416746,0.002));
#7638=CARTESIAN_POINT('',(-0.006,0.0152406743416746,0.002));
#7639=CARTESIAN_POINT('',(-0.00925,0.0131406743416746,0.002));
#7640=CARTESIAN_POINT('',(-0.00925,0.0167406743416746,0.002));
#7641=CARTESIAN_POINT('',(-0.0085,0.0167406743416746,0.002));
#7642=CARTESIAN_POINT('',(-0.006,0.0167406743416746,0.002));
#7643=CARTESIAN_POINT('',(-0.006,0.0167406743416746,0.002));
#7644=CARTESIAN_POINT('',(0.00925,0.0131406743416746,0.002));
#7645=CARTESIAN_POINT('',(0.00925,0.0167406743416746,0.002));
#7646=CARTESIAN_POINT('',(0.006,0.0167406743416746,0.002));
#7647=CARTESIAN_POINT('',(0.006,0.0167406743416746,0.002));
#7648=CARTESIAN_POINT('',(0.0085,0.0167406743416746,0.002));
#7649=CARTESIAN_POINT('',(0.00925,0.0131406743416746,0.002));
#7650=CARTESIAN_POINT('',(0.00925,0.0097906743416746,0.002));
#7651=CARTESIAN_POINT('',(-0.000270337170837297,0.000270337170837297,0.002));
#7652=CARTESIAN_POINT('',(0.011,0.0115406743416746,0.002));
#7653=CARTESIAN_POINT('',(0.011,0.0255406743416746,0.002));
#7654=CARTESIAN_POINT('',(0.011,0.0255406743416746,0.002));
#7655=CARTESIAN_POINT('',(-1.7347234759768E-18,0.0255406743416746,0.002));
#7656=CARTESIAN_POINT('',(0.0100004159137607,0.0255406743416746,0.002));
#7657=CARTESIAN_POINT('',(0.0100004159137607,0.0505406743416746,0.002));
#7658=CARTESIAN_POINT('',(0.0100004159137607,0.0359406743416746,0.002));
#7659=CARTESIAN_POINT('',(-3.46944695195361E-18,0.0359406743416746,0.002));
#7660=CARTESIAN_POINT('',(0.00850041591376066,0.0359406743416746,0.002));
#7661=CARTESIAN_POINT('',(0.00850041591376066,0.,0.002));
#7662=CARTESIAN_POINT('',(0.00850041591376066,0.0365,0.002));
#7663=CARTESIAN_POINT('',(-1.7347234759768E-18,0.0365,0.002));
#7664=CARTESIAN_POINT('',(-0.00750041591376066,0.0365,0.002));
#7665=CARTESIAN_POINT('',(-0.00750041591376066,0.048502,0.002));
#7666=CARTESIAN_POINT('',(-0.00750041591376066,0.0485,0.002));
#7667=CARTESIAN_POINT('',(0.0005,0.0485,0.002));
#7668=CARTESIAN_POINT('',(0.00850041591376066,0.0485,0.002));
#7669=CARTESIAN_POINT('',(0.00850041591376066,0.0555,0.002));
#7670=CARTESIAN_POINT('',(0.00850041591376066,0.0515,0.002));
#7671=CARTESIAN_POINT('',(0.0100004159137607,0.0515,0.002));
#7672=CARTESIAN_POINT('',(0.0100004159137607,0.0515,0.002));
#7673=CARTESIAN_POINT('',(0.0100004159137607,0.0555,0.002));
#7674=CARTESIAN_POINT('',(0.0100004159137607,0.0555,0.002));
#7675=CARTESIAN_POINT('',(0.0005,0.0555,0.002));
#7676=CARTESIAN_POINT('',(-0.00900041591376066,0.0555,0.002));
#7677=CARTESIAN_POINT('',(-0.00900041591376066,0.0505406743416746,0.002));
#7678=CARTESIAN_POINT('',(-0.00900041591376066,0.0255406743416746,0.002));
#7679=CARTESIAN_POINT('',(-1.7347234759768E-18,0.0255406743416746,0.002));
#7680=CARTESIAN_POINT('',(-0.011,0.0255406743416746,0.002));
#7681=CARTESIAN_POINT('',(-0.011,0.0255406743416746,0.002));
#7682=CARTESIAN_POINT('',(-0.011,0.0115406743416746,0.002));
#7683=CARTESIAN_POINT('',(0.000270337170837297,0.000270337170837297,0.002));
#7684=CARTESIAN_POINT('',(-0.00925,0.00979067434167459,0.002));
#7685=CARTESIAN_POINT('',(-0.00925,0.0131406743416746,0.002));
#7686=CARTESIAN_POINT('',(-0.00925,0.0140406743416746,0.002));
#7687=CARTESIAN_POINT('',(-0.0085,0.0140406743416746,0.002));
#7688=CARTESIAN_POINT('',(-0.0052703371708373,0.0052703371708373,0.002));
#7689=CARTESIAN_POINT('',(-0.01,0.000540674341674593,0.002));
#7690=CARTESIAN_POINT('',(-0.01,0.,0.002));
#7691=CARTESIAN_POINT('',(-0.01,-0.000540674341674592,0.002));
#7692=CARTESIAN_POINT('',(-0.0052703371708373,-0.0052703371708373,0.002));
#7693=CARTESIAN_POINT('',(-0.006,-0.0045406743416746,0.002));
#7694=CARTESIAN_POINT('',(0.,-0.0045406743416746,0.002));
#7695=CARTESIAN_POINT('',(0.006,-0.0045406743416746,0.002));
#7696=CARTESIAN_POINT('',(0.00527033717083729,-0.0052703371708373,0.002));
#7697=CARTESIAN_POINT('',(0.01,-0.000540674341674595,0.002));
#7698=CARTESIAN_POINT('',(0.01,0.,0.002));
#7699=CARTESIAN_POINT('',(0.01,0.000540674341674595,0.002));
#7700=CARTESIAN_POINT('',(0.00527033717083729,0.0052703371708373,0.002));
#7701=CARTESIAN_POINT('',(0.006,0.00954067434167459,0.002));
#7702=CARTESIAN_POINT('',(0.006,0.0120406743416746,0.002));
#7703=CARTESIAN_POINT('',(0.006,0.0130406743416746,0.002));
#7704=CARTESIAN_POINT('',(0.0075,7.34788079488412E-20,0.002));
#7705=CARTESIAN_POINT('',(0.0082,7.34788079488412E-20,0.002));
#7706=CARTESIAN_POINT('',(-0.0075,7.34788079488412E-20,0.002));
#7707=CARTESIAN_POINT('',(-0.0068,7.34788079488412E-20,0.002));
#7708=CARTESIAN_POINT('',(0.00269420340191592,0.049040044800283,0.002));
#7709=CARTESIAN_POINT('',(0.00814420340191592,0.049040044800283,0.002));
#7710=CARTESIAN_POINT('',(-0.00275579659808408,0.049040044800283,0.002));
#7711=CARTESIAN_POINT('',(-0.00275579659808408,0.052,0.002));
#7712=CARTESIAN_POINT('',(-0.00275579659808408,0.054959955199717,0.002));
#7713=CARTESIAN_POINT('',(0.00269420340191592,0.054959955199717,0.002));
#7714=CARTESIAN_POINT('',(0.00814420340191592,0.054959955199717,0.002));
#7715=CARTESIAN_POINT('',(0.00814420340191592,0.052,0.002));
#7716=CARTESIAN_POINT('',(-1.7347234759768E-18,0.0255406743416746,0.001));
#7717=CARTESIAN_POINT('',(-1.7347234759768E-18,0.0255406743416746,0.));
#7718=CARTESIAN_POINT('',(0.0100004159137607,0.0255406743416746,0.));
#7719=CARTESIAN_POINT('',(0.011,0.0255406743416746,0.));
#7720=CARTESIAN_POINT('',(0.0100004159137607,0.0255406743416746,0.001));
#7721=CARTESIAN_POINT('',(0.011,0.0255406743416746,0.001));
#7722=CARTESIAN_POINT('',(0.,0.,0.));
#7723=CARTESIAN_POINT('',(-0.00900041591376066,0.0505406743416746,0.));
#7724=CARTESIAN_POINT('',(-0.00900041591376066,0.0555,0.));
#7725=CARTESIAN_POINT('',(-0.00900041591376066,0.0255406743416746,0.));
#7726=CARTESIAN_POINT('',(0.00850041591376066,0.0555,0.));
#7727=CARTESIAN_POINT('',(0.0100004159137607,0.0555,0.));
#7728=CARTESIAN_POINT('',(0.0100004159137607,0.0505406743416746,0.));
#7729=CARTESIAN_POINT('',(0.011,0.0255406743416746,0.));
#7730=CARTESIAN_POINT('',(0.011,0.0115406743416746,0.));
#7731=CARTESIAN_POINT('',(0.009,0.00954067434167459,0.));
#7732=CARTESIAN_POINT('',(0.009,0.00954067434167459,0.));
#7733=CARTESIAN_POINT('',(-1.7347234759768E-18,0.00954067434167459,0.));
#7734=CARTESIAN_POINT('',(0.006,0.0045406743416746,0.));
#7735=CARTESIAN_POINT('',(0.01,0.000540674341674595,0.));
#7736=CARTESIAN_POINT('',(0.01,0.,0.));
#7737=CARTESIAN_POINT('',(0.01,-0.000540674341674595,0.));
#7738=CARTESIAN_POINT('',(0.01,-0.000540674341674595,0.));
#7739=CARTESIAN_POINT('',(0.006,-0.0045406743416746,0.));
#7740=CARTESIAN_POINT('',(0.,-0.0045406743416746,0.));
#7741=CARTESIAN_POINT('',(-0.006,-0.0045406743416746,0.));
#7742=CARTESIAN_POINT('',(-0.006,-0.0045406743416746,0.));
#7743=CARTESIAN_POINT('',(-0.01,-0.000540674341674592,0.));
#7744=CARTESIAN_POINT('',(-0.01,0.,0.));
#7745=CARTESIAN_POINT('',(-0.01,0.000540674341674593,0.));
#7746=CARTESIAN_POINT('',(-0.01,0.000540674341674593,0.));
#7747=CARTESIAN_POINT('',(-0.011,0.0115406743416746,0.));
#7748=CARTESIAN_POINT('',(-0.011,0.0115406743416746,0.));
#7749=CARTESIAN_POINT('',(-0.011,0.0255406743416746,0.));
#7750=CARTESIAN_POINT('',(-0.011,0.0255406743416746,0.));
#7751=CARTESIAN_POINT('',(-1.7347234759768E-18,0.0255406743416746,0.));
#7752=CARTESIAN_POINT('',(0.00269420340191592,0.0508,0.));
#7753=CARTESIAN_POINT('',(-0.000305796598084085,0.0508,0.));
#7754=CARTESIAN_POINT('',(0.00569420340191592,0.0508,0.));
#7755=CARTESIAN_POINT('',(0.00569420340191592,0.052,0.));
#7756=CARTESIAN_POINT('',(0.00569420340191592,0.0532,0.));
#7757=CARTESIAN_POINT('',(0.00269420340191592,0.0532,0.));
#7758=CARTESIAN_POINT('',(-0.000305796598084084,0.0532,0.));
#7759=CARTESIAN_POINT('',(-0.000305796598084085,0.052,0.));
#7760=CARTESIAN_POINT('',(0.0075,7.34788079488412E-20,0.));
#7761=CARTESIAN_POINT('',(0.0087,7.34788079488412E-20,0.));
#7762=CARTESIAN_POINT('',(-0.0075,7.34788079488412E-20,0.));
#7763=CARTESIAN_POINT('',(-0.0063,7.34788079488412E-20,0.));
#7764=CARTESIAN_POINT('',(-0.00750041591376066,0.048502,0.));
#7765=CARTESIAN_POINT('',(-0.00750041591376066,0.0485,0.));
#7766=CARTESIAN_POINT('',(-0.00750041591376066,0.0365,0.));
#7767=CARTESIAN_POINT('',(-1.7347234759768E-18,0.0365,0.));
#7768=CARTESIAN_POINT('',(0.00850041591376066,0.0365,0.));
#7769=CARTESIAN_POINT('',(0.00850041591376066,0.0505406743416746,0.));
#7770=CARTESIAN_POINT('',(0.00850041591376066,0.0485,0.));
#7771=CARTESIAN_POINT('',(0.00850041591376066,0.0485,0.));
#7772=CARTESIAN_POINT('',(0.,-0.0045406743416746,0.002));
#7773=CARTESIAN_POINT('',(-0.006,-0.0045406743416746,0.002));
#7774=CARTESIAN_POINT('',(0.006,-0.0045406743416746,0.002));
#7775=CARTESIAN_POINT('',(0.01,0.,0.002));
#7776=CARTESIAN_POINT('',(0.01,0.000540674341674595,0.002));
#7777=CARTESIAN_POINT('',(0.01,-0.000540674341674595,0.));
#7778=CARTESIAN_POINT('',(-0.01,0.,0.002));
#7779=CARTESIAN_POINT('',(-0.01,0.000540674341674593,0.));
#7780=CARTESIAN_POINT('',(-0.01,-0.000540674341674592,0.002));
#7781=CARTESIAN_POINT('',(-0.01,0.000540674341674593,0.002));
#7782=CARTESIAN_POINT('',(0.006,0.0045406743416746,0.002));
#7783=CARTESIAN_POINT('',(-0.006,-0.0045406743416746,0.002));
#7784=CARTESIAN_POINT('',(0.01,-0.000540674341674595,0.002));
#7785=CARTESIAN_POINT('',(-1.7347234759768E-18,0.00954067434167459,0.001));
#7786=CARTESIAN_POINT('',(0.009,0.00954067434167459,0.002));
#7787=CARTESIAN_POINT('',(0.006,0.00954067434167459,0.002));
#7788=CARTESIAN_POINT('',(-0.011,0.0255406743416746,0.001));
#7789=CARTESIAN_POINT('',(-0.011,0.0115406743416746,0.001));
#7790=CARTESIAN_POINT('',(-0.011,0.0255406743416746,0.001));
#7791=CARTESIAN_POINT('',(0.011,0.0255406743416746,0.001));
#7792=CARTESIAN_POINT('',(0.011,0.0115406743416746,0.));
#7793=CARTESIAN_POINT('',(-1.7347234759768E-18,0.0255406743416746,0.001));
#7794=CARTESIAN_POINT('',(-0.00900041591376066,0.0255406743416746,0.001));
#7795=CARTESIAN_POINT('',(-0.00900041591376066,0.0505406743416746,0.001));
#7796=CARTESIAN_POINT('',(-0.00900041591376066,0.0555,0.001));
#7797=CARTESIAN_POINT('',(0.00850041591376066,0.0365,0.0052));
#7798=CARTESIAN_POINT('',(-0.00750041591376066,0.0365,0.001));
#7799=CARTESIAN_POINT('',(0.00850041591376066,0.0365,0.0052));
#7800=CARTESIAN_POINT('',(0.006,0.0130406743416746,0.0043));
#7801=CARTESIAN_POINT('',(-0.0085,0.0140406743416746,0.0043));
#7802=CARTESIAN_POINT('',(-0.00925,0.0140406743416746,0.0043));
#7803=CARTESIAN_POINT('',(-0.00925,0.0140406743416746,0.0043));
#7804=CARTESIAN_POINT('',(-0.0085,0.0140406743416746,0.0043));
#7805=CARTESIAN_POINT('',(-0.00785,0.0140406743416746,0.00322342501021922));
#7806=CARTESIAN_POINT('',(-0.00785,0.0140406743416746,0.00392342501021921));
#7807=CARTESIAN_POINT('',(0.,0.0159796628291627,0.0043));
#7808=CARTESIAN_POINT('',(-0.00925,0.0159796628291627,0.0043));
#7809=CARTESIAN_POINT('',(-0.00925,0.0113406743416746,0.0043));
#7810=CARTESIAN_POINT('',(-0.0085,0.0113406743416746,0.0043));
#7811=CARTESIAN_POINT('',(0.00850041591376066,0.04675,0.0052));
#7812=CARTESIAN_POINT('',(0.00900041591376066,0.04675,0.0052));
#7813=CARTESIAN_POINT('',(0.00900041591376066,0.04675,0.00445));
#7814=CARTESIAN_POINT('',(0.00850041591376066,0.04675,0.0052));
#7815=CARTESIAN_POINT('',(0.00850041591376066,0.04675,0.00445));
#7816=CARTESIAN_POINT('',(0.00850041591376066,0.0425,0.0052));
#7817=CARTESIAN_POINT('',(0.00850041591376066,0.0425,0.0052));
#7818=CARTESIAN_POINT('',(0.00850041591376066,0.0425,0.00315));
#7819=CARTESIAN_POINT('',(0.0100004159137607,0.0425,0.0052));
#7820=CARTESIAN_POINT('',(0.0100004159137607,0.0425,0.00315));
#7821=CARTESIAN_POINT('',(0.00850041591376066,0.0425,0.0104));
#7822=CARTESIAN_POINT('',(0.0100004159137607,0.0425,0.0104));
#7823=CARTESIAN_POINT('',(0.0100004159137607,0.0365,0.0104));
#7824=CARTESIAN_POINT('',(0.0100004159137607,0.0485,0.0104));
#7825=CARTESIAN_POINT('',(0.00850041591376066,0.0485,0.0104));
#7826=CARTESIAN_POINT('',(0.00850041591376066,0.0485,0.0104));
#7827=CARTESIAN_POINT('',(0.00850041591376066,0.0425,0.0104));
#7828=CARTESIAN_POINT('',(0.00850041591376066,0.0365,0.0104));
#7829=CARTESIAN_POINT('',(0.00850041591376066,0.0365,0.0104));
#7830=CARTESIAN_POINT('',(0.00850041591376066,0.03825,0.0052));
#7831=CARTESIAN_POINT('',(0.00900041591376066,0.03825,0.0052));
#7832=CARTESIAN_POINT('',(0.00900041591376066,0.03825,0.00445));
#7833=CARTESIAN_POINT('',(0.00850041591376066,0.03825,0.0052));
#7834=CARTESIAN_POINT('',(0.00850041591376066,0.03825,0.00445));
#7835=CARTESIAN_POINT('',(0.00850041591376066,0.0380406743416746,0.0052));
#7836=CARTESIAN_POINT('',(0.00850041591376066,0.0359406743416746,0.0052));
#7837=CARTESIAN_POINT('',(0.00850041591376066,0.0359406743416746,0.00570166447006652));
#7838=CARTESIAN_POINT('',(0.00850041591376066,0.0359111329561442,0.00545351683161077));
#7839=CARTESIAN_POINT('',(0.00850041591376066,0.0489638771879722,0.00910114387367774));
#7840=CARTESIAN_POINT('',(0.00850041591376066,0.0485,0.0052));
#7841=CARTESIAN_POINT('',(0.0100004159137607,0.0380406743416746,0.0052));
#7842=CARTESIAN_POINT('',(0.0100004159137607,0.04675,0.0052));
#7843=CARTESIAN_POINT('',(0.0100004159137607,0.0485,0.0052));
#7844=CARTESIAN_POINT('',(0.0100004159137607,0.0359406743416746,0.0052));
#7845=CARTESIAN_POINT('',(0.0100004159137607,0.0359406743416746,0.00570166447006652));
#7846=CARTESIAN_POINT('',(0.0100004159137607,0.0555,0.0052));
#7847=CARTESIAN_POINT('',(0.0100004159137607,0.0485,0.0104));
#7848=CARTESIAN_POINT('',(0.0100004159137607,0.0355,0.002));
#7849=CARTESIAN_POINT('',(0.0100004159137607,0.03825,0.0052));
#7850=CARTESIAN_POINT('',(0.0100004159137607,0.0365,0.0052));
#7851=CARTESIAN_POINT('',(-0.0075,7.34788079488412E-20,-2.00000000000027E-6));
#7852=CARTESIAN_POINT('',(-0.0075,7.34788079488412E-20,0.0005));
#7853=CARTESIAN_POINT('',(-0.0068,7.34788079488412E-20,0.0005));
#7854=CARTESIAN_POINT('',(0.0075,7.34788079488412E-20,-2.00000000000027E-6));
#7855=CARTESIAN_POINT('',(0.0075,7.34788079488412E-20,0.0005));
#7856=CARTESIAN_POINT('',(0.0082,7.34788079488412E-20,0.0005));
#7857=CARTESIAN_POINT('',(0.0075,7.34788079488412E-20,0.0005));
#7858=CARTESIAN_POINT('',(-0.0075,7.34788079488412E-20,0.0005));
#7859=CARTESIAN_POINT('',(0.006,0.0167406743416746,0.0043));
#7860=CARTESIAN_POINT('',(0.006,0.0167406743416746,0.0043));
#7861=CARTESIAN_POINT('',(0.0085,0.0167406743416746,0.0043));
#7862=CARTESIAN_POINT('',(0.00785,0.0167406743416746,0.00322342501021922));
#7863=CARTESIAN_POINT('',(0.00785,0.0167406743416746,0.00392342501021921));
#7864=CARTESIAN_POINT('',(0.00925,0.0167406743416746,0.027));
#7865=CARTESIAN_POINT('',(-0.0085,0.0167406743416746,0.0043));
#7866=CARTESIAN_POINT('',(-0.0085,0.0167406743416746,0.0043));
#7867=CARTESIAN_POINT('',(-0.00925,0.0167406743416746,0.0043));
#7868=CARTESIAN_POINT('',(-0.006,0.0167406743416746,0.0043));
#7869=CARTESIAN_POINT('',(-0.00925,0.0167406743416746,0.0043));
#7870=CARTESIAN_POINT('',(-0.00925,0.0152406743416746,0.0043));
#7871=CARTESIAN_POINT('',(-0.0085,0.0152406743416746,0.0043));
#7872=CARTESIAN_POINT('',(-0.006,0.0152406743416746,0.0043));
#7873=CARTESIAN_POINT('',(-0.006,0.0167406743416746,0.0043));
#7874=CARTESIAN_POINT('',(-0.006,0.0167406743416746,0.0043));
#7875=CARTESIAN_POINT('',(-0.006,0.0152406743416746,0.0043));
#7876=CARTESIAN_POINT('',(-0.006,0.0167406743416746,0.0043));
#7877=CARTESIAN_POINT('',(-0.0085,0.0167406743416746,0.0043));
#7878=CARTESIAN_POINT('',(-0.00925,0.0167406743416746,0.027));
#7879=CARTESIAN_POINT('',(-0.00785,0.0167406743416746,0.00322342501021922));
#7880=CARTESIAN_POINT('',(-0.00785,0.0167406743416746,0.00392342501021921));
#7881=CARTESIAN_POINT('',(-0.0085,0.0152406743416746,0.0043));
#7882=CARTESIAN_POINT('',(-0.00785,0.0152406743416746,0.00322342501021922));
#7883=CARTESIAN_POINT('',(-0.00785,0.0152406743416746,0.00392342501021921));
#7884=CARTESIAN_POINT('',(-0.00925,0.0152406743416746,0.0043));
#7885=CARTESIAN_POINT('',(-0.0085,0.0120406743416746,0.005));
#7886=CARTESIAN_POINT('',(-0.00785,0.0102640993518938,0.00322342501021922));
#7887=CARTESIAN_POINT('',(-0.00785,0.0109640993518938,0.00392342501021922));
#7888=CARTESIAN_POINT('',(-0.00925,0.0120406743416746,0.005));
#7889=CARTESIAN_POINT('',(-0.00925,0.00979067434167459,0.00275));
#7890=CARTESIAN_POINT('',(-0.00983333333333333,0.0103740076750079,0.00333333333333333));
#7891=CARTESIAN_POINT('',(-0.00785,0.00953867434167459,0.00322342501021922));
#7892=CARTESIAN_POINT('',(0.00785,0.00953867434167459,0.00322342501021922));
#7893=CARTESIAN_POINT('',(-0.00785,0.00953867434167459,0.00322342501021922));
#7894=CARTESIAN_POINT('',(0.00785,0.00953867434167459,0.00322342501021922));
#7895=CARTESIAN_POINT('',(0.00900041591376066,0.03825,0.0052));
#7896=CARTESIAN_POINT('',(0.00900041591376066,0.04675,0.0052));
#7897=CARTESIAN_POINT('',(0.0005,0.0485,0.0052));
#7898=CARTESIAN_POINT('',(-0.00750041591376066,0.0485,0.001));
#7899=CARTESIAN_POINT('',(0.0005,0.0555,0.0052));
#7900=CARTESIAN_POINT('',(0.,0.0355,0.002));
#7901=CARTESIAN_POINT('',(0.,0.0359406743416746,0.00570166447006652));
#7902=CARTESIAN_POINT('',(-3.46944695195361E-18,0.0359406743416746,0.027));
#7903=CARTESIAN_POINT('',(-0.00925,0.0131406743416746,0.027));
#7904=CARTESIAN_POINT('',(-0.00925,0.00979067434167459,0.001));
#7905=CARTESIAN_POINT('',(0.00925,0.0131406743416746,0.027));
#7906=CARTESIAN_POINT('',(0.00925,0.0097906743416746,0.027));
#7907=CARTESIAN_POINT('',(-0.00925,0.0131406743416746,0.027));
#7908=CARTESIAN_POINT('',(0.00925,0.0131406743416746,0.027));
#7909=CARTESIAN_POINT('',(0.00850041591376066,0.0485,0.0104));
#7910=CARTESIAN_POINT('',(0.00269420340191592,0.049040044800283,0.007));
#7911=CARTESIAN_POINT('',(0.00814420340191592,0.049040044800283,0.007));
#7912=CARTESIAN_POINT('',(0.00814420340191592,0.049040044800283,0.007));
#7913=CARTESIAN_POINT('',(0.00269420340191592,0.049040044800283,0.007));
#7914=CARTESIAN_POINT('',(-0.00275579659808408,0.049040044800283,0.007));
#7915=CARTESIAN_POINT('',(-0.00275579659808408,0.049040044800283,0.007));
#7916=CARTESIAN_POINT('',(0.00814420340191592,0.052,0.007));
#7917=CARTESIAN_POINT('',(0.00814420340191592,0.054959955199717,0.007));
#7918=CARTESIAN_POINT('',(0.00814420340191592,0.054959955199717,0.007));
#7919=CARTESIAN_POINT('',(0.00814420340191592,0.052,0.007));
#7920=CARTESIAN_POINT('',(0.00269420340191592,0.054959955199717,0.007));
#7921=CARTESIAN_POINT('',(-0.00275579659808408,0.054959955199717,0.007));
#7922=CARTESIAN_POINT('',(-0.00275579659808408,0.054959955199717,0.007));
#7923=CARTESIAN_POINT('',(0.00269420340191592,0.054959955199717,0.007));
#7924=CARTESIAN_POINT('',(0.00714420340191592,0.052,0.007));
#7925=CARTESIAN_POINT('',(0.00714420340191592,0.04995,0.007));
#7926=CARTESIAN_POINT('',(0.00714420340191592,0.04995,0.007));
#7927=CARTESIAN_POINT('',(0.00714420340191592,0.052,0.007));
#7928=CARTESIAN_POINT('',(0.00714420340191592,0.05405,0.007));
#7929=CARTESIAN_POINT('',(0.00714420340191592,0.05405,0.007));
#7930=CARTESIAN_POINT('',(0.00269420340191592,0.04995,0.007));
#7931=CARTESIAN_POINT('',(-0.00175579659808409,0.04995,0.007));
#7932=CARTESIAN_POINT('',(-0.00175579659808409,0.04995,0.007));
#7933=CARTESIAN_POINT('',(0.00269420340191592,0.04995,0.007));
#7934=CARTESIAN_POINT('',(-0.00175579659808409,0.052,0.007));
#7935=CARTESIAN_POINT('',(-0.00175579659808409,0.05405,0.007));
#7936=CARTESIAN_POINT('',(-0.00175579659808409,0.05405,0.007));
#7937=CARTESIAN_POINT('',(-0.00175579659808409,0.052,0.007));
#7938=CARTESIAN_POINT('',(0.00269420340191592,0.05405,0.007));
#7939=CARTESIAN_POINT('',(0.00269420340191592,0.05405,0.007));
#7940=CARTESIAN_POINT('',(-0.00275579659808408,0.052,0.007));
#7941=CARTESIAN_POINT('',(-0.00275579659808408,0.052,0.007));
#7942=CARTESIAN_POINT('',(0.0005,0.052,0.007));
#7943=CARTESIAN_POINT('',(0.00569420340191592,0.052,-1.99999999999983E-6));
#7944=CARTESIAN_POINT('',(0.00569420340191592,0.0508,-1.99999999999983E-6));
#7945=CARTESIAN_POINT('',(0.00569420340191592,0.0532,-1.99999999999983E-6));
#7946=CARTESIAN_POINT('',(0.00269420340191592,0.0508,-1.99999999999983E-6));
#7947=CARTESIAN_POINT('',(-0.000305796598084085,0.0508,-1.99999999999983E-6));
#7948=CARTESIAN_POINT('',(0.00269420340191592,0.0532,-1.99999999999983E-6));
#7949=CARTESIAN_POINT('',(-0.000305796598084084,0.0532,-1.99999999999983E-6));
#7950=CARTESIAN_POINT('',(-0.000305796598084085,0.052,-1.99999999999983E-6));
#7951=CARTESIAN_POINT('',(0.009,0.00954067434167459,0.001));
#7952=CARTESIAN_POINT('',(-0.011,0.0115406743416746,0.001));
#7953=CARTESIAN_POINT('',(-0.00750041591376066,0.048502,0.001));
#7954=CARTESIAN_POINT('',(0.00539998597837983,0.00129251516831573,0.00330094888806343));
#7955=CARTESIAN_POINT('',(-0.0058,-0.00968944444444445,0.00336241386109098));
#7956=CARTESIAN_POINT('',(-0.0058,-0.00968944444444445,0.00336241386109098));
#7957=CARTESIAN_POINT('',(-0.0058,-0.00622048355831969,0.00336241386109098));
#7958=CARTESIAN_POINT('',(-0.0058,-0.00968944444444445,0.00336241386109098));
#7959=CARTESIAN_POINT('',(-0.0058,-0.00938944444444445,0.00336241386109098));
#7960=CARTESIAN_POINT('',(-0.0048,-0.00968944444444445,0.00336241386109098));
#7961=CARTESIAN_POINT('',(-0.0048,-0.00968944444444445,0.00336241386109098));
#7962=CARTESIAN_POINT('',(-0.0048,-0.00622048355831969,0.00336241386109098));
#7963=CARTESIAN_POINT('',(-0.0048,-0.00968944444444445,0.00336241386109098));
#7964=CARTESIAN_POINT('',(-0.0048,-0.00938944444444445,0.00336241386109098));
#7965=CARTESIAN_POINT('',(-0.01467,-0.00968944444444445,0.00158));
#7966=CARTESIAN_POINT('',(-0.02284,-0.0120744444444444,0.00158));
#7967=CARTESIAN_POINT('',(-0.02284,-0.0120744444444444,0.00158));
#7968=CARTESIAN_POINT('',(-0.0065,-0.0120744444444444,0.00158));
#7969=CARTESIAN_POINT('',(-0.02284,-0.00730444444444445,0.00158));
#7970=CARTESIAN_POINT('',(-0.02284,-0.00730444444444445,0.00158));
#7971=CARTESIAN_POINT('',(-0.0065,-0.00730444444444445,0.00158));
#7972=CARTESIAN_POINT('',(-0.0065,-0.00730444444444445,0.00158));
#7973=CARTESIAN_POINT('',(-0.0065,-0.0120744444444444,0.00158));
#7974=CARTESIAN_POINT('',(-0.01467,-0.00968944444444445,0.00608));
#7975=CARTESIAN_POINT('',(-0.02284,-0.00730444444444445,0.00608));
#7976=CARTESIAN_POINT('',(-0.02284,-0.0120744444444444,0.00608));
#7977=CARTESIAN_POINT('',(-0.02284,-0.00730444444444445,0.00608));
#7978=CARTESIAN_POINT('',(-0.02284,-0.0120744444444444,0.00608));
#7979=CARTESIAN_POINT('',(-0.0065,-0.0120744444444444,0.00608));
#7980=CARTESIAN_POINT('',(-0.0065,-0.0120744444444444,0.00608));
#7981=CARTESIAN_POINT('',(-0.0065,-0.00730444444444445,0.00608));
#7982=CARTESIAN_POINT('',(-0.0065,-0.00730444444444445,0.00608));
#7983=CARTESIAN_POINT('',(-0.02117,-0.00968944444444445,0.00608));
#7984=CARTESIAN_POINT('',(-0.02117,-0.0102894444444444,0.00608));
#7985=CARTESIAN_POINT('',(-0.02117,-0.00908944444444445,0.00608));
#7986=CARTESIAN_POINT('',(-0.01467,-0.00908944444444445,0.00608));
#7987=CARTESIAN_POINT('',(-0.00817,-0.00908944444444445,0.00608));
#7988=CARTESIAN_POINT('',(-0.00817,-0.00968944444444445,0.00608));
#7989=CARTESIAN_POINT('',(-0.00817,-0.0102894444444444,0.00608));
#7990=CARTESIAN_POINT('',(-0.01467,-0.0102894444444444,0.00608));
#7991=CARTESIAN_POINT('',(-0.01467,-0.0120744444444444,0.00158));
#7992=CARTESIAN_POINT('',(-0.02284,-0.0120744444444444,0.00158));
#7993=CARTESIAN_POINT('',(-0.0065,-0.0120744444444444,0.00158));
#7994=CARTESIAN_POINT('',(-0.0065,-0.00968944444444445,0.00158));
#7995=CARTESIAN_POINT('',(-0.0065,-0.00730444444444445,0.00158));
#7996=CARTESIAN_POINT('',(-0.0065,-0.00968944444444445,0.00336241386109098));
#7997=CARTESIAN_POINT('',(-0.0065,-0.00938944444444445,0.00336241386109098));
#7998=CARTESIAN_POINT('',(-0.01467,-0.00730444444444445,0.00158));
#7999=CARTESIAN_POINT('',(-0.02284,-0.00730444444444445,0.00158));
#8000=CARTESIAN_POINT('',(-0.02284,-0.00968944444444445,0.00158));
#8001=CARTESIAN_POINT('',(-0.01467,-0.00968944444444446,0.00330222222222222));
#8002=CARTESIAN_POINT('',(-0.01467,-0.00998334403037524,0.00330222222222222));
#8003=CARTESIAN_POINT('',(-0.00817,-0.00998334403037524,0.00330222222222222));
#8004=CARTESIAN_POINT('',(-0.02117,-0.00998334403037525,0.00330222222222222));
#8005=CARTESIAN_POINT('',(-0.02117,-0.0102894444444445,0.00330222222222222));
#8006=CARTESIAN_POINT('',(-0.02117,-0.0102894444444445,0.00330222222222222));
#8007=CARTESIAN_POINT('',(-0.00817,-0.0102894444444445,0.00330222222222222));
#8008=CARTESIAN_POINT('',(-0.00817,-0.0102894444444445,0.00330222222222222));
#8009=CARTESIAN_POINT('',(-0.00817,-0.00908944444444446,0.00330222222222221));
#8010=CARTESIAN_POINT('',(-0.01467,-0.00908944444444445,0.00608));
#8011=CARTESIAN_POINT('',(-0.02117,-0.00908944444444446,0.00330222222222221));
#8012=CARTESIAN_POINT('',(-0.00817,-0.00908944444444446,0.00330222222222221));
#8013=CARTESIAN_POINT('',(-0.02117,-0.00908944444444446,0.00330222222222221));
#8014=CARTESIAN_POINT('',(-0.00817,-0.00908944444444445,0.00608));
#8015=CARTESIAN_POINT('',(-0.02117,-0.00908944444444445,0.00608));
#8016=CARTESIAN_POINT('',(-0.00817,-0.00968944444444445,0.00608));
#8017=CARTESIAN_POINT('',(-0.00817,-0.00908944444444446,0.00330222222222221));
#8018=CARTESIAN_POINT('',(-0.00817,-0.00939554485851365,0.00330222222222222));
#8019=CARTESIAN_POINT('',(-0.00817,-0.00968944444444445,0.00336241386109098));
#8020=CARTESIAN_POINT('',(-0.00817,-0.0102894444444444,0.00608));
#8021=CARTESIAN_POINT('',(-0.01467,-0.0102894444444444,0.00608));
#8022=CARTESIAN_POINT('',(-0.02117,-0.0102894444444444,0.00608));
#8023=CARTESIAN_POINT('',(-0.01467,-0.00968944444444446,0.00330222222222222));
#8024=CARTESIAN_POINT('',(-0.01467,-0.00939554485851365,0.00330222222222222));
#8025=CARTESIAN_POINT('',(-0.02117,-0.00939554485851366,0.00330222222222221));
#8026=CARTESIAN_POINT('',(-0.02117,-0.0102894444444445,0.00330222222222222));
#8027=CARTESIAN_POINT('',(-0.02117,-0.00968944444444445,0.00608));
#8028=CARTESIAN_POINT('',(-0.02117,-0.00968944444444445,0.00336241386109098));
#8029=CARTESIAN_POINT('',(-0.00373,-0.00968944444444445,0.00336241386109098));
#8030=CARTESIAN_POINT('',(-0.00373,-0.00968944444444445,0.00336241386109098));
#8031=CARTESIAN_POINT('',(-0.00373,-0.00938944444444445,0.00336241386109098));
#8032=CARTESIAN_POINT('',(-0.02284,-0.00968944444444445,0.00336241386109098));
#8033=CARTESIAN_POINT('',(-0.02284,-0.00968944444444445,0.00336241386109098));
#8034=CARTESIAN_POINT('',(-0.02284,-0.00968944444444445,0.00336241386109098));
#8035=CARTESIAN_POINT('',(-0.0058,-0.00968944444444445,0.00336241386109098));
#8036=CARTESIAN_POINT('',(0.0209974859783798,0.0165331895099903,0.0243988183427272));
#8037=CARTESIAN_POINT('',(0.,9.95025524307225E-20,0.005));
#8038=CARTESIAN_POINT('',(0.,9.95025524307225E-20,0.005));
#8039=CARTESIAN_POINT('',(-0.001625,9.95025524307225E-20,0.005));
#8040=CARTESIAN_POINT('',(0.,9.95025524307225E-20,0.));
#8041=CARTESIAN_POINT('',(-0.001625,9.95025524307225E-20,0.));
#8042=CARTESIAN_POINT('',(-0.001425,-0.000781024967590666,0.005));
#8043=CARTESIAN_POINT('',(-0.001425,-0.000781024967590666,0.0031));
#8044=CARTESIAN_POINT('',(-0.001425,-0.000781024967590666,0.0030150076352911));
#8045=CARTESIAN_POINT('',(0.,9.95025524307225E-20,0.0031));
#8046=CARTESIAN_POINT('',(0.001425,-0.000781024967590666,0.0031));
#8047=CARTESIAN_POINT('',(0.001425,-0.000781024967590666,0.005));
#8048=CARTESIAN_POINT('',(0.001425,-0.000781024967590666,0.0009));
#8049=CARTESIAN_POINT('',(0.,9.95025524307225E-20,0.0009));
#8050=CARTESIAN_POINT('',(-0.001425,-0.000781024967590666,0.0009));
#8051=CARTESIAN_POINT('',(-0.001425,-0.000781024967590666,0.005));
#8052=CARTESIAN_POINT('',(-0.001425,-0.000781024967590666,0.000984992364708903));
#8053=CARTESIAN_POINT('',(-0.00142499999999999,-0.000781024967590809,0.000984992364708662));
#8054=CARTESIAN_POINT('',(-0.00152456342246383,-0.00059936896055096,0.000845212256581445));
#8055=CARTESIAN_POINT('',(-0.0016813649559939,-0.000135430190899057,0.000648540843046562));
#8056=CARTESIAN_POINT('',(-0.00155053370247433,0.000636730941708128,0.000813335872136695));
#8057=CARTESIAN_POINT('',(-0.00119993232970494,0.00113163517768157,0.00127939902782989));
#8058=CARTESIAN_POINT('',(-0.00090037909316852,0.00135521658702583,0.0019999195723124));
#8059=CARTESIAN_POINT('',(-0.00119970475497019,0.00113181088207355,0.00272002401152889));
#8060=CARTESIAN_POINT('',(-0.00154884584405015,0.000638916947536771,0.00318450147382509));
#8061=CARTESIAN_POINT('',(-0.00168224223892225,-0.000128746685657626,0.00335255631147716));
#8062=CARTESIAN_POINT('',(-0.00152496397035999,-0.000598638150684693,0.00315535008475676));
#8063=CARTESIAN_POINT('',(-0.00142499999999999,-0.000781024967590726,0.0030150076352912));
#8064=CARTESIAN_POINT('',(0.,5.05166804648283E-20,0.005));
#8065=CARTESIAN_POINT('',(0.,5.05166804648283E-20,0.0005));
#8066=CARTESIAN_POINT('',(-0.000825,5.05166804648283E-20,0.0005));
#8067=CARTESIAN_POINT('',(0.,5.05166804648283E-20,0.0045));
#8068=CARTESIAN_POINT('',(-0.000825,5.05166804648283E-20,0.0045));
#8069=CARTESIAN_POINT('',(0.,0.,0.005));
#8070=CARTESIAN_POINT('',(0.,5.05166804648283E-20,0.005));
#8071=CARTESIAN_POINT('',(-0.001325,5.05166804648283E-20,0.005));
#8072=CARTESIAN_POINT('',(0.,0.,0.));
#8073=CARTESIAN_POINT('',(0.,5.05166804648283E-20,0.));
#8074=CARTESIAN_POINT('',(-0.001325,5.05166804648283E-20,0.));
#8075=CARTESIAN_POINT('',(-0.001425,-0.0044,0.0031));
#8076=CARTESIAN_POINT('',(0.,-0.00565,0.0031));
#8077=CARTESIAN_POINT('',(0.00075,-0.00565,0.0031));
#8078=CARTESIAN_POINT('',(-0.00075,-0.00565,0.0031));
#8079=CARTESIAN_POINT('',(-0.00075,-0.00465,0.0031));
#8080=CARTESIAN_POINT('',(-0.00075,-0.00365,0.0031));
#8081=CARTESIAN_POINT('',(-1.0842021724855E-19,-0.00365,0.0031));
#8082=CARTESIAN_POINT('',(0.00075,-0.00365,0.0031));
#8083=CARTESIAN_POINT('',(0.00075,-0.00465,0.0031));
#8084=CARTESIAN_POINT('',(-0.001425,-0.0074,0.0031));
#8085=CARTESIAN_POINT('',(-0.000425,-0.0074,0.0031));
#8086=CARTESIAN_POINT('',(0.000425,-0.0074,0.0031));
#8087=CARTESIAN_POINT('',(0.001425,-0.0064,0.0031));
#8088=CARTESIAN_POINT('',(0.001425,-0.0065332143403287,0.0031));
#8089=CARTESIAN_POINT('',(0.00137740218392324,-0.00678067614719163,0.0031));
#8090=CARTESIAN_POINT('',(0.0011416839566954,-0.00711664942940887,0.0031));
#8091=CARTESIAN_POINT('',(0.000806228391002134,-0.00735235970363013,0.0031));
#8092=CARTESIAN_POINT('',(0.00055845222997015,-0.0074,0.0031));
#8093=CARTESIAN_POINT('',(0.000425,-0.0074,0.0031));
#8094=CARTESIAN_POINT('',(0.001425,-0.0064,0.0031));
#8095=CARTESIAN_POINT('',(0.001425,-0.0044,0.0031));
#8096=CARTESIAN_POINT('',(-0.001425,-0.0044,0.0031));
#8097=CARTESIAN_POINT('',(-0.001425,-0.0064,0.0031));
#8098=CARTESIAN_POINT('',(-0.000425,-0.0074,0.0031));
#8099=CARTESIAN_POINT('',(-0.00055821434032856,-0.0074,0.0031));
#8100=CARTESIAN_POINT('',(-0.000805676147191299,-0.00735240218392327,0.0031));
#8101=CARTESIAN_POINT('',(-0.00114164942940896,-0.00711668395669531,0.0031));
#8102=CARTESIAN_POINT('',(-0.0013773597036301,-0.00678122839100246,0.0031));
#8103=CARTESIAN_POINT('',(-0.001425,-0.00653345222997029,0.0031));
#8104=CARTESIAN_POINT('',(-0.001425,-0.0064,0.0031));
#8105=CARTESIAN_POINT('',(-0.001425,-0.0074,0.002));
#8106=CARTESIAN_POINT('',(-0.001425,-0.0074,0.0009));
#8107=CARTESIAN_POINT('',(-0.000425,-0.0074,0.0009));
#8108=CARTESIAN_POINT('',(0.000425,-0.0074,0.0009));
#8109=CARTESIAN_POINT('',(0.000425,-0.0074,0.0031));
#8110=CARTESIAN_POINT('',(0.000425,-0.0074,0.00236666666666667));
#8111=CARTESIAN_POINT('',(0.000425,-0.0074,0.00163333333333333));
#8112=CARTESIAN_POINT('',(0.000425,-0.0074,0.0009));
#8113=CARTESIAN_POINT('',(-0.000425,-0.0074,0.0009));
#8114=CARTESIAN_POINT('',(-0.000425,-0.0074,0.00163333333333333));
#8115=CARTESIAN_POINT('',(-0.000425,-0.0074,0.00236666666666667));
#8116=CARTESIAN_POINT('',(-0.000425,-0.0074,0.0031));
#8117=CARTESIAN_POINT('',(-0.001425,-0.0044,0.0009));
#8118=CARTESIAN_POINT('',(0.00075,-0.0044,0.0009));
#8119=CARTESIAN_POINT('',(0.00075,-0.00565,0.0009));
#8120=CARTESIAN_POINT('',(0.00075,-0.00365,0.0009));
#8121=CARTESIAN_POINT('',(-1.0842021724855E-19,-0.00365,0.0009));
#8122=CARTESIAN_POINT('',(-0.00075,-0.00365,0.0009));
#8123=CARTESIAN_POINT('',(-0.00075,-0.0044,0.0009));
#8124=CARTESIAN_POINT('',(-0.00075,-0.00565,0.0009));
#8125=CARTESIAN_POINT('',(0.,-0.00565,0.0009));
#8126=CARTESIAN_POINT('',(-0.001425,-0.0044,0.0009));
#8127=CARTESIAN_POINT('',(-0.001425,-0.0064,0.0009));
#8128=CARTESIAN_POINT('',(0.001425,-0.0044,0.0009));
#8129=CARTESIAN_POINT('',(0.001425,-0.0064,0.0009));
#8130=CARTESIAN_POINT('',(0.000425,-0.0074,0.000900000000000001));
#8131=CARTESIAN_POINT('',(0.000558214340328982,-0.0074,0.000900000000000001));
#8132=CARTESIAN_POINT('',(0.000805676147192279,-0.00735240218392319,0.000900000000000001));
#8133=CARTESIAN_POINT('',(0.00114164942940869,-0.00711668395669557,0.000900000000000001));
#8134=CARTESIAN_POINT('',(0.00137735970363018,-0.00678122839100148,0.000900000000000001));
#8135=CARTESIAN_POINT('',(0.001425,-0.00653345222996987,0.000900000000000001));
#8136=CARTESIAN_POINT('',(0.001425,-0.0064,0.000900000000000001));
#8137=CARTESIAN_POINT('',(-0.001425,-0.0064,0.000900000000000001));
#8138=CARTESIAN_POINT('',(-0.001425,-0.00653321434032901,0.000900000000000001));
#8139=CARTESIAN_POINT('',(-0.00137740218392319,-0.00678067614719235,0.000900000000000001));
#8140=CARTESIAN_POINT('',(-0.00114168395669559,-0.00711664942940868,0.000900000000000001));
#8141=CARTESIAN_POINT('',(-0.000806228391001414,-0.00735235970363018,0.000900000000000001));
#8142=CARTESIAN_POINT('',(-0.00055845222996984,-0.0074,0.000900000000000001));
#8143=CARTESIAN_POINT('',(-0.000425,-0.0074,0.000900000000000001));
#8144=CARTESIAN_POINT('',(-0.001425,-0.0037,0.0025));
#8145=CARTESIAN_POINT('',(-0.001425,0.,0.002));
#8146=CARTESIAN_POINT('',(-0.001425,-0.0064,0.0031));
#8147=CARTESIAN_POINT('',(-0.001425,-0.0064,0.00236666666666667));
#8148=CARTESIAN_POINT('',(-0.001425,-0.0064,0.00163333333333333));
#8149=CARTESIAN_POINT('',(-0.001425,-0.0064,0.0009));
#8150=CARTESIAN_POINT('',(0.001425,-0.0037,0.0025));
#8151=CARTESIAN_POINT('',(0.001425,-0.0064,0.0009));
#8152=CARTESIAN_POINT('',(0.001425,-0.0064,0.00163333333333333));
#8153=CARTESIAN_POINT('',(0.001425,-0.0064,0.00236666666666667));
#8154=CARTESIAN_POINT('',(0.001425,-0.0064,0.0031));
#8155=CARTESIAN_POINT('',(0.00075,-0.00465,-0.00772726051271763));
#8156=CARTESIAN_POINT('',(0.00075,-0.00565,-0.00772726051271763));
#8157=CARTESIAN_POINT('',(0.00075,-0.00365,-0.00772726051271763));
#8158=CARTESIAN_POINT('',(0.,-0.00565,-0.00772726051271763));
#8159=CARTESIAN_POINT('',(-0.00075,-0.00565,-0.00772726051271763));
#8160=CARTESIAN_POINT('',(-0.00075,-0.00465,-0.00772726051271763));
#8161=CARTESIAN_POINT('',(-0.00075,-0.00365,-0.00772726051271763));
#8162=CARTESIAN_POINT('',(-1.0842021724855E-19,-0.00365,-0.00772726051271763));
#8163=CARTESIAN_POINT('',(-0.0029,0.,0.002));
#8164=CARTESIAN_POINT('',(-0.0029,0.,0.002));
#8165=CARTESIAN_POINT('',(-0.0029,0.,0.000719281256598772));
#8166=CARTESIAN_POINT('',(-0.0029,0.,0.002));
#8167=CARTESIAN_POINT('',(-0.0029,0.,0.002));
#8168=CARTESIAN_POINT('',(-0.0029,0.,0.00105));
#8169=CARTESIAN_POINT('',(-0.0081,0.,0.002));
#8170=CARTESIAN_POINT('',(-0.0081,0.,0.002));
#8171=CARTESIAN_POINT('',(-0.0081,0.,0.00105));
#8172=CARTESIAN_POINT('',(-0.0088,0.,0.002));
#8173=CARTESIAN_POINT('',(-0.0082,0.,0.002));
#8174=CARTESIAN_POINT('',(-0.0082,0.,0.00085));
#8175=CARTESIAN_POINT('',(-0.0081,0.,0.002));
#8176=CARTESIAN_POINT('',(-0.0081,0.,0.00085));
#8177=CARTESIAN_POINT('',(-0.0088,0.,0.002));
#8178=CARTESIAN_POINT('',(-0.0088,0.,0.002));
#8179=CARTESIAN_POINT('',(-0.0088,0.,0.00119641016151378));
#8180=CARTESIAN_POINT('',(-0.0081,0.,0.002));
#8181=CARTESIAN_POINT('',(-0.0088,0.,0.002));
#8182=CARTESIAN_POINT('',(0.,5.05166804648283E-20,0.0045));
#8183=CARTESIAN_POINT('',(0.,5.05166804648283E-20,0.));
#8184=CARTESIAN_POINT('',(-0.000425,-0.0074,0.0031));
#8185=CARTESIAN_POINT('',(-0.000425,-0.0074,0.0009));
#8186=CARTESIAN_POINT('',(-0.000647222222222223,-0.0074,0.0031));
#8187=CARTESIAN_POINT('',(-0.000647222222222223,-0.0074,0.0009));
#8188=CARTESIAN_POINT('',(-0.00121388888888889,-0.00718888888888889,0.0031));
#8189=CARTESIAN_POINT('',(-0.00121388888888889,-0.00718888888888889,0.000900000000000001));
#8190=CARTESIAN_POINT('',(-0.001425,-0.00662222222222223,0.0031));
#8191=CARTESIAN_POINT('',(-0.001425,-0.00662222222222223,0.000900000000000002));
#8192=CARTESIAN_POINT('',(-0.001425,-0.0064,0.0031));
#8193=CARTESIAN_POINT('',(-0.001425,-0.0064,0.000899999999999999));
#8194=CARTESIAN_POINT('',(0.000425,-0.0074,0.000899999999999999));
#8195=CARTESIAN_POINT('',(0.000425,-0.0074,0.0031));
#8196=CARTESIAN_POINT('',(0.000647222222222223,-0.0074,0.0009));
#8197=CARTESIAN_POINT('',(0.000647222222222223,-0.0074,0.0031));
#8198=CARTESIAN_POINT('',(0.0012138888888889,-0.00718888888888889,0.000900000000000004));
#8199=CARTESIAN_POINT('',(0.0012138888888889,-0.00718888888888889,0.00310000000000001));
#8200=CARTESIAN_POINT('',(0.001425,-0.00662222222222223,0.000900000000000003));
#8201=CARTESIAN_POINT('',(0.001425,-0.00662222222222223,0.0031));
#8202=CARTESIAN_POINT('',(0.001425,-0.0064,0.000899999999999999));
#8203=CARTESIAN_POINT('',(0.001425,-0.0064,0.0031));
#8204=CARTESIAN_POINT('',(0.0128999859783798,0.00129251516831573,0.00530094888806343));
#8205=CARTESIAN_POINT('',(-0.01992,-0.00968944444444445,0.00330222222222222));
#8206=CARTESIAN_POINT('',(-0.02117,-0.0101894444444444,0.00330222222222222));
#8207=CARTESIAN_POINT('',(-0.02117,-0.0101894444444444,0.00330222222222222));
#8208=CARTESIAN_POINT('',(-0.01867,-0.0101894444444444,0.00330222222222222));
#8209=CARTESIAN_POINT('',(-0.02117,-0.00918944444444445,0.00330222222222222));
#8210=CARTESIAN_POINT('',(-0.02117,-0.00918944444444445,0.00330222222222222));
#8211=CARTESIAN_POINT('',(-0.01867,-0.00918944444444445,0.00330222222222222));
#8212=CARTESIAN_POINT('',(-0.01867,-0.00918944444444445,0.00330222222222222));
#8213=CARTESIAN_POINT('',(-0.01867,-0.0101894444444444,0.00330222222222222));
#8214=CARTESIAN_POINT('',(-0.01992,-0.0101894444444444,0.00330222222222222));
#8215=CARTESIAN_POINT('',(-0.02017,-0.0101894444444444,0.01078));
#8216=CARTESIAN_POINT('',(-0.02117,-0.0101894444444444,0.01078));
#8217=CARTESIAN_POINT('',(-0.02017,-0.0101894444444444,0.01178));
#8218=CARTESIAN_POINT('',(-0.02117,-0.0101894444444444,0.00330222222222222));
#8219=CARTESIAN_POINT('',(-0.01867,-0.0101894444444444,0.00330222222222222));
#8220=CARTESIAN_POINT('',(-0.01867,-0.0101894444444444,0.01078));
#8221=CARTESIAN_POINT('',(-0.01967,-0.0101894444444444,0.01078));
#8222=CARTESIAN_POINT('',(-0.01967,-0.0101894444444444,0.01178));
#8223=CARTESIAN_POINT('',(-0.02117,-0.0101894444444444,0.01178));
#8224=CARTESIAN_POINT('',(-0.01992,-0.0101894444444444,0.0106835169520579));
#8225=CARTESIAN_POINT('',(-0.01962,-0.0101894444444444,0.0106835169520579));
#8226=CARTESIAN_POINT('',(-0.01992,-0.0101894444444444,0.00938351695205795));
#8227=CARTESIAN_POINT('',(-0.01962,-0.0101894444444444,0.00938351695205795));
#8228=CARTESIAN_POINT('',(-0.01992,-0.0101894444444444,0.00808351695205795));
#8229=CARTESIAN_POINT('',(-0.01962,-0.0101894444444444,0.00808351695205795));
#8230=CARTESIAN_POINT('',(-0.01867,-0.00968944444444445,0.00330222222222222));
#8231=CARTESIAN_POINT('',(-0.01867,-0.00968944444444445,0.01078));
#8232=CARTESIAN_POINT('',(-0.01867,-0.00918944444444445,0.01078));
#8233=CARTESIAN_POINT('',(-0.01867,-0.00918944444444445,0.00330222222222222));
#8234=CARTESIAN_POINT('',(-0.02117,-0.00968944444444445,0.00330222222222222));
#8235=CARTESIAN_POINT('',(-0.02117,-0.00968944444444445,0.01078));
#8236=CARTESIAN_POINT('',(-0.02117,-0.00918944444444445,0.01078));
#8237=CARTESIAN_POINT('',(-0.02117,-0.00918944444444445,0.00330222222222222));
#8238=CARTESIAN_POINT('',(-0.01992,-0.00968944444444445,0.01178));
#8239=CARTESIAN_POINT('',(-0.02017,-0.00968944444444445,0.01178));
#8240=CARTESIAN_POINT('',(-0.02017,-0.00918944444444445,0.01178));
#8241=CARTESIAN_POINT('',(-0.01967,-0.00968944444444445,0.01178));
#8242=CARTESIAN_POINT('',(-0.01967,-0.00918944444444445,0.01178));
#8243=CARTESIAN_POINT('',(-0.01867,-0.00918944444444445,0.01178));
#8244=CARTESIAN_POINT('',(-0.01992,-0.00918944444444445,0.00330222222222222));
#8245=CARTESIAN_POINT('',(-0.02017,-0.00918944444444445,0.01078));
#8246=CARTESIAN_POINT('',(-0.01967,-0.00918944444444445,0.01078));
#8247=CARTESIAN_POINT('',(-0.01992,-0.00918944444444442,0.0106835169520579));
#8248=CARTESIAN_POINT('',(-0.01962,-0.00918944444444442,0.0106835169520579));
#8249=CARTESIAN_POINT('',(-0.01992,-0.00918944444444443,0.00938351695205794));
#8250=CARTESIAN_POINT('',(-0.01962,-0.00918944444444443,0.00938351695205794));
#8251=CARTESIAN_POINT('',(-0.01992,-0.00918944444444443,0.00808351695205794));
#8252=CARTESIAN_POINT('',(-0.01962,-0.00918944444444443,0.00808351695205794));
#8253=CARTESIAN_POINT('',(-0.01992,-0.00918944444444446,0.00808351695205794));
#8254=CARTESIAN_POINT('',(-0.01992,-0.00918944444444446,0.00938351695205794));
#8255=CARTESIAN_POINT('',(-0.01992,-0.00918944444444446,0.0106835169520579));
#8256=CARTESIAN_POINT('',(-0.02017,-0.00968944444444445,0.01078));
#8257=CARTESIAN_POINT('',(-0.01967,-0.00968944444444445,0.01078));
#8258=CARTESIAN_POINT('',(0.0259974859783799,0.0165331895099903,0.0243988183427272));
#8259=CARTESIAN_POINT('',(0.,-0.0047,7.34788079488412E-20));
#8260=CARTESIAN_POINT('',(0.,-0.0047,7.34788079488412E-20));
#8261=CARTESIAN_POINT('',(0.,-0.0047,-0.0012));
#8262=CARTESIAN_POINT('',(0.,0.,7.34788079488412E-20));
#8263=CARTESIAN_POINT('',(0.,0.,-0.0012));
#8264=CARTESIAN_POINT('',(0.,-0.0047,4.28626379701574E-19));
#8265=CARTESIAN_POINT('',(0.00548528137423857,-0.0027,-0.00548528137423857));
#8266=CARTESIAN_POINT('',(-2.01661604082304E-17,-0.0027,-0.00775735931288072));
#8267=CARTESIAN_POINT('',(-0.00548528137423858,-0.0027,-0.00548528137423856));
#8268=CARTESIAN_POINT('',(-0.00775735931288071,-0.0027,1.48535697630514E-17));
#8269=CARTESIAN_POINT('',(-0.00548528137423857,-0.0027,0.00548528137423857));
#8270=CARTESIAN_POINT('',(5.44811591673966E-18,-0.0027,0.00775735931288072));
#8271=CARTESIAN_POINT('',(0.00548528137423857,-0.0027,0.00548528137423857));
#8272=CARTESIAN_POINT('',(0.00775735931288072,-0.0027,-3.74049749507499E-18));
#8273=CARTESIAN_POINT('',(0.00548528137423857,-0.0027,-0.00548528137423857));
#8274=CARTESIAN_POINT('',(-2.01661604082304E-17,-0.0027,-0.00775735931288072));
#8275=CARTESIAN_POINT('',(-0.00548528137423858,-0.0027,-0.00548528137423856));
#8276=CARTESIAN_POINT('',(8.57252759403147E-19,-0.0027,-0.007));
#8277=CARTESIAN_POINT('',(-0.00548528137423855,-0.002,-0.00548528137423858));
#8278=CARTESIAN_POINT('',(-2.54787510534094E-17,-0.002,-0.00775735931288071));
#8279=CARTESIAN_POINT('',(0.00548528137423857,-0.002,-0.00548528137423858));
#8280=CARTESIAN_POINT('',(0.00775735931288071,-0.002,-1.05438661274215E-17));
#8281=CARTESIAN_POINT('',(0.00548528137423857,-0.002,0.00548528137423857));
#8282=CARTESIAN_POINT('',(-2.43945488809238E-19,-0.002,0.00775735931288072));
#8283=CARTESIAN_POINT('',(-0.00548528137423857,-0.002,0.00548528137423857));
#8284=CARTESIAN_POINT('',(-0.00775735931288072,-0.002,-1.07878116162308E-17));
#8285=CARTESIAN_POINT('',(-0.00548528137423855,-0.002,-0.00548528137423858));
#8286=CARTESIAN_POINT('',(-2.54787510534094E-17,-0.002,-0.00775735931288071));
#8287=CARTESIAN_POINT('',(0.00548528137423857,-0.002,-0.00548528137423858));
#8288=CARTESIAN_POINT('',(8.57252759403147E-19,-0.002,-0.007));
#8289=CARTESIAN_POINT('',(0.,-0.0047,0.));
#8290=CARTESIAN_POINT('',(0.00276562258305588,-0.0047,0.00294019882841266));
#8291=CARTESIAN_POINT('',(0.00319085386592196,-0.0047,0.00384970649918556));
#8292=CARTESIAN_POINT('',(0.00190525588832576,-0.0047,0.0011));
#8293=CARTESIAN_POINT('',(0.00319107139045547,-0.0047,0.00384996816591761));
#8294=CARTESIAN_POINT('',(0.002759628439701,-0.0047,0.00420862830534085));
#8295=CARTESIAN_POINT('',(0.00226806761937176,-0.0047,0.00449111235593617));
#8296=CARTESIAN_POINT('',(0.00173846831401943,-0.0047,0.00468818141939758));
#8297=CARTESIAN_POINT('',(0.00173843893641514,-0.0047,0.00468810247063442));
#8298=CARTESIAN_POINT('',(0.00116347558605467,-0.0047,0.00386519882841266));
#8299=CARTESIAN_POINT('',(2.16840434497101E-19,-0.0047,0.0022));
#8300=CARTESIAN_POINT('',(-0.00116347558605467,-0.0047,0.00386519882841266));
#8301=CARTESIAN_POINT('',(-0.00173842904781876,-0.0047,0.00468808831779847));
#8302=CARTESIAN_POINT('',(-0.00173844976779091,-0.0047,0.0046881440255518));
#8303=CARTESIAN_POINT('',(-0.00226882991222735,-0.0047,0.0044908741455117));
#8304=CARTESIAN_POINT('',(-0.00275917428096322,-0.0047,0.00420895034903616));
#8305=CARTESIAN_POINT('',(-0.00319104122695299,-0.0047,0.00384991883306641));
#8306=CARTESIAN_POINT('',(-0.00319084193505551,-0.0047,0.00384967911153976));
#8307=CARTESIAN_POINT('',(-0.00276562258305588,-0.0047,0.00294019882841266));
#8308=CARTESIAN_POINT('',(-0.00190525588832576,-0.0047,0.0011));
#8309=CARTESIAN_POINT('',(-0.00392909816911055,-0.0047,0.000925));
#8310=CARTESIAN_POINT('',(-0.00492949314988673,-0.0047,0.000838496657670407));
#8311=CARTESIAN_POINT('',(-0.00493007931974525,-0.0047,0.000838595994675097));
#8312=CARTESIAN_POINT('',(-0.00502326345772648,-0.0047,0.000288733099708478));
#8313=CARTESIAN_POINT('',(-0.00502334315623803,-0.0047,-0.000288872086377311));
#8314=CARTESIAN_POINT('',(-0.0049301006051313,-0.0047,-0.00083859690263228));
#8315=CARTESIAN_POINT('',(-0.00492950404325359,-0.0047,-0.00083849571572981));
#8316=CARTESIAN_POINT('',(-0.00392909816911055,-0.0047,-0.000925));
#8317=CARTESIAN_POINT('',(-0.00190525588832576,-0.0047,-0.0011));
#8318=CARTESIAN_POINT('',(-0.00276562258305588,-0.0047,-0.00294019882841266));
#8319=CARTESIAN_POINT('',(-0.00319085386431123,-0.0047,-0.00384970649574043));
#8320=CARTESIAN_POINT('',(-0.0031910713911966,-0.0047,-0.0038499681653015));
#8321=CARTESIAN_POINT('',(-0.00275964544512972,-0.0047,-0.00420861416880575));
#8322=CARTESIAN_POINT('',(-0.00226821237821505,-0.0047,-0.0044910461517132));
#8323=CARTESIAN_POINT('',(-0.0017384694617043,-0.0047,-0.00468818359084829));
#8324=CARTESIAN_POINT('',(-0.00173843965825923,-0.0047,-0.00468810350375788));
#8325=CARTESIAN_POINT('',(-0.00116347558605467,-0.0047,-0.00386519882841266));
#8326=CARTESIAN_POINT('',(-4.33680868994202E-19,-0.0047,-0.0022));
#8327=CARTESIAN_POINT('',(0.00116347558605467,-0.0047,-0.00386519882841266));
#8328=CARTESIAN_POINT('',(0.00173842828540873,-0.0047,-0.00468808722661589));
#8329=CARTESIAN_POINT('',(0.00173844860853001,-0.0047,-0.00468814187151783));
#8330=CARTESIAN_POINT('',(0.00226868483740298,-0.0047,-0.00449094039796375));
#8331=CARTESIAN_POINT('',(0.00275915681963116,-0.0047,-0.00420896474279856));
#8332=CARTESIAN_POINT('',(0.00319104058231045,-0.0047,-0.00384991936898793));
#8333=CARTESIAN_POINT('',(0.00319084133888872,-0.0047,-0.00384967970568925));
#8334=CARTESIAN_POINT('',(0.00276562258305587,-0.0047,-0.00294019882841266));
#8335=CARTESIAN_POINT('',(0.00190525588832576,-0.0047,-0.0011));
#8336=CARTESIAN_POINT('',(0.00392909816911054,-0.0047,-0.000925));
#8337=CARTESIAN_POINT('',(0.00492949315292575,-0.0047,-0.000838496657407627));
#8338=CARTESIAN_POINT('',(0.00493007931987341,-0.0047,-0.000838595993918926));
#8339=CARTESIAN_POINT('',(0.0050232634091189,-0.0047,-0.000288733386011869));
#8340=CARTESIAN_POINT('',(0.00502334315615008,-0.0047,0.00028887149416221));
#8341=CARTESIAN_POINT('',(0.00493010075104547,-0.0047,0.000838596042375128));
#8342=CARTESIAN_POINT('',(0.00492950424098781,-0.0047,0.000838494864371293));
#8343=CARTESIAN_POINT('',(0.00392909816911055,-0.0047,0.000925));
#8344=CARTESIAN_POINT('',(0.,0.,0.));
#8345=CARTESIAN_POINT('',(0.0017384412529953,0.,0.00468814719254091));
#8346=CARTESIAN_POINT('',(0.00226882423928442,0.,0.00449087732976672));
#8347=CARTESIAN_POINT('',(0.0027591716198377,0.,0.00420895247230212));
#8348=CARTESIAN_POINT('',(0.00319104075895833,0.,0.00384991922213248));
#8349=CARTESIAN_POINT('',(0.00173840806142587,0.,0.00468805795314333));
#8350=CARTESIAN_POINT('',(0.00319077340711561,0.,0.00384953348346189));
#8351=CARTESIAN_POINT('',(0.00114144836393601,0.,-0.000533672851499335));
#8352=CARTESIAN_POINT('',(0.00190525588832576,0.,0.0011));
#8353=CARTESIAN_POINT('',(0.0001085499352595,0.,0.00125535970602644));
#8354=CARTESIAN_POINT('',(0.00492918726330579,0.,0.000838522732579783));
#8355=CARTESIAN_POINT('',(0.00493007937323851,0.,0.000838595679020955));
#8356=CARTESIAN_POINT('',(0.00502326344169395,0.,0.000288732976740194));
#8357=CARTESIAN_POINT('',(0.00502334313838085,0.,-0.000288871995949845));
#8358=CARTESIAN_POINT('',(0.00493010065330901,0.,-0.000838596618594836));
#8359=CARTESIAN_POINT('',(0.00492919269715656,0.,-0.000838522312788917));
#8360=CARTESIAN_POINT('',(0.000108549935259499,0.,-0.00125535970602644));
#8361=CARTESIAN_POINT('',(0.00190525588832576,0.,-0.0011));
#8362=CARTESIAN_POINT('',(0.00114144836393601,0.,0.000533672851499335));
#8363=CARTESIAN_POINT('',(0.00319077969498267,5.46200420499065E-26,-0.00384954685009127));
#8364=CARTESIAN_POINT('',(0.00319107158203296,0.,-0.00384996800665823));
#8365=CARTESIAN_POINT('',(0.00275964567010556,0.,-0.00420861401814603));
#8366=CARTESIAN_POINT('',(0.00226821265066268,0.,-0.00449104601211305));
#8367=CARTESIAN_POINT('',(0.00173846976393144,0.,-0.00468818347837829));
#8368=CARTESIAN_POINT('',(0.00173841459585468,0.,-0.00468806724854298));
#8369=CARTESIAN_POINT('',(-0.00103289842867651,0.,-0.000721686854527101));
#8370=CARTESIAN_POINT('',(-4.33680868994202E-19,0.,-0.0022));
#8371=CARTESIAN_POINT('',(0.00103289842867651,0.,-0.000721686854527102));
#8372=CARTESIAN_POINT('',(-0.00173840770221215,-1.04990306755304E-21,-0.00468805744262111));
#8373=CARTESIAN_POINT('',(-0.00173844025732527,0.,-0.00468814497742675));
#8374=CARTESIAN_POINT('',(-0.00226867953551749,0.,-0.00449094342370485));
#8375=CARTESIAN_POINT('',(-0.00275915468429634,0.,-0.00420896655159958));
#8376=CARTESIAN_POINT('',(-0.00319104075885633,0.,-0.00384991922221719));
#8377=CARTESIAN_POINT('',(-0.00319077341208136,0.,-0.00384953347696045));
#8378=CARTESIAN_POINT('',(-0.00114144836393601,0.,0.000533672851499336));
#8379=CARTESIAN_POINT('',(-0.00190525588832576,0.,-0.0011));
#8380=CARTESIAN_POINT('',(-0.0001085499352595,0.,-0.00125535970602644));
#8381=CARTESIAN_POINT('',(-0.00492918726634468,-3.98052319810104E-22,-0.00083852273231701));
#8382=CARTESIAN_POINT('',(-0.00493007937323825,0.,-0.000838595679020951));
#8383=CARTESIAN_POINT('',(-0.00502326344167173,0.,-0.000288732976871091));
#8384=CARTESIAN_POINT('',(-0.00502334313838092,0.,0.000288871995678497));
#8385=CARTESIAN_POINT('',(-0.00493010065337571,0.,0.000838596618201588));
#8386=CARTESIAN_POINT('',(-0.0049291926946551,0.,0.000838522318685516));
#8387=CARTESIAN_POINT('',(-0.0001085499352595,0.,0.00125535970602644));
#8388=CARTESIAN_POINT('',(-0.00190525588832576,0.,0.0011));
#8389=CARTESIAN_POINT('',(-0.00114144836393601,0.,-0.000533672851499335));
#8390=CARTESIAN_POINT('',(-0.00319077969659345,-8.30834249509589E-22,0.0038495468535365));
#8391=CARTESIAN_POINT('',(-0.00319107158203305,0.,0.00384996800665838));
#8392=CARTESIAN_POINT('',(-0.00275962866460005,0.,0.00420862815488816));
#8393=CARTESIAN_POINT('',(-0.00226806789047426,0.,0.00449111221714038));
#8394=CARTESIAN_POINT('',(-0.0017384686138254,0.,0.00468818130783684));
#8395=CARTESIAN_POINT('',(-0.00173841422748609,0.,0.00468806673470761));
#8396=CARTESIAN_POINT('',(0.00103289842867651,0.,0.000721686854527102));
#8397=CARTESIAN_POINT('',(2.16840434497101E-19,0.,0.0022));
#8398=CARTESIAN_POINT('',(-0.00103289842867651,0.,0.000721686854527101));
#8399=CARTESIAN_POINT('',(-0.00195381875619784,-0.0047,0.00471689923267088));
#8400=CARTESIAN_POINT('',(-1.13841228110978E-18,-0.0047,0.00510553794689692));
#8401=CARTESIAN_POINT('',(0.00195381875619784,-0.0047,0.00471689923267078));
#8402=CARTESIAN_POINT('',(0.00361018631817566,-0.00469999999999999,0.00361014981121468));
#8403=CARTESIAN_POINT('',(0.0047169357396317,-0.00469999999999999,0.0019537822492368));
#8404=CARTESIAN_POINT('',(0.00510557445385775,-0.00469999999999998,-3.65069610519576E-8));
#8405=CARTESIAN_POINT('',(0.00471693573963161,-0.00469999999999997,-0.00195385526315889));
#8406=CARTESIAN_POINT('',(0.0036101863181755,-0.00469999999999997,-0.00361022282513672));
#8407=CARTESIAN_POINT('',(0.00195381875619763,-0.00469999999999997,-0.00471697224659275));
#8408=CARTESIAN_POINT('',(-2.25017667408837E-16,-0.00469999999999997,-0.0051056109608188));
#8409=CARTESIAN_POINT('',(-0.00195381875619806,-0.00469999999999997,-0.00471697224659266));
#8410=CARTESIAN_POINT('',(-0.00361018631817589,-0.00469999999999998,-0.00361022282513655));
#8411=CARTESIAN_POINT('',(-0.00471693573963192,-0.00469999999999998,-0.00195385526315868));
#8412=CARTESIAN_POINT('',(-0.00510557445385797,-0.00469999999999999,-3.65069608253475E-8));
#8413=CARTESIAN_POINT('',(-0.00471693573963184,-0.00469999999999999,0.00195378224923701));
#8414=CARTESIAN_POINT('',(-0.00361018631817572,-0.0047,0.00361014981121484));
#8415=CARTESIAN_POINT('',(-0.00195381875619784,-0.0047,0.00471689923267088));
#8416=CARTESIAN_POINT('',(-1.13841228110978E-18,-0.0047,0.00510553794689692));
#8417=CARTESIAN_POINT('',(0.00195381875619784,-0.0047,0.00471689923267078));
#8418=CARTESIAN_POINT('',(-0.00248359857780677,-0.00470791870567788,0.00599590086307076));
#8419=CARTESIAN_POINT('',(-1.84314369322536E-18,-0.00470791870567788,0.00648991933580301));
#8420=CARTESIAN_POINT('',(0.00248359857780677,-0.00470791870567787,0.00599590086307068));
#8421=CARTESIAN_POINT('',(0.00458909178601961,-0.00470791870567787,0.00458905527905863));
#8422=CARTESIAN_POINT('',(0.00599593737003159,-0.00470791870567786,0.00248356207084573));
#8423=CARTESIAN_POINT('',(0.00648995584276384,-0.00470791870567785,-3.6506961051817E-8));
#8424=CARTESIAN_POINT('',(0.0059959373700315,-0.00470791870567784,-0.00248363508476782));
#8425=CARTESIAN_POINT('',(0.00458909178601945,-0.00470791870567784,-0.00458912829298066));
#8426=CARTESIAN_POINT('',(0.00248359857780656,-0.00470791870567783,-0.00599597387699264));
#8427=CARTESIAN_POINT('',(-2.24869119005712E-16,-0.00470791870567783,-0.00648999234972489));
#8428=CARTESIAN_POINT('',(-0.002483598577807,-0.00470791870567784,-0.00599597387699255));
#8429=CARTESIAN_POINT('',(-0.00458909178601984,-0.00470791870567784,-0.0045891282929805));
#8430=CARTESIAN_POINT('',(-0.00599593737003181,-0.00470791870567785,-0.00248363508476761));
#8431=CARTESIAN_POINT('',(-0.00648995584276407,-0.00470791870567786,-3.65069608256863E-8));
#8432=CARTESIAN_POINT('',(-0.00599593737003172,-0.00470791870567787,0.00248356207084595));
#8433=CARTESIAN_POINT('',(-0.00458909178601968,-0.00470791870567787,0.00458905527905879));
#8434=CARTESIAN_POINT('',(-0.00248359857780677,-0.00470791870567788,0.00599590086307076));
#8435=CARTESIAN_POINT('',(-1.84314369322536E-18,-0.00470791870567788,0.00648991933580301));
#8436=CARTESIAN_POINT('',(0.00248359857780677,-0.00470791870567787,0.00599590086307068));
#8437=CARTESIAN_POINT('',(-0.00274854742624763,-0.0040413601136447,0.00663554396631182));
#8438=CARTESIAN_POINT('',(-2.27682456221956E-18,-0.0040413601136447,0.00718226404172194));
#8439=CARTESIAN_POINT('',(0.00274854742624763,-0.0040413601136447,0.00663554396631172));
#8440=CARTESIAN_POINT('',(0.0050786534224935,-0.00404136011364469,0.00507861691553251));
#8441=CARTESIAN_POINT('',(0.00663558047327263,-0.00404136011364468,0.00274851091928659));
#8442=CARTESIAN_POINT('',(0.00718230054868277,-0.00404136011364468,-3.65069610516272E-8));
#8443=CARTESIAN_POINT('',(0.00663558047327255,-0.00404136011364467,-0.00274858393320868));
#8444=CARTESIAN_POINT('',(0.00507865342249333,-0.00404136011364466,-0.00507868992945455));
#8445=CARTESIAN_POINT('',(0.00274854742624742,-0.00404136011364466,-0.00663561698023368));
#8446=CARTESIAN_POINT('',(-2.26563595181804E-16,-0.00404136011364466,-0.00718233705564382));
#8447=CARTESIAN_POINT('',(-0.00274854742624785,-0.00404136011364466,-0.0066356169802336));
#8448=CARTESIAN_POINT('',(-0.00507865342249372,-0.00404136011364467,-0.00507868992945439));
#8449=CARTESIAN_POINT('',(-0.00663558047327286,-0.00404136011364468,-0.00274858393320847));
#8450=CARTESIAN_POINT('',(-0.00718230054868299,-0.00404136011364468,-3.65069608245241E-8));
#8451=CARTESIAN_POINT('',(-0.00663558047327278,-0.0040413601136447,0.0027485109192868));
#8452=CARTESIAN_POINT('',(-0.00507865342249355,-0.0040413601136447,0.00507861691553268));
#8453=CARTESIAN_POINT('',(-0.00274854742624763,-0.0040413601136447,0.00663554396631182));
#8454=CARTESIAN_POINT('',(-2.27682456221956E-18,-0.0040413601136447,0.00718226404172194));
#8455=CARTESIAN_POINT('',(0.00274854742624763,-0.0040413601136447,0.00663554396631172));
#8456=CARTESIAN_POINT('',(-0.0027485379962258,-0.0027,0.00663552120022524));
#8457=CARTESIAN_POINT('',(-2.43945488809238E-18,-0.0027,0.0071822393998874));
#8458=CARTESIAN_POINT('',(0.00274853799622581,-0.0027,0.00663552120022514));
#8459=CARTESIAN_POINT('',(0.00507863599808519,-0.00269999999999999,0.00507859949112421));
#8460=CARTESIAN_POINT('',(0.00663555770718605,-0.00269999999999998,0.00274850148926477));
#8461=CARTESIAN_POINT('',(0.00718227590684823,-0.00269999999999997,-3.65069610465874E-8));
#8462=CARTESIAN_POINT('',(0.00663555770718596,-0.00269999999999996,-0.00274857450318685));
#8463=CARTESIAN_POINT('',(0.00507863599808503,-0.00269999999999996,-0.00507867250504624));
#8464=CARTESIAN_POINT('',(0.00274853799622559,-0.00269999999999995,-0.0066355942141471));
#8465=CARTESIAN_POINT('',(-2.27852868663032E-16,-0.00269999999999995,-0.00718231241380927));
#8466=CARTESIAN_POINT('',(-0.00274853799622603,-0.00269999999999996,-0.00663559421414701));
#8467=CARTESIAN_POINT('',(-0.00507863599808541,-0.00269999999999996,-0.00507867250504607));
#8468=CARTESIAN_POINT('',(-0.00663555770718628,-0.00269999999999997,-0.00274857450318663));
#8469=CARTESIAN_POINT('',(-0.00718227590684845,-0.00269999999999998,-3.65069608184628E-8));
#8470=CARTESIAN_POINT('',(-0.00663555770718619,-0.00269999999999999,0.00274850148926499));
#8471=CARTESIAN_POINT('',(-0.00507863599808525,-0.0027,0.00507859949112437));
#8472=CARTESIAN_POINT('',(-0.0027485379962258,-0.0027,0.00663552120022524));
#8473=CARTESIAN_POINT('',(-2.43945488809238E-18,-0.0027,0.0071822393998874));
#8474=CARTESIAN_POINT('',(0.00274853799622581,-0.0027,0.00663552120022514));
#8475=CARTESIAN_POINT('',(0.00362598927778599,-0.00452830093975494,0.00478039765682532));
#8476=CARTESIAN_POINT('',(0.00348773256916395,-0.004660584884477,0.00448468672939771));
#8477=CARTESIAN_POINT('',(0.0033393669792714,-0.00469997109494293,0.00416735437986669));
#8478=CARTESIAN_POINT('',(0.00319085386592139,-0.00469999998550978,0.00384970649918446));
#8479=CARTESIAN_POINT('',(0.00362598927778599,-0.00452830093975494,0.00478039765682532));
#8480=CARTESIAN_POINT('',(0.00595294044989533,-0.00452831130664035,0.00075));
#8481=CARTESIAN_POINT('',(0.00575214891113433,-0.00452804690362364,0.00234373343078278));
#8482=CARTESIAN_POINT('',(0.00490580712709337,-0.00452853373775154,0.00380964038258853));
#8483=CARTESIAN_POINT('',(0.003625989277786,-0.00452830093975494,0.00478039765682532));
#8484=CARTESIAN_POINT('',(0.00595294044989533,-0.00452831130664035,0.00075));
#8485=CARTESIAN_POINT('',(0.0049295043125836,-0.00469999995419826,0.000838495692441065));
#8486=CARTESIAN_POINT('',(0.00528016472747745,-0.00469994840099909,0.000808174370869193));
#8487=CARTESIAN_POINT('',(0.00562449831935131,-0.00466187754138504,0.000778400124550671));
#8488=CARTESIAN_POINT('',(0.00595294044989532,-0.00452831130664035,0.00075));
#8489=CARTESIAN_POINT('',(0.00595294044989533,-0.00452831130664034,-0.00075));
#8490=CARTESIAN_POINT('',(0.00562775059369199,-0.00466055495211392,-0.000778118903027126));
#8491=CARTESIAN_POINT('',(0.00527879661263377,-0.00469994952203505,-0.000808292670649585));
#8492=CARTESIAN_POINT('',(0.00492949315291928,-0.00469999995582423,-0.000838496657408045));
#8493=CARTESIAN_POINT('',(0.00595294044989533,-0.00452831130664034,-0.00075));
#8494=CARTESIAN_POINT('',(0.00362598927778598,-0.00452830093975492,-0.00478039765682533));
#8495=CARTESIAN_POINT('',(0.00490580714657161,-0.00452853373775495,-0.00380964036781406));
#8496=CARTESIAN_POINT('',(0.00575214891260901,-0.00452804690362554,-0.00234373341907788));
#8497=CARTESIAN_POINT('',(0.00595294044989533,-0.00452831130664034,-0.00075));
#8498=CARTESIAN_POINT('',(0.00362598927778598,-0.00452830093975492,-0.00478039765682533));
#8499=CARTESIAN_POINT('',(0.00319084133888834,-0.00469999998784423,-0.00384967970568841));
#8500=CARTESIAN_POINT('',(0.00333993844742088,-0.00469997342276871,-0.00416857666685842));
#8501=CARTESIAN_POINT('',(0.0034863443761045,-0.00466191310685238,-0.00448171758698756));
#8502=CARTESIAN_POINT('',(0.00362598927778599,-0.00452830093975492,-0.00478039765682532));
#8503=CARTESIAN_POINT('',(0.00232695117210933,-0.00452842664998555,-0.00553039765682532));
#8504=CARTESIAN_POINT('',(0.00213994844714328,-0.00466065420330847,-0.00526275412200961));
#8505=CARTESIAN_POINT('',(0.00193928688669244,-0.00469999438231759,-0.00497556167949067));
#8506=CARTESIAN_POINT('',(0.00173842828540873,-0.00469999999945203,-0.00468808722661588));
#8507=CARTESIAN_POINT('',(0.00232695117210933,-0.00452842664998555,-0.00553039765682532));
#8508=CARTESIAN_POINT('',(-0.00232695117210934,-0.00452842664998555,-0.00553039765682532));
#8509=CARTESIAN_POINT('',(-0.000846341766670474,-0.00452847163337328,-0.00615337379800209));
#8510=CARTESIAN_POINT('',(0.000846341717882067,-0.00452847163337494,-0.00615337381853013));
#8511=CARTESIAN_POINT('',(0.00232695117210933,-0.00452842664998555,-0.00553039765682532));
#8512=CARTESIAN_POINT('',(-0.00232695117210934,-0.00452842664998555,-0.00553039765682532));
#8513=CARTESIAN_POINT('',(-0.00173843965825947,-0.00469999999908783,-0.00468810350375707));
#8514=CARTESIAN_POINT('',(-0.0019400785215741,-0.00469999272364012,-0.0049766946894927));
#8515=CARTESIAN_POINT('',(-0.00213808240540401,-0.00466197366073149,-0.0052600833908355));
#8516=CARTESIAN_POINT('',(-0.00232695117210933,-0.00452842664998556,-0.00553039765682532));
#8517=CARTESIAN_POINT('',(-0.00362598927778599,-0.00452830093975502,-0.00478039765682532));
#8518=CARTESIAN_POINT('',(-0.00348773256866219,-0.00466058488495716,-0.00448468672832452));
#8519=CARTESIAN_POINT('',(-0.00333936697819253,-0.00469997109525558,-0.00416735437755914));
#8520=CARTESIAN_POINT('',(-0.00319085386431066,-0.0046999999855101,-0.00384970649573933));
#8521=CARTESIAN_POINT('',(-0.00362598927778599,-0.00452830093975502,-0.00478039765682532));
#8522=CARTESIAN_POINT('',(-0.00595294044989533,-0.00452831130664032,-0.00075));
#8523=CARTESIAN_POINT('',(-0.00575214891113433,-0.00452804690362352,-0.00234373343078278));
#8524=CARTESIAN_POINT('',(-0.00490580712709337,-0.00452853373775147,-0.00380964038258853));
#8525=CARTESIAN_POINT('',(-0.003625989277786,-0.00452830093975502,-0.00478039765682532));
#8526=CARTESIAN_POINT('',(-0.00595294044989533,-0.00452831130664032,-0.00075));
#8527=CARTESIAN_POINT('',(-0.00492950404324692,-0.00469999995423784,-0.000838495715730389));
#8528=CARTESIAN_POINT('',(-0.00528016455168507,-0.00469994842331324,-0.000808174386069819));
#8529=CARTESIAN_POINT('',(-0.00562449823533154,-0.004661877575553,-0.000778400131815792));
#8530=CARTESIAN_POINT('',(-0.00595294044989532,-0.00452831130664032,-0.00075));
#8531=CARTESIAN_POINT('',(-0.00595294044989533,-0.00452831130664034,0.00075));
#8532=CARTESIAN_POINT('',(-0.00562775059274528,-0.00466055495249891,0.000778118903108987));
#8533=CARTESIAN_POINT('',(-0.00527879661059824,-0.00469994952228586,0.000808292670825591));
#8534=CARTESIAN_POINT('',(-0.00492949314988026,-0.00469999995582467,0.000838496657670823));
#8535=CARTESIAN_POINT('',(-0.00595294044989533,-0.00452831130664034,0.00075));
#8536=CARTESIAN_POINT('',(-0.00362598927778599,-0.00452830093975505,0.00478039765682532));
#8537=CARTESIAN_POINT('',(-0.00490580714657161,-0.00452853373775515,0.00380964036781405));
#8538=CARTESIAN_POINT('',(-0.00575214891260901,-0.00452804690362555,0.00234373341907788));
#8539=CARTESIAN_POINT('',(-0.00595294044989533,-0.00452831130664034,0.00075));
#8540=CARTESIAN_POINT('',(-0.00362598927778599,-0.00452830093975504,0.00478039765682532));
#8541=CARTESIAN_POINT('',(-0.00319084121787149,-0.00469999998786578,0.00384967944685102));
#8542=CARTESIAN_POINT('',(-0.00333993836844015,-0.00469997344634535,0.00416857649793014));
#8543=CARTESIAN_POINT('',(-0.00348634433836035,-0.00466191314296606,0.00448171750625832));
#8544=CARTESIAN_POINT('',(-0.00362598927778599,-0.00452830093975505,0.00478039765682532));
#8545=CARTESIAN_POINT('',(-0.00232695128579752,-0.00452842735770171,0.00553039792702653));
#8546=CARTESIAN_POINT('',(-0.00213989735202499,-0.00466068833567863,0.00526268110073348));
#8547=CARTESIAN_POINT('',(-0.00193931127970738,-0.0046999975827924,0.00497559659145649));
#8548=CARTESIAN_POINT('',(-0.00173842904781877,-0.00469999999989857,0.00468808831779847));
#8549=CARTESIAN_POINT('',(-0.00232695117210933,-0.00452842664998555,0.00553039765682532));
#8550=CARTESIAN_POINT('',(0.00232695117210933,-0.00452842664998555,0.00553039765682532));
#8551=CARTESIAN_POINT('',(0.000846341766670471,-0.00452847163337369,0.00615337379800209));
#8552=CARTESIAN_POINT('',(-0.000846341717882069,-0.00452847163337502,0.00615337381853013));
#8553=CARTESIAN_POINT('',(-0.00232695117210933,-0.00452842664998555,0.00553039765682532));
#8554=CARTESIAN_POINT('',(0.00232695117210933,-0.00452842664998555,0.00553039765682532));
#8555=CARTESIAN_POINT('',(0.0017384389364154,-0.00469999999974469,0.00468810247063364));
#8556=CARTESIAN_POINT('',(0.00194007832285125,-0.00469999615041351,0.004976694405075));
#8557=CARTESIAN_POINT('',(0.00213808201748686,-0.00466197271226728,0.0052600828356376));
#8558=CARTESIAN_POINT('',(0.00232695133626282,-0.00452842819219705,0.00553039789176638));
#8559=CARTESIAN_POINT('',(-0.00274853799622581,-0.002,0.00663552120022518));
#8560=CARTESIAN_POINT('',(-6.39679281766448E-18,-0.002,0.00718223939988741));
#8561=CARTESIAN_POINT('',(0.00274853799622583,-0.002,0.0066355212002252));
#8562=CARTESIAN_POINT('',(0.00507863599808526,-0.002,0.0050785994911243));
#8563=CARTESIAN_POINT('',(0.00663555770718619,-0.002,0.00274850148926488));
#8564=CARTESIAN_POINT('',(0.00718227590684843,-0.00200000000000001,-3.65069609501476E-8));
#8565=CARTESIAN_POINT('',(0.00663555770718622,-0.00200000000000001,-0.00274857450318678));
#8566=CARTESIAN_POINT('',(0.00507863599808531,-0.00200000000000001,-0.00507867250504622));
#8567=CARTESIAN_POINT('',(0.00274853799622589,-0.00200000000000001,-0.00663559421414714));
#8568=CARTESIAN_POINT('',(6.71611199650628E-17,-0.00200000000000001,-0.00718231241380938));
#8569=CARTESIAN_POINT('',(-0.00274853799622577,-0.00200000000000001,-0.00663559421414717));
#8570=CARTESIAN_POINT('',(-0.0050786359980852,-0.00200000000000001,-0.00507867250504627));
#8571=CARTESIAN_POINT('',(-0.00663555770718612,-0.00200000000000001,-0.00274857450318685));
#8572=CARTESIAN_POINT('',(-0.00718227590684836,-0.002,-3.65069610200498E-8));
#8573=CARTESIAN_POINT('',(-0.00663555770718615,-0.002,0.00274850148926481));
#8574=CARTESIAN_POINT('',(-0.00507863599808525,-0.002,0.00507859949112425));
#8575=CARTESIAN_POINT('',(-0.00274853799622581,-0.002,0.00663552120022518));
#8576=CARTESIAN_POINT('',(-6.39679281766448E-18,-0.002,0.00718223939988741));
#8577=CARTESIAN_POINT('',(0.00274853799622583,-0.002,0.0066355212002252));
#8578=CARTESIAN_POINT('',(-0.00274854742624718,-0.000658639886551206,0.00663554396631066));
#8579=CARTESIAN_POINT('',(-5.85469173142172E-18,-0.000658639886551205,0.00718226404172075));
#8580=CARTESIAN_POINT('',(0.0027485474262472,-0.000658639886551207,0.00663554396631066));
#8581=CARTESIAN_POINT('',(0.00507865342249272,-0.000658639886551208,0.00507861691553176));
#8582=CARTESIAN_POINT('',(0.00663558047327166,-0.00065863988655121,0.00274851091928624));
#8583=CARTESIAN_POINT('',(0.00718230054868178,-0.000658639886551213,-3.65069609519789E-8));
#8584=CARTESIAN_POINT('',(0.00663558047327169,-0.000658639886551214,-0.00274858393320815));
#8585=CARTESIAN_POINT('',(0.00507865342249277,-0.000658639886551217,-0.00507868992945368));
#8586=CARTESIAN_POINT('',(0.00274854742624726,-0.000658639886551217,-0.00663561698023261));
#8587=CARTESIAN_POINT('',(6.66157498610393E-17,-0.000658639886551216,-0.00718233705564272));
#8588=CARTESIAN_POINT('',(-0.00274854742624713,-0.000658639886551217,-0.00663561698023264));
#8589=CARTESIAN_POINT('',(-0.00507865342249266,-0.000658639886551215,-0.00507868992945373));
#8590=CARTESIAN_POINT('',(-0.0066355804732716,-0.000658639886551213,-0.00274858393320821));
#8591=CARTESIAN_POINT('',(-0.00718230054868171,-0.00065863988655121,-3.65069610216694E-8));
#8592=CARTESIAN_POINT('',(-0.00663558047327162,-0.000658639886551208,0.00274851091928618));
#8593=CARTESIAN_POINT('',(-0.00507865342249271,-0.000658639886551207,0.00507861691553171));
#8594=CARTESIAN_POINT('',(-0.00274854742624718,-0.000658639886551206,0.00663554396631066));
#8595=CARTESIAN_POINT('',(-5.85469173142172E-18,-0.000658639886551205,0.00718226404172075));
#8596=CARTESIAN_POINT('',(0.0027485474262472,-0.000658639886551207,0.00663554396631066));
#8597=CARTESIAN_POINT('',(-0.00248359857788485,7.91870548722558E-6,0.00599590086325918));
#8598=CARTESIAN_POINT('',(-6.66784336078585E-18,7.91870548722548E-6,0.00648991933600702));
#8599=CARTESIAN_POINT('',(0.00248359857788487,7.91870548722493E-6,0.00599590086325921));
#8600=CARTESIAN_POINT('',(0.00458909178616394,7.91870548722306E-6,0.00458905527920297));
#8601=CARTESIAN_POINT('',(0.0059959373702202,7.91870548722122E-6,0.00248356207092391));
#8602=CARTESIAN_POINT('',(0.00648995584296803,7.91870548721938E-6,-3.65069609506169E-8));
#8603=CARTESIAN_POINT('',(0.00599593737022022,7.91870548721712E-6,-0.00248363508484582));
#8604=CARTESIAN_POINT('',(0.00458909178616399,7.91870548721589E-6,-0.00458912829312489));
#8605=CARTESIAN_POINT('',(0.00248359857788493,7.91870548721506E-6,-0.00599597387718114));
#8606=CARTESIAN_POINT('',(6.82845404247507E-17,7.91870548721482E-6,-0.00648999234992899));
#8607=CARTESIAN_POINT('',(-0.0024835985778848,7.91870548721604E-6,-0.00599597387718118));
#8608=CARTESIAN_POINT('',(-0.00458909178616388,7.91870548721752E-6,-0.00458912829312494));
#8609=CARTESIAN_POINT('',(-0.00599593737022013,7.91870548721928E-6,-0.00248363508484588));
#8610=CARTESIAN_POINT('',(-0.00648995584296797,7.91870548722134E-6,-3.65069610220692E-8));
#8611=CARTESIAN_POINT('',(-0.00599593737022016,7.91870548722329E-6,0.00248356207092385));
#8612=CARTESIAN_POINT('',(-0.00458909178616392,7.91870548722504E-6,0.00458905527920293));
#8613=CARTESIAN_POINT('',(-0.00248359857788485,7.91870548722558E-6,0.00599590086325918));
#8614=CARTESIAN_POINT('',(-6.66784336078585E-18,7.91870548722548E-6,0.00648991933600702));
#8615=CARTESIAN_POINT('',(0.00248359857788487,7.91870548722493E-6,0.00599590086325921));
#8616=CARTESIAN_POINT('',(-0.00195381875642724,1.20107749511166E-19,0.00471689923322462));
#8617=CARTESIAN_POINT('',(-4.66206934168767E-18,1.0520061759781E-19,0.00510553794749635));
#8618=CARTESIAN_POINT('',(0.00195381875642726,-5.40910219902404E-19,0.00471689923322464));
#8619=CARTESIAN_POINT('',(0.0036101863185996,-1.71986024498939E-18,0.00361014981163863));
#8620=CARTESIAN_POINT('',(0.00471693574018563,-3.25216500355226E-18,0.0019537822494663));
#8621=CARTESIAN_POINT('',(0.00510557445445737,-4.90454498647703E-18,-3.65069609503085E-8));
#8622=CARTESIAN_POINT('',(0.00471693574018566,-6.42544032022525E-18,-0.00195385526338821));
#8623=CARTESIAN_POINT('',(0.00361018631859965,-7.58330847718429E-18,-0.00361022282556055));
#8624=CARTESIAN_POINT('',(0.00195381875642732,-8.20187452655812E-18,-0.00471697224714658));
#8625=CARTESIAN_POINT('',(6.79422927919456E-17,-8.18696739464476E-18,-0.00510561096141832));
#8626=CARTESIAN_POINT('',(-0.00195381875642719,-7.54085655714455E-18,-0.00471697224714661));
#8627=CARTESIAN_POINT('',(-0.00361018631859953,-6.36190653205756E-18,-0.0036102228255606));
#8628=CARTESIAN_POINT('',(-0.00471693574018556,-4.82960177349469E-18,-0.00195385526338827));
#8629=CARTESIAN_POINT('',(-0.0051055744544573,-3.17722179056992E-18,-3.65069610202599E-8));
#8630=CARTESIAN_POINT('',(-0.00471693574018559,-1.6563264568217E-18,0.00195378224946624));
#8631=CARTESIAN_POINT('',(-0.00361018631859958,-4.98458299862658E-19,0.00361014981163858));
#8632=CARTESIAN_POINT('',(-0.00195381875642724,1.20107749511166E-19,0.00471689923322462));
#8633=CARTESIAN_POINT('',(-4.66206934168767E-18,1.0520061759781E-19,0.00510553794749635));
#8634=CARTESIAN_POINT('',(0.00195381875642726,-5.40910219902404E-19,0.00471689923322464));
#8635=CARTESIAN_POINT('',(0.00319077305180348,-3.03350186542969E-12,0.00384953364958257));
#8636=CARTESIAN_POINT('',(0.00333989386351456,-1.32752375136781E-8,0.00416848130839304));
#8637=CARTESIAN_POINT('',(0.00348632305689824,-3.8066494942417E-5,0.00448167198831594));
#8638=CARTESIAN_POINT('',(0.00362598927778599,-0.000171699060244952,0.00478039765682532));
#8639=CARTESIAN_POINT('',(0.00362598927778599,-0.000171699060244955,0.00478039765682532));
#8640=CARTESIAN_POINT('',(0.00232695128579752,-0.000171572642298293,0.00553039792702653));
#8641=CARTESIAN_POINT('',(0.00213978909894668,-3.92351213815015E-5,0.00526252616589744));
#8642=CARTESIAN_POINT('',(0.00193934398735262,-6.23535663724625E-19,0.00497564340355396));
#8643=CARTESIAN_POINT('',(0.00173840790726947,-5.47382800368476E-19,0.00468805806085252));
#8644=CARTESIAN_POINT('',(0.00232695117210933,-0.000171573350014452,0.00553039765682532));
#8645=CARTESIAN_POINT('',(-0.00232695117210934,-0.000171573350014449,0.00553039765682532));
#8646=CARTESIAN_POINT('',(-0.000846341766670475,-0.000171528366626546,0.00615337379800209));
#8647=CARTESIAN_POINT('',(0.000846341717882068,-0.000171528366624949,0.00615337381853013));
#8648=CARTESIAN_POINT('',(0.00232695117210933,-0.000171573350014451,0.00553039765682532));
#8649=CARTESIAN_POINT('',(-0.00232695117210934,-0.000171573350014449,0.00553039765682532));
#8650=CARTESIAN_POINT('',(-0.00173841405291887,-1.23998639369572E-15,0.0046880668566777));
#8651=CARTESIAN_POINT('',(-0.00194006207630636,-2.68278295803115E-10,0.00497667115256603));
#8652=CARTESIAN_POINT('',(-0.00213807424829538,-3.80217943420732E-5,0.00526007171615327));
#8653=CARTESIAN_POINT('',(-0.00232695133626282,-0.000171571807802932,0.00553039789176638));
#8654=CARTESIAN_POINT('',(-0.00362598927778599,-0.000171699060244928,0.00478039765682532));
#8655=CARTESIAN_POINT('',(-0.00348770943342357,-3.9392979258916E-5,0.00448463724542466));
#8656=CARTESIAN_POINT('',(-0.00333931753288219,-1.4437706769057E-8,0.00416724862125455));
#8657=CARTESIAN_POINT('',(-0.00319077930974588,-3.61604499191706E-12,0.00384954703440306));
#8658=CARTESIAN_POINT('',(-0.00362598927778599,-0.000171699060244928,0.00478039765682532));
#8659=CARTESIAN_POINT('',(-0.00595294044989533,-0.000171688693359648,0.00075));
#8660=CARTESIAN_POINT('',(-0.00575214891113433,-0.000171953096376344,0.00234373343078279));
#8661=CARTESIAN_POINT('',(-0.00490580712709336,-0.000171466262248402,0.00380964038258853));
#8662=CARTESIAN_POINT('',(-0.00362598927778599,-0.000171699060244928,0.00478039765682532));
#8663=CARTESIAN_POINT('',(-0.00595294044989533,-0.000171688693359651,0.00075));
#8664=CARTESIAN_POINT('',(-0.00492919272204224,-1.14475976730674E-11,0.000838522635422371));
#8665=CARTESIAN_POINT('',(-0.00527996129141092,-2.57907455834482E-8,0.000808191961820811));
#8666=CARTESIAN_POINT('',(-0.00562440103735537,-3.8082897338562E-5,0.000778408536445932));
#8667=CARTESIAN_POINT('',(-0.00595294044989533,-0.000171688693359648,0.00075));
#8668=CARTESIAN_POINT('',(-0.00595294044989533,-0.000171688693359685,-0.00075));
#8669=CARTESIAN_POINT('',(-0.00562765568042393,-3.94064498907027E-5,-0.000778127110100409));
#8670=CARTESIAN_POINT('',(-0.00527859376692375,-2.52431464489928E-8,-0.000808310210553655));
#8671=CARTESIAN_POINT('',(-0.00492918729851672,-1.10524723989308E-11,-0.000838523104390185));
#8672=CARTESIAN_POINT('',(-0.00595294044989533,-0.000171688693359682,-0.00075));
#8673=CARTESIAN_POINT('',(-0.00362598927778599,-0.000171699060244962,-0.00478039765682532));
#8674=CARTESIAN_POINT('',(-0.00490580714657161,-0.00017146626224497,-0.00380964036781405));
#8675=CARTESIAN_POINT('',(-0.00575214891260901,-0.000171953096374533,-0.00234373341907787));
#8676=CARTESIAN_POINT('',(-0.00595294044989533,-0.00017168869335968,-0.00075));
#8677=CARTESIAN_POINT('',(-0.00362598927778599,-0.000171699060244966,-0.00478039765682532));
#8678=CARTESIAN_POINT('',(-0.0031907730501998,-3.03335913241616E-12,-0.0038495336461526));
#8679=CARTESIAN_POINT('',(-0.00333989386243756,-1.32749251579622E-8,-0.00416848130608957));
#8680=CARTESIAN_POINT('',(-0.00348632305636011,-3.80664944275234E-5,-0.00448167198716496));
#8681=CARTESIAN_POINT('',(-0.00362598927778599,-0.000171699060244959,-0.00478039765682532));
#8682=CARTESIAN_POINT('',(-0.00232695117210934,-0.000171573350014445,-0.00553039765682532));
#8683=CARTESIAN_POINT('',(-0.00213994201206041,-3.9341246515789E-5,-0.00526274491193886));
#8684=CARTESIAN_POINT('',(-0.00193927313448538,-2.64520543181918E-9,-0.00497554199694695));
#8685=CARTESIAN_POINT('',(-0.00173840754974337,-1.21502782414236E-13,-0.00468805754915115));
#8686=CARTESIAN_POINT('',(-0.00232695117210934,-0.000171573350014446,-0.00553039765682532));
#8687=CARTESIAN_POINT('',(0.00232695117210933,-0.000171573350014449,-0.00553039765682532));
#8688=CARTESIAN_POINT('',(0.000846341766670469,-0.000171528366626539,-0.00615337379800209));
#8689=CARTESIAN_POINT('',(-0.000846341717882072,-0.000171528366625237,-0.00615337381853013));
#8690=CARTESIAN_POINT('',(-0.00232695117210934,-0.000171573350014446,-0.00553039765682532));
#8691=CARTESIAN_POINT('',(0.00232695117210933,-0.000171573350014452,-0.00553039765682532));
#8692=CARTESIAN_POINT('',(0.00173841441500365,-2.28724153199769E-13,-0.00468806737490356));
#8693=CARTESIAN_POINT('',(0.00194006204009544,-3.64349795105039E-9,-0.00497667110073996));
#8694=CARTESIAN_POINT('',(0.00213807452389021,-3.80207663374928E-5,-0.00526007211059232));
#8695=CARTESIAN_POINT('',(0.00232695117210933,-0.000171573350014447,-0.00553039765682532));
#8696=CARTESIAN_POINT('',(0.00362598927778599,-0.000171699060245008,-0.00478039765682533));
#8697=CARTESIAN_POINT('',(0.0034877094329218,-3.9392978778866E-5,-0.00448463724435145));
#8698=CARTESIAN_POINT('',(0.00333931753180328,-1.44373942653126E-8,-0.00416724861894693));
#8699=CARTESIAN_POINT('',(0.00319077930813509,-3.61588847555807E-12,-0.00384954703095784));
#8700=CARTESIAN_POINT('',(0.00362598927778598,-0.000171699060245004,-0.00478039765682533));
#8701=CARTESIAN_POINT('',(0.00595294044989533,-0.000171688693359652,-0.00075));
#8702=CARTESIAN_POINT('',(0.00575214891113433,-0.000171953096376354,-0.00234373343078279));
#8703=CARTESIAN_POINT('',(0.00490580712709336,-0.000171466262248492,-0.00380964038258854));
#8704=CARTESIAN_POINT('',(0.00362598927778599,-0.000171699060245003,-0.00478039765682533));
#8705=CARTESIAN_POINT('',(0.00595294044989533,-0.000171688693359658,-0.00075));
#8706=CARTESIAN_POINT('',(0.00492919272503123,-1.14478173465333E-11,-0.000838522635163916));
#8707=CARTESIAN_POINT('',(0.00527996129341891,-2.57909930952444E-8,-0.000808191961647183));
#8708=CARTESIAN_POINT('',(0.00562440103835921,-3.80828977467939E-5,-0.00077840853635913));
#8709=CARTESIAN_POINT('',(0.00595294044989532,-0.00017168869335965,-0.00075));
#8710=CARTESIAN_POINT('',(0.00595294044989533,-0.000171688693359654,0.00075));
#8711=CARTESIAN_POINT('',(0.00562765567947725,-3.94064495057043E-5,0.000778127110182267));
#8712=CARTESIAN_POINT('',(0.00527859376488829,-2.52428957795043E-8,0.000808310210729663));
#8713=CARTESIAN_POINT('',(0.00492918729547782,-1.10522529433214E-11,0.000838523104652959));
#8714=CARTESIAN_POINT('',(0.00595294044989533,-0.000171688693359654,0.00075));
#8715=CARTESIAN_POINT('',(0.00362598927778599,-0.000171699060244955,0.00478039765682532));
#8716=CARTESIAN_POINT('',(0.00490580714657161,-0.000171466262244844,0.00380964036781405));
#8717=CARTESIAN_POINT('',(0.00575214891260901,-0.000171953096374426,0.00234373341907787));
#8718=CARTESIAN_POINT('',(0.00595294044989533,-0.000171688693359653,0.00075));
#8719=CARTESIAN_POINT('',(-0.00392909816911055,0.0161900543852186,0.000925));
#8720=CARTESIAN_POINT('',(-0.00190525588832576,0.0161900543852186,0.0011));
#8721=CARTESIAN_POINT('',(-0.00595294044989533,0.0161900543852186,0.00075));
#8722=CARTESIAN_POINT('',(-0.00276562258305588,0.0161900543852186,0.00294019882841266));
#8723=CARTESIAN_POINT('',(-0.00362598927778599,0.0161900543852186,0.00478039765682532));
#8724=CARTESIAN_POINT('',(3.46944695195361E-18,0.0161900543852186,8.13151629364128E-19));
#8725=CARTESIAN_POINT('',(0.00116347558605467,0.0161900543852186,0.00386519882841266));
#8726=CARTESIAN_POINT('',(0.00232695117210933,0.0161900543852186,0.00553039765682532));
#8727=CARTESIAN_POINT('',(2.16840434497101E-19,0.0161900543852186,0.0022));
#8728=CARTESIAN_POINT('',(-0.00116347558605467,0.0161900543852186,0.00386519882841266));
#8729=CARTESIAN_POINT('',(-0.00232695117210934,0.0161900543852186,0.00553039765682532));
#8730=CARTESIAN_POINT('',(2.16840434497101E-19,0.0161900543852186,3.90312782094781E-18));
#8731=CARTESIAN_POINT('',(-0.00116347558605467,0.0161900543852186,-0.00386519882841266));
#8732=CARTESIAN_POINT('',(-0.00232695117210934,0.0161900543852186,-0.00553039765682532));
#8733=CARTESIAN_POINT('',(-4.33680868994202E-19,0.0161900543852186,-0.0022));
#8734=CARTESIAN_POINT('',(0.00116347558605467,0.0161900543852186,-0.00386519882841266));
#8735=CARTESIAN_POINT('',(0.00232695117210933,0.0161900543852186,-0.00553039765682532));
#8736=CARTESIAN_POINT('',(-1.0842021724855E-18,0.0161900543852186,8.67361737988404E-19));
#8737=CARTESIAN_POINT('',(-0.00392909816911055,0.0161900543852186,-0.000925));
#8738=CARTESIAN_POINT('',(-0.00595294044989533,0.0161900543852186,-0.00075));
#8739=CARTESIAN_POINT('',(-0.00190525588832576,0.0161900543852186,-0.0011));
#8740=CARTESIAN_POINT('',(-0.00276562258305588,0.0161900543852186,-0.00294019882841266));
#8741=CARTESIAN_POINT('',(-0.00362598927778599,0.0161900543852186,-0.00478039765682532));
#8742=CARTESIAN_POINT('',(3.68628738645072E-18,0.0161900543852186,1.57209315010398E-18));
#8743=CARTESIAN_POINT('',(0.00276562258305587,0.0161900543852186,-0.00294019882841266));
#8744=CARTESIAN_POINT('',(0.00362598927778598,0.0161900543852186,-0.00478039765682533));
#8745=CARTESIAN_POINT('',(0.00190525588832576,0.0161900543852186,-0.0011));
#8746=CARTESIAN_POINT('',(0.00392909816911054,0.0161900543852186,-0.000925));
#8747=CARTESIAN_POINT('',(0.00595294044989533,0.0161900543852186,-0.00075));
#8748=CARTESIAN_POINT('',(-2.16840434497101E-19,0.0161900543852186,-2.49366499671666E-18));
#8749=CARTESIAN_POINT('',(0.00276562258305588,0.0161900543852186,0.00294019882841266));
#8750=CARTESIAN_POINT('',(0.00190525588832576,0.0161900543852186,0.0011));
#8751=CARTESIAN_POINT('',(0.00362598927778599,0.0161900543852186,0.00478039765682532));
#8752=CARTESIAN_POINT('',(0.00392909816911055,0.0161900543852186,0.000925));
#8753=CARTESIAN_POINT('',(0.00595294044989533,0.0161900543852186,0.00075));
#8754=CARTESIAN_POINT('',(-7.58941520739853E-18,0.0161900543852186,-2.87313575708659E-18));
#8755=CARTESIAN_POINT('',(0.0160497930164322,0.00132738095435282,0.00730094888806343));
#8756=CARTESIAN_POINT('',(-0.0213814522646422,-0.0138300074618737,0.00336241386109098));
#8757=CARTESIAN_POINT('',(-0.0213814522646422,-0.0138300074618737,0.00336241386109098));
#8758=CARTESIAN_POINT('',(-0.0213814522646422,-0.0120800074618737,0.00336241386109098));
#8759=CARTESIAN_POINT('',(-0.0065,-0.0138300074618737,0.00336241386109098));
#8760=CARTESIAN_POINT('',(-0.0065,-0.0138300074618737,0.00336241386109098));
#8761=CARTESIAN_POINT('',(-0.0065,-0.0120800074618737,0.00336241386109098));
#8762=CARTESIAN_POINT('',(-0.0065,-0.0138300074618737,0.00336241386109098));
#8763=CARTESIAN_POINT('',(-0.0065,-0.0135300074618737,0.00336241386109098));
#8764=CARTESIAN_POINT('',(-0.0058,-0.0138300074618737,0.00336241386109098));
#8765=CARTESIAN_POINT('',(-0.0058,-0.0138300074618737,0.00336241386109098));
#8766=CARTESIAN_POINT('',(-0.0058,-0.0131800074618737,0.00336241386109098));
#8767=CARTESIAN_POINT('',(-0.0058,-0.0138300074618737,0.00336241386109098));
#8768=CARTESIAN_POINT('',(-0.0058,-0.0135300074618737,0.00336241386109098));
#8769=CARTESIAN_POINT('',(-0.0048,-0.0138300074618737,0.00336241386109098));
#8770=CARTESIAN_POINT('',(-0.0048,-0.0138300074618737,0.00336241386109098));
#8771=CARTESIAN_POINT('',(-0.0048,-0.0131800074618737,0.00336241386109098));
#8772=CARTESIAN_POINT('',(-0.0048,-0.0138300074618737,0.00336241386109098));
#8773=CARTESIAN_POINT('',(-0.0048,-0.0135300074618737,0.00336241386109098));
#8774=CARTESIAN_POINT('',(-0.00373,-0.0138300074618737,0.00336241386109098));
#8775=CARTESIAN_POINT('',(-0.00373,-0.0138300074618737,0.00336241386109098));
#8776=CARTESIAN_POINT('',(-0.00373,-0.0135300074618737,0.00336241386109098));
#8777=CARTESIAN_POINT('',(-0.0100544054705516,-0.0138300074618737,0.00336241386109098));
#8778=CARTESIAN_POINT('',(-0.0100544054705516,-0.0138300074618737,0.00336241386109098));
#8779=CARTESIAN_POINT('',(-0.0058,-0.0138300074618737,0.00336241386109098));
#8780=CARTESIAN_POINT('',(-0.0213814522646422,-0.0138300074618737,0.00336241386109098));
#8781=CARTESIAN_POINT('',(0.0209974859783798,0.0165331895099903,0.0243988183427272));
#8782=CARTESIAN_POINT('',(-0.00994953314819515,0.00120562741580974,0.00730094888806343));
#8783=CARTESIAN_POINT('',(-0.01575,-0.0194444444444445,1.38050658413677E-29));
#8784=CARTESIAN_POINT('',(-0.009605,-0.0194444444444445,1.38050658413677E-29));
#8785=CARTESIAN_POINT('',(-0.009605,-0.0194444444444445,0.00158));
#8786=CARTESIAN_POINT('',(-0.009605,-0.0194444444444445,4.60168861378923E-30));
#8787=CARTESIAN_POINT('',(-0.025,-0.0194444444444445,1.38050658413677E-29));
#8788=CARTESIAN_POINT('',(-0.0065,-0.0194444444444445,1.38050658413677E-29));
#8789=CARTESIAN_POINT('',(-0.0065,-0.0194444444444445,1.38050658413677E-29));
#8790=CARTESIAN_POINT('',(-0.0065,-0.0194444444444445,0.00158));
#8791=CARTESIAN_POINT('',(-0.025,-0.0194444444444445,0.00158));
#8792=CARTESIAN_POINT('',(-0.0065,-0.0118744444444445,1.38050658413677E-29));
#8793=CARTESIAN_POINT('',(-0.0065,-0.0194444444444445,0.00158));
#8794=CARTESIAN_POINT('',(-0.0065,-0.00430444444444445,0.00158));
#8795=CARTESIAN_POINT('',(-0.0065,-0.0194444444444445,1.38050658413677E-29));
#8796=CARTESIAN_POINT('',(-0.0065,-0.00430444444444445,1.38050658413677E-29));
#8797=CARTESIAN_POINT('',(-0.0065,-0.00430444444444445,1.38050658413677E-29));
#8798=CARTESIAN_POINT('',(-0.01575,-0.00430444444444445,1.38050658413677E-29));
#8799=CARTESIAN_POINT('',(-0.009605,-0.00430444444444445,0.000789999999999991));
#8800=CARTESIAN_POINT('',(-0.009605,-0.00430444444444444,0.));
#8801=CARTESIAN_POINT('',(-0.009605,-0.00430444444444445,0.00158));
#8802=CARTESIAN_POINT('',(-0.0065,-0.00430444444444445,0.00158));
#8803=CARTESIAN_POINT('',(-0.0065,-0.00430444444444445,1.38050658413677E-29));
#8804=CARTESIAN_POINT('',(-0.025,-0.0118744444444445,1.38050658413677E-29));
#8805=CARTESIAN_POINT('',(-0.025,-0.00430444444444445,0.00158));
#8806=CARTESIAN_POINT('',(-0.025,-0.0194444444444445,0.00158));
#8807=CARTESIAN_POINT('',(-0.025,-0.00430444444444445,0.00158));
#8808=CARTESIAN_POINT('',(-0.025,-0.00430444444444445,1.38050658413677E-29));
#8809=CARTESIAN_POINT('',(-0.025,-0.00430444444444445,1.38050658413677E-29));
#8810=CARTESIAN_POINT('',(-0.025,-0.00430444444444445,1.38050658413677E-29));
#8811=CARTESIAN_POINT('',(-0.025,-0.0194444444444445,1.38050658413677E-29));
#8812=CARTESIAN_POINT('',(-0.025,-0.0194444444444445,1.38050658413677E-29));
#8813=CARTESIAN_POINT('',(-0.01575,-0.0194444444444445,1.38050658413677E-29));
#8814=CARTESIAN_POINT('',(-0.021895,-0.0194444444444445,1.38050658413677E-29));
#8815=CARTESIAN_POINT('',(-0.021895,-0.0194444444444445,4.60168861378923E-30));
#8816=CARTESIAN_POINT('',(-0.021895,-0.0194444444444445,0.00158));
#8817=CARTESIAN_POINT('',(-0.025,-0.0194444444444445,0.00158));
#8818=CARTESIAN_POINT('',(-0.025,-0.0194444444444445,1.38050658413677E-29));
#8819=CARTESIAN_POINT('',(-0.01575,-0.0118744444444445,1.38050658413677E-29));
#8820=CARTESIAN_POINT('',(-0.009605,-0.00862694444444445,0.));
#8821=CARTESIAN_POINT('',(-0.009605,-0.00645444444444444,0.));
#8822=CARTESIAN_POINT('',(-0.009605,-0.0118744444444445,1.38050658413677E-29));
#8823=CARTESIAN_POINT('',(-0.009605,-0.0172944444444445,0.));
#8824=CARTESIAN_POINT('',(-0.01575,-0.0172944444444445,0.));
#8825=CARTESIAN_POINT('',(-0.021895,-0.0172944444444445,0.));
#8826=CARTESIAN_POINT('',(-0.021895,-0.0118744444444445,1.38050658413677E-29));
#8827=CARTESIAN_POINT('',(-0.0065,-0.00430444444444445,1.38050658413677E-29));
#8828=CARTESIAN_POINT('',(-0.021895,-0.00430444444444444,0.));
#8829=CARTESIAN_POINT('',(-0.021895,-0.00862694444444445,0.));
#8830=CARTESIAN_POINT('',(-0.021895,-0.00645444444444444,0.));
#8831=CARTESIAN_POINT('',(-0.01575,-0.00645444444444444,0.));
#8832=CARTESIAN_POINT('',(-0.0080525,-0.0178744444444445,1.99840144432528E-17));
#8833=CARTESIAN_POINT('',(-0.0073025,-0.0178744444444445,1.99840144432528E-17));
#8834=CARTESIAN_POINT('',(-0.0080525,-0.00587444444444445,-2.1094237467878E-17));
#8835=CARTESIAN_POINT('',(-0.0073025,-0.00587444444444445,-2.1094237467878E-17));
#8836=CARTESIAN_POINT('',(-0.0234475,-0.0178744444444445,1.99840144432528E-17));
#8837=CARTESIAN_POINT('',(-0.0241975,-0.0178744444444445,1.99840144432528E-17));
#8838=CARTESIAN_POINT('',(-0.0234475,-0.00587444444444445,-2.1094237467878E-17));
#8839=CARTESIAN_POINT('',(-0.0241975,-0.00587444444444445,-2.1094237467878E-17));
#8840=CARTESIAN_POINT('',(-0.009605,-0.00537944444444445,0.00158));
#8841=CARTESIAN_POINT('',(-0.009605,-0.0118744444444445,0.00158));
#8842=CARTESIAN_POINT('',(-0.009605,-0.0172944444444445,0.00157999999999998));
#8843=CARTESIAN_POINT('',(-0.009605,-0.0172944444444445,0.00158));
#8844=CARTESIAN_POINT('',(-0.021895,-0.00537944444444445,0.00158));
#8845=CARTESIAN_POINT('',(-0.021895,-0.0172944444444445,0.00158));
#8846=CARTESIAN_POINT('',(-0.021895,-0.0172944444444445,0.00157999999999998));
#8847=CARTESIAN_POINT('',(-0.021895,-0.0118744444444445,0.00158));
#8848=CARTESIAN_POINT('',(-0.01575,-0.0172944444444445,0.00158));
#8849=CARTESIAN_POINT('',(-0.01575,-0.0172944444444445,0.00158));
#8850=CARTESIAN_POINT('',(-0.01575,-0.00430444444444445,1.38050658413677E-29));
#8851=CARTESIAN_POINT('',(-0.021895,-0.00430444444444445,0.000789999999999991));
#8852=CARTESIAN_POINT('',(-0.021895,-0.00430444444444445,0.00158));
#8853=CARTESIAN_POINT('',(-0.0065,-0.00430444444444445,0.00158));
#8854=CARTESIAN_POINT('',(-0.01575,-0.0118744444444445,0.00158));
#8855=CARTESIAN_POINT('',(-0.009605,-0.00862694444444445,0.00158));
#8856=CARTESIAN_POINT('',(-0.009605,-0.00645444444444445,0.00158));
#8857=CARTESIAN_POINT('',(-0.01575,-0.00645444444444445,0.00158));
#8858=CARTESIAN_POINT('',(-0.021895,-0.00645444444444445,0.00158));
#8859=CARTESIAN_POINT('',(-0.021895,-0.00862694444444445,0.00158));
#8860=CARTESIAN_POINT('',(-0.0080525,-0.0178744444444445,0.00158));
#8861=CARTESIAN_POINT('',(-0.0073025,-0.0178744444444445,0.00158));
#8862=CARTESIAN_POINT('',(-0.0080525,-0.00587444444444445,0.00158));
#8863=CARTESIAN_POINT('',(-0.0073025,-0.00587444444444445,0.00158));
#8864=CARTESIAN_POINT('',(-0.0234475,-0.0178744444444445,0.00158));
#8865=CARTESIAN_POINT('',(-0.0241975,-0.0178744444444445,0.00158));
#8866=CARTESIAN_POINT('',(-0.0234475,-0.00587444444444445,0.00158));
#8867=CARTESIAN_POINT('',(-0.0241975,-0.00587444444444445,0.00158));
#8868=CARTESIAN_POINT('',(-0.01575,-0.00645444444444445,0.00158));
#8869=CARTESIAN_POINT('',(-0.021895,-0.00645444444444445,0.00158));
#8870=CARTESIAN_POINT('',(-0.009605,-0.00645444444444445,0.00158));
#8871=CARTESIAN_POINT('',(-0.009605,-0.00537944444444445,0.00158));
#8872=CARTESIAN_POINT('',(-0.021895,-0.00537944444444445,0.00158));
#8873=CARTESIAN_POINT('',(-0.0234475,-0.00587444444444445,0.00158));
#8874=CARTESIAN_POINT('',(-0.0234475,-0.0178744444444445,0.00158));
#8875=CARTESIAN_POINT('',(-0.0080525,-0.00587444444444445,0.00158));
#8876=CARTESIAN_POINT('',(-0.0080525,-0.0178744444444445,0.00158));
#8877=CARTESIAN_POINT('',(0.0209974859783798,0.0165331895099903,0.0243988183427272));
#8878=CARTESIAN_POINT('',(-4.33680868994202E-19,-0.015,-8.67361737988404E-19));
#8879=CARTESIAN_POINT('',(-4.33680868994202E-19,0.,-8.67361737988404E-19));
#8880=CARTESIAN_POINT('',(-0.0033166247903554,0.,0.005));
#8881=CARTESIAN_POINT('',(-0.0033166247903554,0.,-0.005));
#8882=CARTESIAN_POINT('',(-0.0033166247903554,-0.015,-0.005));
#8883=CARTESIAN_POINT('',(-0.0033166247903554,-0.015,-0.005));
#8884=CARTESIAN_POINT('',(-4.33680868994202E-19,-0.015,-8.67361737988404E-19));
#8885=CARTESIAN_POINT('',(-0.0033166247903554,-0.015,0.005));
#8886=CARTESIAN_POINT('',(-0.0033166247903554,-0.015,0.005));
#8887=CARTESIAN_POINT('',(4.33680868994202E-19,-0.015,-0.005));
#8888=CARTESIAN_POINT('',(4.33680868994202E-19,0.,-0.005));
#8889=CARTESIAN_POINT('',(0.0033166247903554,0.,-0.005));
#8890=CARTESIAN_POINT('',(0.0033166247903554,-0.015,-0.005));
#8891=CARTESIAN_POINT('',(0.0033166247903554,-0.015,-0.005));
#8892=CARTESIAN_POINT('',(4.33680868994202E-19,-0.015,-0.005));
#8893=CARTESIAN_POINT('',(1.7347234759768E-18,-0.015,4.33680868994202E-19));
#8894=CARTESIAN_POINT('',(1.7347234759768E-18,0.,4.33680868994202E-19));
#8895=CARTESIAN_POINT('',(0.0033166247903554,0.,0.005));
#8896=CARTESIAN_POINT('',(0.0033166247903554,-0.015,0.005));
#8897=CARTESIAN_POINT('',(0.0033166247903554,-0.015,0.005));
#8898=CARTESIAN_POINT('',(1.7347234759768E-18,-0.015,4.33680868994202E-19));
#8899=CARTESIAN_POINT('',(0.,-0.015,0.005));
#8900=CARTESIAN_POINT('',(0.,0.,0.005));
#8901=CARTESIAN_POINT('',(0.,-0.015,0.005));
#8902=CARTESIAN_POINT('',(0.,-0.015,0.));
#8903=CARTESIAN_POINT('',(0.,-0.015,1.22464679914735E-19));
#8904=CARTESIAN_POINT('',(0.,-0.015,-0.002));
#8905=CARTESIAN_POINT('',(0.,0.,0.));
#8906=CARTESIAN_POINT('',(0.,0.,1.53080849893419E-19));
#8907=CARTESIAN_POINT('',(0.,0.,0.0025));
#8908=CARTESIAN_POINT('',(0.,-0.0154,1.22464679914735E-19));
#8909=CARTESIAN_POINT('',(0.,-0.0154,1.22464679914735E-19));
#8910=CARTESIAN_POINT('',(0.,-0.0154,-0.002));
#8911=CARTESIAN_POINT('',(0.,-0.0154,0.));
#8912=CARTESIAN_POINT('',(0.,-0.0154,2.44929359829471E-20));
#8913=CARTESIAN_POINT('',(0.,-0.0154,-0.0004));
#8914=CARTESIAN_POINT('',(0.,-0.0206,2.44929359829471E-20));
#8915=CARTESIAN_POINT('',(0.,-0.0206,2.44929359829471E-20));
#8916=CARTESIAN_POINT('',(0.,-0.0206,-0.0004));
#8917=CARTESIAN_POINT('',(0.,-0.0206,0.));
#8918=CARTESIAN_POINT('',(0.,0.001,1.53080849893419E-19));
#8919=CARTESIAN_POINT('',(0.,0.001,1.53080849893419E-19));
#8920=CARTESIAN_POINT('',(0.,0.001,0.0025));
#8921=CARTESIAN_POINT('',(0.,0.001,0.));
#8922=CARTESIAN_POINT('',(0.,0.001,2.44929359829471E-20));
#8923=CARTESIAN_POINT('',(0.,0.001,0.0004));
#8924=CARTESIAN_POINT('',(0.,0.0075,2.44929359829471E-20));
#8925=CARTESIAN_POINT('',(0.,0.0075,2.44929359829471E-20));
#8926=CARTESIAN_POINT('',(0.,0.0075,0.0004));
#8927=CARTESIAN_POINT('',(0.,0.0075,0.));
#8928=CARTESIAN_POINT('',(-0.00109959810785951,0.0437925151683157,0.00850094888806343));
#8929=MECHANICAL_DESIGN_GEOMETRIC_PRESENTATION_REPRESENTATION('',(#5021,
#5022,#5023,#5024,#5025,#5026,#5027,#5028,#5029,#5030,#5031,#5032),#8930);
#8930=(
GEOMETRIC_REPRESENTATION_CONTEXT(3)
GLOBAL_UNCERTAINTY_ASSIGNED_CONTEXT((#8943))
GLOBAL_UNIT_ASSIGNED_CONTEXT((#8958,#8957,#8956))
REPRESENTATION_CONTEXT('Assembly 1 Copy 1','TOP_LEVEL_ASSEMBLY_PART')
);
#8931=(
GEOMETRIC_REPRESENTATION_CONTEXT(3)
GLOBAL_UNCERTAINTY_ASSIGNED_CONTEXT((#8944))
GLOBAL_UNIT_ASSIGNED_CONTEXT((#8958,#8957,#8956))
REPRESENTATION_CONTEXT('Part 1','COMPONENT_PART')
);
#8932=(
GEOMETRIC_REPRESENTATION_CONTEXT(3)
GLOBAL_UNCERTAINTY_ASSIGNED_CONTEXT((#8945))
GLOBAL_UNIT_ASSIGNED_CONTEXT((#8958,#8957,#8956))
REPRESENTATION_CONTEXT('5','COMPONENT_PART')
);
#8933=(
GEOMETRIC_REPRESENTATION_CONTEXT(3)
GLOBAL_UNCERTAINTY_ASSIGNED_CONTEXT((#8946))
GLOBAL_UNIT_ASSIGNED_CONTEXT((#8958,#8957,#8956))
REPRESENTATION_CONTEXT('Part 1','COMPONENT_PART')
);
#8934=(
GEOMETRIC_REPRESENTATION_CONTEXT(3)
GLOBAL_UNCERTAINTY_ASSIGNED_CONTEXT((#8947))
GLOBAL_UNIT_ASSIGNED_CONTEXT((#8958,#8957,#8956))
REPRESENTATION_CONTEXT('Part 1','COMPONENT_PART')
);
#8935=(
GEOMETRIC_REPRESENTATION_CONTEXT(3)
GLOBAL_UNCERTAINTY_ASSIGNED_CONTEXT((#8948))
GLOBAL_UNIT_ASSIGNED_CONTEXT((#8958,#8957,#8956))
REPRESENTATION_CONTEXT('Part 1','COMPONENT_PART')
);
#8936=(
GEOMETRIC_REPRESENTATION_CONTEXT(3)
GLOBAL_UNCERTAINTY_ASSIGNED_CONTEXT((#8949))
GLOBAL_UNIT_ASSIGNED_CONTEXT((#8958,#8957,#8956))
REPRESENTATION_CONTEXT('2','COMPONENT_PART')
);
#8937=(
GEOMETRIC_REPRESENTATION_CONTEXT(3)
GLOBAL_UNCERTAINTY_ASSIGNED_CONTEXT((#8950))
GLOBAL_UNIT_ASSIGNED_CONTEXT((#8958,#8957,#8956))
REPRESENTATION_CONTEXT('Part 2','COMPONENT_PART')
);
#8938=(
GEOMETRIC_REPRESENTATION_CONTEXT(3)
GLOBAL_UNCERTAINTY_ASSIGNED_CONTEXT((#8951))
GLOBAL_UNIT_ASSIGNED_CONTEXT((#8958,#8957,#8956))
REPRESENTATION_CONTEXT('4','COMPONENT_PART')
);
#8939=(
GEOMETRIC_REPRESENTATION_CONTEXT(3)
GLOBAL_UNCERTAINTY_ASSIGNED_CONTEXT((#8952))
GLOBAL_UNIT_ASSIGNED_CONTEXT((#8958,#8957,#8956))
REPRESENTATION_CONTEXT('Part 1','COMPONENT_PART')
);
#8940=(
GEOMETRIC_REPRESENTATION_CONTEXT(3)
GLOBAL_UNCERTAINTY_ASSIGNED_CONTEXT((#8953))
GLOBAL_UNIT_ASSIGNED_CONTEXT((#8958,#8957,#8956))
REPRESENTATION_CONTEXT('3','COMPONENT_PART')
);
#8941=(
GEOMETRIC_REPRESENTATION_CONTEXT(3)
GLOBAL_UNCERTAINTY_ASSIGNED_CONTEXT((#8954))
GLOBAL_UNIT_ASSIGNED_CONTEXT((#8958,#8957,#8956))
REPRESENTATION_CONTEXT('1','COMPONENT_PART')
);
#8942=(
GEOMETRIC_REPRESENTATION_CONTEXT(3)
GLOBAL_UNCERTAINTY_ASSIGNED_CONTEXT((#8955))
GLOBAL_UNIT_ASSIGNED_CONTEXT((#8958,#8957,#8956))
REPRESENTATION_CONTEXT('Part 1','COMPONENT_PART')
);
#8943=UNCERTAINTY_MEASURE_WITH_UNIT(LENGTH_MEASURE(1.E-8),#8958,
'DISTANCE_ACCURACY_VALUE','Maximum Tolerance applied to model');
#8944=UNCERTAINTY_MEASURE_WITH_UNIT(LENGTH_MEASURE(2.E-5),#8958,
'DISTANCE_ACCURACY_VALUE','Maximum Tolerance applied to model');
#8945=UNCERTAINTY_MEASURE_WITH_UNIT(LENGTH_MEASURE(1.E-6),#8958,
'DISTANCE_ACCURACY_VALUE','Maximum Tolerance applied to model');
#8946=UNCERTAINTY_MEASURE_WITH_UNIT(LENGTH_MEASURE(1.E-8),#8958,
'DISTANCE_ACCURACY_VALUE','Maximum Tolerance applied to model');
#8947=UNCERTAINTY_MEASURE_WITH_UNIT(LENGTH_MEASURE(2.41711479795436E-5),
#8958,'DISTANCE_ACCURACY_VALUE','Maximum Tolerance applied to model');
#8948=UNCERTAINTY_MEASURE_WITH_UNIT(LENGTH_MEASURE(1.E-8),#8958,
'DISTANCE_ACCURACY_VALUE','Maximum Tolerance applied to model');
#8949=UNCERTAINTY_MEASURE_WITH_UNIT(LENGTH_MEASURE(1.E-6),#8958,
'DISTANCE_ACCURACY_VALUE','Maximum Tolerance applied to model');
#8950=UNCERTAINTY_MEASURE_WITH_UNIT(LENGTH_MEASURE(2.E-5),#8958,
'DISTANCE_ACCURACY_VALUE','Maximum Tolerance applied to model');
#8951=UNCERTAINTY_MEASURE_WITH_UNIT(LENGTH_MEASURE(1.E-6),#8958,
'DISTANCE_ACCURACY_VALUE','Maximum Tolerance applied to model');
#8952=UNCERTAINTY_MEASURE_WITH_UNIT(LENGTH_MEASURE(2.27753940985902E-5),
#8958,'DISTANCE_ACCURACY_VALUE','Maximum Tolerance applied to model');
#8953=UNCERTAINTY_MEASURE_WITH_UNIT(LENGTH_MEASURE(1.E-8),#8958,
'DISTANCE_ACCURACY_VALUE','Maximum Tolerance applied to model');
#8954=UNCERTAINTY_MEASURE_WITH_UNIT(LENGTH_MEASURE(1.E-6),#8958,
'DISTANCE_ACCURACY_VALUE','Maximum Tolerance applied to model');
#8955=UNCERTAINTY_MEASURE_WITH_UNIT(LENGTH_MEASURE(1.E-8),#8958,
'DISTANCE_ACCURACY_VALUE','Maximum Tolerance applied to model');
#8956=(
NAMED_UNIT(*)
SI_UNIT($,.STERADIAN.)
SOLID_ANGLE_UNIT()
);
#8957=(
NAMED_UNIT(*)
PLANE_ANGLE_UNIT()
SI_UNIT($,.RADIAN.)
);
#8958=(
LENGTH_UNIT()
NAMED_UNIT(*)
SI_UNIT($,.METRE.)
);
#8959=PRODUCT_DEFINITION_SHAPE('','',#8986);
#8960=PRODUCT_DEFINITION_SHAPE('','',#8987);
#8961=PRODUCT_DEFINITION_SHAPE(' ','NAUO PRDDFN',#26);
#8962=PRODUCT_DEFINITION_SHAPE('','',#8988);
#8963=PRODUCT_DEFINITION_SHAPE(' ','NAUO PRDDFN',#27);
#8964=PRODUCT_DEFINITION_SHAPE('','',#8989);
#8965=PRODUCT_DEFINITION_SHAPE(' ','NAUO PRDDFN',#28);
#8966=PRODUCT_DEFINITION_SHAPE('','',#8990);
#8967=PRODUCT_DEFINITION_SHAPE(' ','NAUO PRDDFN',#29);
#8968=PRODUCT_DEFINITION_SHAPE(' ','NAUO PRDDFN',#30);
#8969=PRODUCT_DEFINITION_SHAPE('','',#8991);
#8970=PRODUCT_DEFINITION_SHAPE(' ','NAUO PRDDFN',#31);
#8971=PRODUCT_DEFINITION_SHAPE('','',#8992);
#8972=PRODUCT_DEFINITION_SHAPE(' ','NAUO PRDDFN',#32);
#8973=PRODUCT_DEFINITION_SHAPE('','',#8993);
#8974=PRODUCT_DEFINITION_SHAPE(' ','NAUO PRDDFN',#33);
#8975=PRODUCT_DEFINITION_SHAPE('','',#8994);
#8976=PRODUCT_DEFINITION_SHAPE(' ','NAUO PRDDFN',#34);
#8977=PRODUCT_DEFINITION_SHAPE('','',#8995);
#8978=PRODUCT_DEFINITION_SHAPE(' ','NAUO PRDDFN',#35);
#8979=PRODUCT_DEFINITION_SHAPE('','',#8996);
#8980=PRODUCT_DEFINITION_SHAPE(' ','NAUO PRDDFN',#36);
#8981=PRODUCT_DEFINITION_SHAPE(' ','NAUO PRDDFN',#37);
#8982=PRODUCT_DEFINITION_SHAPE('','',#8997);
#8983=PRODUCT_DEFINITION_SHAPE(' ','NAUO PRDDFN',#38);
#8984=PRODUCT_DEFINITION_SHAPE('','',#8998);
#8985=PRODUCT_DEFINITION_SHAPE(' ','NAUO PRDDFN',#39);
#8986=PRODUCT_DEFINITION('','',#9012,#8999);
#8987=PRODUCT_DEFINITION('','',#9013,#9000);
#8988=PRODUCT_DEFINITION('','',#9014,#9001);
#8989=PRODUCT_DEFINITION('','',#9015,#9002);
#8990=PRODUCT_DEFINITION('','',#9016,#9003);
#8991=PRODUCT_DEFINITION('','',#9017,#9004);
#8992=PRODUCT_DEFINITION('','',#9018,#9005);
#8993=PRODUCT_DEFINITION('','',#9019,#9006);
#8994=PRODUCT_DEFINITION('','',#9020,#9007);
#8995=PRODUCT_DEFINITION('','',#9021,#9008);
#8996=PRODUCT_DEFINITION('','',#9022,#9009);
#8997=PRODUCT_DEFINITION('','',#9023,#9010);
#8998=PRODUCT_DEFINITION('','',#9024,#9011);
#8999=PRODUCT_DEFINITION_CONTEXT('',#9078,'design');
#9000=PRODUCT_DEFINITION_CONTEXT('',#9078,'design');
#9001=PRODUCT_DEFINITION_CONTEXT('',#9078,'design');
#9002=PRODUCT_DEFINITION_CONTEXT('',#9078,'design');
#9003=PRODUCT_DEFINITION_CONTEXT('',#9078,'design');
#9004=PRODUCT_DEFINITION_CONTEXT('',#9078,'design');
#9005=PRODUCT_DEFINITION_CONTEXT('',#9078,'design');
#9006=PRODUCT_DEFINITION_CONTEXT('',#9078,'design');
#9007=PRODUCT_DEFINITION_CONTEXT('',#9078,'design');
#9008=PRODUCT_DEFINITION_CONTEXT('',#9078,'design');
#9009=PRODUCT_DEFINITION_CONTEXT('',#9078,'design');
#9010=PRODUCT_DEFINITION_CONTEXT('',#9078,'design');
#9011=PRODUCT_DEFINITION_CONTEXT('',#9078,'design');
#9012=PRODUCT_DEFINITION_FORMATION_WITH_SPECIFIED_SOURCE('','',#9038,
 .NOT_KNOWN.);
#9013=PRODUCT_DEFINITION_FORMATION_WITH_SPECIFIED_SOURCE('','',#9039,
 .NOT_KNOWN.);
#9014=PRODUCT_DEFINITION_FORMATION_WITH_SPECIFIED_SOURCE('','',#9040,
 .NOT_KNOWN.);
#9015=PRODUCT_DEFINITION_FORMATION_WITH_SPECIFIED_SOURCE('','',#9041,
 .NOT_KNOWN.);
#9016=PRODUCT_DEFINITION_FORMATION_WITH_SPECIFIED_SOURCE('','',#9042,
 .NOT_KNOWN.);
#9017=PRODUCT_DEFINITION_FORMATION_WITH_SPECIFIED_SOURCE('','',#9043,
 .NOT_KNOWN.);
#9018=PRODUCT_DEFINITION_FORMATION_WITH_SPECIFIED_SOURCE('','',#9044,
 .NOT_KNOWN.);
#9019=PRODUCT_DEFINITION_FORMATION_WITH_SPECIFIED_SOURCE('','',#9045,
 .NOT_KNOWN.);
#9020=PRODUCT_DEFINITION_FORMATION_WITH_SPECIFIED_SOURCE('','',#9046,
 .NOT_KNOWN.);
#9021=PRODUCT_DEFINITION_FORMATION_WITH_SPECIFIED_SOURCE('','',#9047,
 .NOT_KNOWN.);
#9022=PRODUCT_DEFINITION_FORMATION_WITH_SPECIFIED_SOURCE('','',#9048,
 .NOT_KNOWN.);
#9023=PRODUCT_DEFINITION_FORMATION_WITH_SPECIFIED_SOURCE('','',#9049,
 .NOT_KNOWN.);
#9024=PRODUCT_DEFINITION_FORMATION_WITH_SPECIFIED_SOURCE('','',#9050,
 .NOT_KNOWN.);
#9025=PRODUCT_RELATED_PRODUCT_CATEGORY('','',(#9038));
#9026=PRODUCT_RELATED_PRODUCT_CATEGORY('','',(#9039));
#9027=PRODUCT_RELATED_PRODUCT_CATEGORY('','',(#9040));
#9028=PRODUCT_RELATED_PRODUCT_CATEGORY('','',(#9041));
#9029=PRODUCT_RELATED_PRODUCT_CATEGORY('','',(#9042));
#9030=PRODUCT_RELATED_PRODUCT_CATEGORY('','',(#9043));
#9031=PRODUCT_RELATED_PRODUCT_CATEGORY('','',(#9044));
#9032=PRODUCT_RELATED_PRODUCT_CATEGORY('','',(#9045));
#9033=PRODUCT_RELATED_PRODUCT_CATEGORY('','',(#9046));
#9034=PRODUCT_RELATED_PRODUCT_CATEGORY('','',(#9047));
#9035=PRODUCT_RELATED_PRODUCT_CATEGORY('','',(#9048));
#9036=PRODUCT_RELATED_PRODUCT_CATEGORY('','',(#9049));
#9037=PRODUCT_RELATED_PRODUCT_CATEGORY('','',(#9050));
#9038=PRODUCT('Assembly 1 Copy 1','Assembly 1 Copy 1',
'Assembly 1 Copy 1',(#9064));
#9039=PRODUCT('Part 1','Part 1','Part 1',(#9065));
#9040=PRODUCT('5','5','5',(#9066));
#9041=PRODUCT('Part 1','Part 1','Part 1',(#9067));
#9042=PRODUCT('Part 1','Part 1','Part 1',(#9068));
#9043=PRODUCT('Part 1','Part 1','Part 1',(#9069));
#9044=PRODUCT('2','2','2',(#9070));
#9045=PRODUCT('Part 2','Part 2','Part 2',(#9071));
#9046=PRODUCT('4','4','4',(#9072));
#9047=PRODUCT('Part 1','Part 1','Part 1',(#9073));
#9048=PRODUCT('3','3','3',(#9074));
#9049=PRODUCT('1','1','1',(#9075));
#9050=PRODUCT('Part 1','Part 1','Part 1',(#9076));
#9051=PRODUCT_CATEGORY('','');
#9052=PRODUCT_CATEGORY('','');
#9053=PRODUCT_CATEGORY('','');
#9054=PRODUCT_CATEGORY('','');
#9055=PRODUCT_CATEGORY('','');
#9056=PRODUCT_CATEGORY('','');
#9057=PRODUCT_CATEGORY('','');
#9058=PRODUCT_CATEGORY('','');
#9059=PRODUCT_CATEGORY('','');
#9060=PRODUCT_CATEGORY('','');
#9061=PRODUCT_CATEGORY('','');
#9062=PRODUCT_CATEGORY('','');
#9063=PRODUCT_CATEGORY('','');
#9064=PRODUCT_CONTEXT('',#9078,'mechanical');
#9065=PRODUCT_CONTEXT('',#9078,'mechanical');
#9066=PRODUCT_CONTEXT('',#9078,'mechanical');
#9067=PRODUCT_CONTEXT('',#9078,'mechanical');
#9068=PRODUCT_CONTEXT('',#9078,'mechanical');
#9069=PRODUCT_CONTEXT('',#9078,'mechanical');
#9070=PRODUCT_CONTEXT('',#9078,'mechanical');
#9071=PRODUCT_CONTEXT('',#9078,'mechanical');
#9072=PRODUCT_CONTEXT('',#9078,'mechanical');
#9073=PRODUCT_CONTEXT('',#9078,'mechanical');
#9074=PRODUCT_CONTEXT('',#9078,'mechanical');
#9075=PRODUCT_CONTEXT('',#9078,'mechanical');
#9076=PRODUCT_CONTEXT('',#9078,'mechanical');
#9077=APPLICATION_PROTOCOL_DEFINITION('international standard',
'ap242_managed_model_based_3d_engineering',2020,#9078);
#9078=APPLICATION_CONTEXT('managed model based 3d engineering');
ENDSEC;
END-ISO-10303-21;
